"File","Line","Kind","Name","Value","Text"
"1.6\Source\WRace\bondageclothes束具的编程\奴隶服装的自定义属性类SlaveApperalDef.cs","16","FieldOrLocalAssignment","equipped_hediff","null","public HediffDef equipped_hediff = null;"
"1.6\Source\WRace\bondageclothes束具的编程\奴隶服装的自定义属性类SlaveApperalDef.cs","18","FieldOrLocalAssignment","gives_bound_moodlet","false","public bool gives_bound_moodlet = false;"
"1.6\Source\WRace\bondageclothes束具的编程\奴隶服装的自定义属性类SlaveApperalDef.cs","20","FieldOrLocalAssignment","gives_gagged_moodlet","false","public bool gives_gagged_moodlet = false;"
"1.6\Source\WRace\bondageclothes束具的编程\奴隶服装的自定义属性类SlaveApperalDef.cs","22","FieldOrLocalAssignment","blocks_hands","false","public bool blocks_hands = false;"
"1.6\Source\WRace\bondageclothes束具的编程\奴隶服装的自定义属性类SlaveApperalDef.cs","23","FieldOrLocalAssignment","blocks_oral","false","public bool blocks_oral = false;"
"1.6\Source\WRace\bondageclothes束具的编程\奴隶服装的自定义属性类SlaveApperalDef.cs","24","FieldOrLocalAssignment","blocks_penis","false","public bool blocks_penis = false;"
"1.6\Source\WRace\bondageclothes束具的编程\奴隶服装的自定义属性类SlaveApperalDef.cs","25","FieldOrLocalAssignment","blocks_vagina","false","public bool blocks_vagina = false;"
"1.6\Source\WRace\bondageclothes束具的编程\奴隶服装的自定义属性类SlaveApperalDef.cs","26","FieldOrLocalAssignment","blocks_anus","false","public bool blocks_anus = false;"
"1.6\Source\WRace\bondageclothes束具的编程\奴隶服装的自定义属性类SlaveApperalDef.cs","27","FieldOrLocalAssignment","blocks_breasts","false","public bool blocks_breasts = false;"
"1.6\Source\WRace\bondageclothes束具的编程\奴隶服装的自定义属性类SlaveApperalDef.cs","30","FieldOrLocalAssignment","unlockTick","100","public int unlockTick = 100;"
"1.6\Source\WRace\bondageclothes束具的编程\奴隶服装的自定义属性类SlaveApperalDef.cs","30","NumericLiteral","","100","public int unlockTick = 100;"
"1.6\Source\WRace\bondageclothes束具的编程\奴隶服装的自定义属性类SlaveApperalDef.cs","32","FieldOrLocalAssignment","needkeynumber","2","public int needkeynumber = 2;"
"1.6\Source\WRace\bondageclothes束具的编程\奴隶服装的自定义属性类SlaveApperalDef.cs","32","NumericLiteral","","2","public int needkeynumber = 2;"
"1.6\Source\WRace\bondageclothes束具的编程\奴隶服装的自定义属性类SlaveApperalDef.cs","34","FieldOrLocalAssignment","keytype","null","public ThingDef keytype = null;"
"1.6\Source\WRace\bondageclothes束具的编程\奴隶服装的自定义属性类SlaveApperalDef.cs","50","FieldOrLocalAssignment","isLocked","true","public bool isLocked = true;"
"1.6\Source\WRace\bondageclothes束具的编程\奴隶服装的自定义属性类SlaveApperalDef.cs","52","FieldOrLocalAssignment","SlaveDef","> this.def as SlaveApparelDef","public SlaveApparelDef SlaveDef => this.def as SlaveApparelDef;"
"1.6\Source\WRace\bondageclothes束具的编程\奴隶服装的自定义属性类SlaveApperalDef.cs","71","FieldOrLocalAssignment","slaveDef","this.def as SlaveApparelDef","var slaveDef = this.def as SlaveApparelDef;"
"1.6\Source\WRace\bondageclothes束具的编程\奴隶服装的自定义属性类SlaveApperalDef.cs","87","ScribeDefault","isLocked","false","Scribe_Values.Look(ref isLocked, ""isLocked"", false);"
"1.6\Source\WRace\bondageclothes束具的编程\奴隶服装的自定义属性类SlaveApperalDef.cs","93","FieldOrLocalAssignment","def","this.def as SlaveApparelDef","var def = this.def as SlaveApparelDef;"
"1.6\Source\WRace\bondageclothes束具的编程\奴隶服装的自定义属性类SlaveApperalDef.cs","101","FieldOrLocalAssignment","bodyParts","pawn.RaceProps.body.AllParts.FindAll(part => part.def == partDef)","List<BodyPartRecord> bodyParts = pawn.RaceProps.body.AllParts.FindAll(part => part.def == partDef);"
"1.6\Source\WRace\bondageclothes束具的编程\奴隶服装的自定义属性类SlaveApperalDef.cs","118","FieldOrLocalAssignment","def","this.def as SlaveApparelDef","var def = this.def as SlaveApparelDef;"
"1.6\Source\WRace\bondageclothes束具的编程\奴隶服装的自定义属性类SlaveApperalDef.cs","140","FieldOrLocalAssignment","stuff","this.Stuff ?? GenStuff.DefaultStuffFor(nextDef)","ThingDef stuff = this.Stuff ?? GenStuff.DefaultStuffFor(nextDef);"
"1.6\Source\WRace\bondageclothes束具的编程\奴隶服装的自定义属性类SlaveApperalDef.cs","141","FieldOrLocalAssignment","nextApparel","(Apparel)ThingMaker.MakeThing(nextDef, stuff)","Apparel nextApparel = (Apparel)ThingMaker.MakeThing(nextDef, stuff);"
"1.6\Source\WRace\bondageclothes束具的编程\奴隶服装的自定义属性类SlaveApperalDef.cs","157","NumericLiteral","","0","lockCount = 0;"
"1.6\Source\WRace\bondageclothes束具的编程\奴隶服装的自定义属性类SlaveApperalDef.cs","159","MessageOrLog","","","Messages.Message($""已开发者解锁：{Wearer.LabelShortCap} 的 {LabelCap}"", Wearer, MessageTypeDefOf.PositiveEvent);"
"1.6\Source\WRace\bondageclothes束具的编程\奴隶服装的自定义属性类SlaveApperalDef.cs","167","FieldOrLocalAssignment","isCracked","false","private bool isCracked = false;"
"1.6\Source\WRace\bondageclothes束具的编程\奴隶服装的自定义属性类SlaveApperalDef.cs","180","TranslateKey","","MooGirl.SlaveApparelCracked","Messages.Message($""{this.Wearer.LabelShortCap} {""MooGirl.SlaveApparelCracked"".Translate()}"", this.Wearer, MessageTypeDefOf.PositiveEvent);"
"1.6\Source\WRace\bondageclothes束具的编程\奴隶服装的自定义属性类SlaveApperalDef.cs","180","MessageOrLog","","","Messages.Message($""{this.Wearer.LabelShortCap} {""MooGirl.SlaveApparelCracked"".Translate()}"", this.Wearer, MessageTypeDefOf.PositiveEvent);"
"1.6\Source\WRace\bondageclothes束具的编程\奴隶服装的自定义属性类SlaveApperalDef.cs","189","ScribeDefault","isCracked","false","Scribe_Values.Look(ref isCracked, ""isCracked"", false);"
"1.6\Source\WRace\bondageclothes束具的编程\奴隶服装的自定义属性类SlaveApperalDef.cs","197","FieldOrLocalAssignment","label","base.LabelNoCount","string label = base.LabelNoCount;"
"1.6\Source\WRace\bondageclothes束具的编程\奴隶服装的自定义属性类SlaveApperalDef.cs","198","TranslateKey","","MooGirl.Cracked","label += IsCracked() ? $""（{""MooGirl.Cracked"".Translate()}）"" : $""（{""MooGirl.Uncracked"".Translate()}）"";"
"1.6\Source\WRace\bondageclothes束具的编程\奴隶服装的自定义属性类SlaveApperalDef.cs","198","TranslateKey","","MooGirl.Uncracked","label += IsCracked() ? $""（{""MooGirl.Cracked"".Translate()}）"" : $""（{""MooGirl.Uncracked"".Translate()}）"";"
"1.6\Source\WRace\bondageclothes束具的编程\奴隶服装的自定义属性类SlaveApperalDef.cs","210","TranslateKey","","MooGirl.CrackStatus","""MooGirl.CrackStatus"".Translate(),"
"1.6\Source\WRace\bondageclothes束具的编程\奴隶服装的自定义属性类SlaveApperalDef.cs","211","TranslateKey","","MooGirl.Cracked","IsCracked() ? ""MooGirl.Cracked"".Translate() : ""MooGirl.Uncracked"".Translate(),"
"1.6\Source\WRace\bondageclothes束具的编程\奴隶服装的自定义属性类SlaveApperalDef.cs","211","TranslateKey","","MooGirl.Uncracked","IsCracked() ? ""MooGirl.Cracked"".Translate() : ""MooGirl.Uncracked"".Translate(),"
"1.6\Source\WRace\bondageclothes束具的编程\奴隶服装的自定义属性类SlaveApperalDef.cs","212","TranslateKey","","MooGirl.CrackStatusDesc","""MooGirl.CrackStatusDesc"".Translate(),"
"1.6\Source\WRace\bondageclothes束具的编程\奴隶服装的自定义属性类SlaveApperalDef.cs","213","NumericLiteral","","999","999);"
"1.6\Source\WRace\bondageclothes束具的编程\奴隶服装的自定义属性类SlaveApperalDef.cs","219","FieldOrLocalAssignment","def","this.def as SlaveApparelDef","var def = this.def as SlaveApparelDef;"
"1.6\Source\WRace\bondageclothes束具的编程\奴隶服装的自定义属性类SlaveApperalDef.cs","227","FieldOrLocalAssignment","bodyParts","pawn.RaceProps.body.AllParts.FindAll(part => part.def == partDef)","List<BodyPartRecord> bodyParts = pawn.RaceProps.body.AllParts.FindAll(part => part.def == partDef);"
"1.6\Source\WRace\bondageclothes束具的编程\AdultContentControl.cs","12","FieldOrLocalAssignment","adultOnly","true","public bool adultOnly = true;"
"1.6\Source\WRace\bondageclothes束具的编程\AdultContentControl.cs","74","FieldOrLocalAssignment","AdultContentEnabled","> MooGirlMod.settings?.enableAdultContent ?? false","public static bool AdultContentEnabled => MooGirlMod.settings?.enableAdultContent ?? false;"
"1.6\Source\WRace\bondageclothes束具的编程\AdultContentControl.cs","83","FieldOrLocalAssignment","extension","def.GetModExtension<AdultContentExtension>()","AdultContentExtension extension = def.GetModExtension<AdultContentExtension>();"
"1.6\Source\WRace\bondageclothes束具的编程\AdultContentControl.cs","117","FieldOrLocalAssignment","maps","Current.Game.Maps","List<Map> maps = Current.Game.Maps;"
"1.6\Source\WRace\bondageclothes束具的编程\AdultContentControl.cs","118","NumericLiteral","","0","for (int i = 0; i < maps.Count; i++)"
"1.6\Source\WRace\bondageclothes束具的编程\AdultContentControl.cs","120","FieldOrLocalAssignment","map","maps[i]","Map map = maps[i];"
"1.6\Source\WRace\bondageclothes束具的编程\AdultContentControl.cs","121","FieldOrLocalAssignment","things","map.listerThings.AllThings.ToList()","List<Thing> things = map.listerThings.AllThings.ToList();"
"1.6\Source\WRace\bondageclothes束具的编程\AdultContentControl.cs","122","NumericLiteral","","1","for (int j = things.Count - 1; j >= 0; j--)"
"1.6\Source\WRace\bondageclothes束具的编程\AdultContentControl.cs","122","NumericLiteral","","0","for (int j = things.Count - 1; j >= 0; j--)"
"1.6\Source\WRace\bondageclothes束具的编程\AdultContentControl.cs","124","FieldOrLocalAssignment","thing","things[j]","Thing thing = things[j];"
"1.6\Source\WRace\bondageclothes束具的编程\AdultContentControl.cs","136","FieldOrLocalAssignment","pawns","map.mapPawns.AllPawnsSpawned.ToList()","List<Pawn> pawns = map.mapPawns.AllPawnsSpawned.ToList();"
"1.6\Source\WRace\bondageclothes束具的编程\AdultContentControl.cs","137","NumericLiteral","","0","for (int k = 0; k < pawns.Count; k++)"
"1.6\Source\WRace\bondageclothes束具的编程\AdultContentControl.cs","142","NumericLiteral","","1","for (int s = map.passingShipManager.passingShips.Count - 1; s >= 0; s--)"
"1.6\Source\WRace\bondageclothes束具的编程\AdultContentControl.cs","142","NumericLiteral","","0","for (int s = map.passingShipManager.passingShips.Count - 1; s >= 0; s--)"
"1.6\Source\WRace\bondageclothes束具的编程\AdultContentControl.cs","154","FieldOrLocalAssignment","caravans","Find.WorldObjects.Caravans","List<Caravan> caravans = Find.WorldObjects.Caravans;"
"1.6\Source\WRace\bondageclothes束具的编程\AdultContentControl.cs","155","NumericLiteral","","0","for (int i = 0; i < caravans.Count; i++)"
"1.6\Source\WRace\bondageclothes束具的编程\AdultContentControl.cs","157","FieldOrLocalAssignment","caravan","caravans[i]","Caravan caravan = caravans[i];"
"1.6\Source\WRace\bondageclothes束具的编程\AdultContentControl.cs","158","FieldOrLocalAssignment","pawns","caravan.PawnsListForReading.ToList()","List<Pawn> pawns = caravan.PawnsListForReading.ToList();"
"1.6\Source\WRace\bondageclothes束具的编程\AdultContentControl.cs","159","NumericLiteral","","0","for (int j = 0; j < pawns.Count; j++)"
"1.6\Source\WRace\bondageclothes束具的编程\AdultContentControl.cs","168","FieldOrLocalAssignment","maps","Current.Game.Maps","List<Map> maps = Current.Game.Maps;"
"1.6\Source\WRace\bondageclothes束具的编程\AdultContentControl.cs","169","NumericLiteral","","0","for (int i = 0; i < maps.Count; i++)"
"1.6\Source\WRace\bondageclothes束具的编程\AdultContentControl.cs","171","FieldOrLocalAssignment","manager","maps[i].passingShipManager","PassingShipManager manager = maps[i].passingShipManager;"
"1.6\Source\WRace\bondageclothes束具的编程\AdultContentControl.cs","172","NumericLiteral","","1","for (int j = manager.passingShips.Count - 1; j >= 0; j--)"
"1.6\Source\WRace\bondageclothes束具的编程\AdultContentControl.cs","172","NumericLiteral","","0","for (int j = manager.passingShips.Count - 1; j >= 0; j--)"
"1.6\Source\WRace\bondageclothes束具的编程\AdultContentControl.cs","184","FieldOrLocalAssignment","worldObjects","Find.WorldObjects.AllWorldObjects","List<WorldObject> worldObjects = Find.WorldObjects.AllWorldObjects;"
"1.6\Source\WRace\bondageclothes束具的编程\AdultContentControl.cs","185","NumericLiteral","","0","for (int i = 0; i < worldObjects.Count; i++)"
"1.6\Source\WRace\bondageclothes束具的编程\AdultContentControl.cs","203","FieldOrLocalAssignment","worn","pawn.apparel.WornApparel.Where(app => FilterThing(app)).ToList()","List<Apparel> worn = pawn.apparel.WornApparel.Where(app => FilterThing(app)).ToList();"
"1.6\Source\WRace\bondageclothes束具的编程\AdultContentControl.cs","204","NumericLiteral","","0","for (int i = 0; i < worn.Count; i++)"
"1.6\Source\WRace\bondageclothes束具的编程\AdultContentControl.cs","206","FieldOrLocalAssignment","apparel","worn[i]","Apparel apparel = worn[i];"
"1.6\Source\WRace\bondageclothes束具的编程\AdultContentControl.cs","233","FieldOrLocalAssignment","things","new List<Thing>()","List<Thing> things = new List<Thing>();"
"1.6\Source\WRace\bondageclothes束具的编程\AdultContentControl.cs","234","NumericLiteral","","0","for (int i = 0; i < thingOwner.Count; i++)"
"1.6\Source\WRace\bondageclothes束具的编程\AdultContentControl.cs","239","NumericLiteral","","1","for (int i = things.Count - 1; i >= 0; i--)"
"1.6\Source\WRace\bondageclothes束具的编程\AdultContentControl.cs","239","NumericLiteral","","0","for (int i = things.Count - 1; i >= 0; i--)"
"1.6\Source\WRace\bondageclothes束具的编程\AdultContentControl.cs","241","FieldOrLocalAssignment","thing","things[i]","Thing thing = things[i];"
"1.6\Source\WRace\bondageclothes束具的编程\AdultContentControl.cs","304","NumericLiteral","","1","for (int i = outThings.Count - 1; i >= 0; i--)"
"1.6\Source\WRace\bondageclothes束具的编程\AdultContentControl.cs","304","NumericLiteral","","0","for (int i = outThings.Count - 1; i >= 0; i--)"
"1.6\Source\WRace\bondageclothes束具的编程\AdultContentControl.cs","306","FieldOrLocalAssignment","thing","outThings[i]","Thing thing = outThings[i];"
"1.6\Source\WRace\bondageclothes束具的编程\comp\磁力镣铐CompProperties_MagneticShackles.cs","17","FieldOrLocalAssignment","cycleInterval","new IntRange(15000, 55000)","public IntRange cycleInterval = new IntRange(15000, 55000);"
"1.6\Source\WRace\bondageclothes束具的编程\comp\磁力镣铐CompProperties_MagneticShackles.cs","17","NumericLiteral","","15000","public IntRange cycleInterval = new IntRange(15000, 55000);"
"1.6\Source\WRace\bondageclothes束具的编程\comp\磁力镣铐CompProperties_MagneticShackles.cs","17","NumericLiteral","","55000","public IntRange cycleInterval = new IntRange(15000, 55000);"
"1.6\Source\WRace\bondageclothes束具的编程\comp\磁力镣铐CompProperties_MagneticShackles.cs","18","FieldOrLocalAssignment","bindDurationTicks","new IntRange(10000, 20000)","public IntRange bindDurationTicks = new IntRange(10000, 20000);"
"1.6\Source\WRace\bondageclothes束具的编程\comp\磁力镣铐CompProperties_MagneticShackles.cs","18","NumericLiteral","","10000","public IntRange bindDurationTicks = new IntRange(10000, 20000);"
"1.6\Source\WRace\bondageclothes束具的编程\comp\磁力镣铐CompProperties_MagneticShackles.cs","18","NumericLiteral","","20000","public IntRange bindDurationTicks = new IntRange(10000, 20000);"
"1.6\Source\WRace\bondageclothes束具的编程\comp\磁力镣铐CompProperties_MagneticShackles.cs","20","FieldOrLocalAssignment","bindHediffs","new List<BindHediffEntry>()","public List<BindHediffEntry> bindHediffs = new List<BindHediffEntry>();"
"1.6\Source\WRace\bondageclothes束具的编程\comp\磁力镣铐CompProperties_MagneticShackles.cs","28","FieldOrLocalAssignment","useCooldownTicks","600","public int useCooldownTicks = 600;"
"1.6\Source\WRace\bondageclothes束具的编程\comp\磁力镣铐CompProperties_MagneticShackles.cs","28","NumericLiteral","","600","public int useCooldownTicks = 600;"
"1.6\Source\WRace\bondageclothes束具的编程\comp\磁力镣铐CompProperties_MagneticShackles.cs","30","FieldOrLocalAssignment","activateLabel","""激活镣铐""","public string activateLabel = ""激活镣铐"";"
"1.6\Source\WRace\bondageclothes束具的编程\comp\磁力镣铐CompProperties_MagneticShackles.cs","31","FieldOrLocalAssignment","activateDesc","""启动磁力镣铐，束缚目标。""","public string activateDesc = ""启动磁力镣铐，束缚目标。"";"
"1.6\Source\WRace\bondageclothes束具的编程\comp\磁力镣铐CompProperties_MagneticShackles.cs","32","FieldOrLocalAssignment","activateIconPath","""UI/Commands/DesirePower""","public string activateIconPath = ""UI/Commands/DesirePower"";"
"1.6\Source\WRace\bondageclothes束具的编程\comp\磁力镣铐CompProperties_MagneticShackles.cs","34","FieldOrLocalAssignment","deactivateLabel","""解除镣铐""","public string deactivateLabel = ""解除镣铐"";"
"1.6\Source\WRace\bondageclothes束具的编程\comp\磁力镣铐CompProperties_MagneticShackles.cs","35","FieldOrLocalAssignment","deactivateDesc","""解除磁力镣铐。""","public string deactivateDesc = ""解除磁力镣铐。"";"
"1.6\Source\WRace\bondageclothes束具的编程\comp\磁力镣铐CompProperties_MagneticShackles.cs","36","FieldOrLocalAssignment","deactivateIconPath","""UI/Commands/DesirePower""","public string deactivateIconPath = ""UI/Commands/DesirePower"";"
"1.6\Source\WRace\bondageclothes束具的编程\comp\磁力镣铐CompProperties_MagneticShackles.cs","38","FieldOrLocalAssignment","labelWhenActive","""磁力镣铐（激活）""","public string labelWhenActive = ""磁力镣铐（激活）"";"
"1.6\Source\WRace\bondageclothes束具的编程\comp\磁力镣铐CompProperties_MagneticShackles.cs","39","FieldOrLocalAssignment","labelWhenInactive","""磁力镣铐（未激活）""","public string labelWhenInactive = ""磁力镣铐（未激活）"";"
"1.6\Source\WRace\bondageclothes束具的编程\comp\磁力镣铐CompProperties_MagneticShackles.cs","41","FieldOrLocalAssignment","moteTextOn","""磁力手铐启动!""","public string moteTextOn = ""磁力手铐启动!"";"
"1.6\Source\WRace\bondageclothes束具的编程\comp\磁力镣铐CompProperties_MagneticShackles.cs","42","FieldOrLocalAssignment","moteTextOff","""磁力手铐解除!""","public string moteTextOff = ""磁力手铐解除!"";"
"1.6\Source\WRace\bondageclothes束具的编程\comp\磁力镣铐CompProperties_MagneticShackles.cs","43","FieldOrLocalAssignment","messageOn","""{0} 的磁力手铐突然启动了""","public string messageOn = ""{0} 的磁力手铐突然启动了"";"
"1.6\Source\WRace\bondageclothes束具的编程\comp\磁力镣铐CompProperties_MagneticShackles.cs","43","NumericLiteral","","0","public string messageOn = ""{0} 的磁力手铐突然启动了"";"
"1.6\Source\WRace\bondageclothes束具的编程\comp\磁力镣铐CompProperties_MagneticShackles.cs","44","FieldOrLocalAssignment","messageOff","""{0} 的磁力手铐被解除""","public string messageOff = ""{0} 的磁力手铐被解除"";"
"1.6\Source\WRace\bondageclothes束具的编程\comp\磁力镣铐CompProperties_MagneticShackles.cs","44","NumericLiteral","","0","public string messageOff = ""{0} 的磁力手铐被解除"";"
"1.6\Source\WRace\bondageclothes束具的编程\comp\磁力镣铐CompProperties_MagneticShackles.cs","46","FieldOrLocalAssignment","boundBodyPartGroupDefs","new List<BodyPartGroupDef>()","public List<BodyPartGroupDef> boundBodyPartGroupDefs = new List<BodyPartGroupDef>();"
"1.6\Source\WRace\bondageclothes束具的编程\comp\磁力镣铐CompProperties_MagneticShackles.cs","48","FieldOrLocalAssignment","activateSoundDefName","null","public string activateSoundDefName = null;"
"1.6\Source\WRace\bondageclothes束具的编程\comp\磁力镣铐CompProperties_MagneticShackles.cs","53","FieldOrLocalAssignment","tickCounter","0","private int tickCounter = 0;"
"1.6\Source\WRace\bondageclothes束具的编程\comp\磁力镣铐CompProperties_MagneticShackles.cs","53","NumericLiteral","","0","private int tickCounter = 0;"
"1.6\Source\WRace\bondageclothes束具的编程\comp\磁力镣铐CompProperties_MagneticShackles.cs","54","FieldOrLocalAssignment","lastManualUseTick","-999999","private int lastManualUseTick = -999999;"
"1.6\Source\WRace\bondageclothes束具的编程\comp\磁力镣铐CompProperties_MagneticShackles.cs","54","NumericLiteral","","-999999","private int lastManualUseTick = -999999;"
"1.6\Source\WRace\bondageclothes束具的编程\comp\磁力镣铐CompProperties_MagneticShackles.cs","55","FieldOrLocalAssignment","isActive","false","private bool isActive = false;"
"1.6\Source\WRace\bondageclothes束具的编程\comp\磁力镣铐CompProperties_MagneticShackles.cs","59","FieldOrLocalAssignment","nextStateTick","-1","private int nextStateTick = -1; // 自动循环下一次状态时间"
"1.6\Source\WRace\bondageclothes束具的编程\comp\磁力镣铐CompProperties_MagneticShackles.cs","59","NumericLiteral","","-1","private int nextStateTick = -1; // 自动循环下一次状态时间"
"1.6\Source\WRace\bondageclothes束具的编程\comp\磁力镣铐CompProperties_MagneticShackles.cs","61","FieldOrLocalAssignment","Wearer","> parent.ParentHolder is Pawn_ApparelTracker tracker ? tracker.pawn : null","public Pawn Wearer => parent.ParentHolder is Pawn_ApparelTracker tracker ? tracker.pawn : null;"
"1.6\Source\WRace\bondageclothes束具的编程\comp\磁力镣铐CompProperties_MagneticShackles.cs","62","FieldOrLocalAssignment","Props","> (CompProperties_MagneticShackles)props","public CompProperties_MagneticShackles Props => (CompProperties_MagneticShackles)props;"
"1.6\Source\WRace\bondageclothes束具的编程\comp\磁力镣铐CompProperties_MagneticShackles.cs","63","FieldOrLocalAssignment","IsActive","> isActive","public bool IsActive => isActive;"
"1.6\Source\WRace\bondageclothes束具的编程\comp\磁力镣铐CompProperties_MagneticShackles.cs","70","NumericLiteral","","-1","nextStateTick = -1;"
"1.6\Source\WRace\bondageclothes束具的编程\comp\磁力镣铐CompProperties_MagneticShackles.cs","76","FieldOrLocalAssignment","pawn","Wearer","Pawn pawn = Wearer;"
"1.6\Source\WRace\bondageclothes束具的编程\comp\磁力镣铐CompProperties_MagneticShackles.cs","85","NumericLiteral","","-1","nextStateTick = -1; // 重置计时器，确保不会自动激活"
"1.6\Source\WRace\bondageclothes束具的编程\comp\磁力镣铐CompProperties_MagneticShackles.cs","90","FieldOrLocalAssignment","currentTick","Find.TickManager.TicksGame","int currentTick = Find.TickManager.TicksGame;"
"1.6\Source\WRace\bondageclothes束具的编程\comp\磁力镣铐CompProperties_MagneticShackles.cs","91","NumericLiteral","","0","if (nextStateTick < 0)"
"1.6\Source\WRace\bondageclothes束具的编程\comp\磁力镣铐CompProperties_MagneticShackles.cs","117","NumericLiteral","","0","tickCounter = 0;"
"1.6\Source\WRace\bondageclothes束具的编程\comp\磁力镣铐CompProperties_MagneticShackles.cs","120","NumericLiteral","","-1","nextStateTick = -1;"
"1.6\Source\WRace\bondageclothes束具的编程\comp\磁力镣铐CompProperties_MagneticShackles.cs","141","NumericLiteral","","0","if (entry.bodyPartDefs != null && entry.bodyPartDefs.Count > 0)"
"1.6\Source\WRace\bondageclothes束具的编程\comp\磁力镣铐CompProperties_MagneticShackles.cs","147","FieldOrLocalAssignment","parts","Wearer.RaceProps.body.AllParts.Where(p => p.def == bodyPartDef)","var parts = Wearer.RaceProps.body.AllParts.Where(p => p.def == bodyPartDef);"
"1.6\Source\WRace\bondageclothes束具的编程\comp\磁力镣铐CompProperties_MagneticShackles.cs","152","FieldOrLocalAssignment","hd","HediffMaker.MakeHediff(entry.hediffDef, Wearer, part)","var hd = HediffMaker.MakeHediff(entry.hediffDef, Wearer, part);"
"1.6\Source\WRace\bondageclothes束具的编程\comp\磁力镣铐CompProperties_MagneticShackles.cs","163","FieldOrLocalAssignment","hd","HediffMaker.MakeHediff(entry.hediffDef, Wearer, null)","var hd = HediffMaker.MakeHediff(entry.hediffDef, Wearer, null);"
"1.6\Source\WRace\bondageclothes束具的编程\comp\磁力镣铐CompProperties_MagneticShackles.cs","171","FieldOrLocalAssignment","soundDef","DefDatabase<SoundDef>.GetNamedSilentFail(Props.activateSoundDefName)","var soundDef = DefDatabase<SoundDef>.GetNamedSilentFail(Props.activateSoundDefName);"
"1.6\Source\WRace\bondageclothes束具的编程\comp\磁力镣铐CompProperties_MagneticShackles.cs","176","MessageOrLog","","","MoteMaker.ThrowText(Wearer.DrawPos, Wearer.Map, Props.moteTextOn, Color.cyan);"
"1.6\Source\WRace\bondageclothes束具的编程\comp\磁力镣铐CompProperties_MagneticShackles.cs","177","MessageOrLog","","","Messages.Message(string.Format(Props.messageOn, Wearer.LabelShortCap), Wearer, MessageTypeDefOf.NegativeEvent);"
"1.6\Source\WRace\bondageclothes束具的编程\comp\磁力镣铐CompProperties_MagneticShackles.cs","192","FieldOrLocalAssignment","hediffsToRemove","new List<Hediff>()","List<Hediff> hediffsToRemove = new List<Hediff>();"
"1.6\Source\WRace\bondageclothes束具的编程\comp\磁力镣铐CompProperties_MagneticShackles.cs","194","NumericLiteral","","0","if (entry.bodyPartDefs == null || entry.bodyPartDefs.Count == 0)"
"1.6\Source\WRace\bondageclothes束具的编程\comp\磁力镣铐CompProperties_MagneticShackles.cs","216","MessageOrLog","","","MoteMaker.ThrowText(Wearer.DrawPos, Wearer.Map, Props.moteTextOff, Color.green);"
"1.6\Source\WRace\bondageclothes束具的编程\comp\磁力镣铐CompProperties_MagneticShackles.cs","217","MessageOrLog","","","Messages.Message(string.Format(Props.messageOff, Wearer.LabelShortCap), Wearer, MessageTypeDefOf.PositiveEvent);"
"1.6\Source\WRace\bondageclothes束具的编程\comp\磁力镣铐CompProperties_MagneticShackles.cs","223","NumericLiteral","","0","if (!IsActive || Props.boundBodyPartGroupDefs == null || Props.boundBodyPartGroupDefs.Count == 0)"
"1.6\Source\WRace\bondageclothes束具的编程\comp\磁力镣铐CompProperties_MagneticShackles.cs","240","FieldOrLocalAssignment","currentTick","Find.TickManager.TicksGame","int currentTick = Find.TickManager.TicksGame;"
"1.6\Source\WRace\bondageclothes束具的编程\comp\磁力镣铐CompProperties_MagneticShackles.cs","241","FieldOrLocalAssignment","cdLeft","(lastManualUseTick + Props.useCooldownTicks) - currentTick","int cdLeft = (lastManualUseTick + Props.useCooldownTicks) - currentTick;"
"1.6\Source\WRace\bondageclothes束具的编程\comp\磁力镣铐CompProperties_MagneticShackles.cs","242","FieldOrLocalAssignment","canUse","cdLeft <= 0","bool canUse = cdLeft <= 0;"
"1.6\Source\WRace\bondageclothes束具的编程\comp\磁力镣铐CompProperties_MagneticShackles.cs","242","NumericLiteral","","0","bool canUse = cdLeft <= 0;"
"1.6\Source\WRace\bondageclothes束具的编程\comp\磁力镣铐CompProperties_MagneticShackles.cs","243","FieldOrLocalAssignment","cooldownPercent","Mathf.InverseLerp(Props.useCooldownTicks, 0f, cdLeft)","float cooldownPercent = Mathf.InverseLerp(Props.useCooldownTicks, 0f, cdLeft);"
"1.6\Source\WRace\bondageclothes束具的编程\comp\磁力镣铐CompProperties_MagneticShackles.cs","243","NumericLiteral","","0f","float cooldownPercent = Mathf.InverseLerp(Props.useCooldownTicks, 0f, cdLeft);"
"1.6\Source\WRace\bondageclothes束具的编程\comp\磁力镣铐CompProperties_MagneticShackles.cs","250","TranslateKey","","MooGirl.MagneticShackles.CooldownTicksLeft","defaultDesc = canUse ? Props.activateDesc : ((string)""MooGirl.MagneticShackles.CooldownTicksLeft"".Translate(cdLeft)),"
"1.6\Source\WRace\bondageclothes束具的编程\comp\磁力镣铐CompProperties_MagneticShackles.cs","285","ScribeDefault","tickCounter","0","Scribe_Values.Look(ref tickCounter, ""tickCounter"", 0);"
"1.6\Source\WRace\bondageclothes束具的编程\comp\磁力镣铐CompProperties_MagneticShackles.cs","285","NumericLiteral","","0","Scribe_Values.Look(ref tickCounter, ""tickCounter"", 0);"
"1.6\Source\WRace\bondageclothes束具的编程\comp\磁力镣铐CompProperties_MagneticShackles.cs","286","ScribeDefault","lastManualUseTick","-999999","Scribe_Values.Look(ref lastManualUseTick, ""lastManualUseTick"", -999999);"
"1.6\Source\WRace\bondageclothes束具的编程\comp\磁力镣铐CompProperties_MagneticShackles.cs","286","NumericLiteral","","-999999","Scribe_Values.Look(ref lastManualUseTick, ""lastManualUseTick"", -999999);"
"1.6\Source\WRace\bondageclothes束具的编程\comp\磁力镣铐CompProperties_MagneticShackles.cs","287","ScribeDefault","isActive","false","Scribe_Values.Look(ref isActive, ""isActive"", false);"
"1.6\Source\WRace\bondageclothes束具的编程\comp\电击项圈CompProperties_ShockCollar.cs","17","FieldOrLocalAssignment","hediffDefs","new List<HediffDef>()","public List<HediffDef> hediffDefs = new List<HediffDef>();"
"1.6\Source\WRace\bondageclothes束具的编程\comp\电击项圈CompProperties_ShockCollar.cs","19","FieldOrLocalAssignment","powerhediffDefs","new List<HediffDef>()","public List<HediffDef> powerhediffDefs = new List<HediffDef>();"
"1.6\Source\WRace\bondageclothes束具的编程\comp\电击项圈CompProperties_ShockCollar.cs","21","FieldOrLocalAssignment","nonMooGirlPowerHediffDefs","new List<HediffDef>()","public List<HediffDef> nonMooGirlPowerHediffDefs = new List<HediffDef>();"
"1.6\Source\WRace\bondageclothes束具的编程\comp\电击项圈CompProperties_ShockCollar.cs","23","FieldOrLocalAssignment","ticks","60","public int ticks = 60;"
"1.6\Source\WRace\bondageclothes束具的编程\comp\电击项圈CompProperties_ShockCollar.cs","23","NumericLiteral","","60","public int ticks = 60;"
"1.6\Source\WRace\bondageclothes束具的编程\comp\电击项圈CompProperties_ShockCollar.cs","25","FieldOrLocalAssignment","rand","50","public int rand = 50;"
"1.6\Source\WRace\bondageclothes束具的编程\comp\电击项圈CompProperties_ShockCollar.cs","25","NumericLiteral","","50","public int rand = 50;"
"1.6\Source\WRace\bondageclothes束具的编程\comp\电击项圈CompProperties_ShockCollar.cs","27","FieldOrLocalAssignment","powerShockChance","30","public int powerShockChance = 30;"
"1.6\Source\WRace\bondageclothes束具的编程\comp\电击项圈CompProperties_ShockCollar.cs","27","NumericLiteral","","30","public int powerShockChance = 30;"
"1.6\Source\WRace\bondageclothes束具的编程\comp\电击项圈CompProperties_ShockCollar.cs","30","FieldOrLocalAssignment","useCooldownTicks","480","public int useCooldownTicks = 480;"
"1.6\Source\WRace\bondageclothes束具的编程\comp\电击项圈CompProperties_ShockCollar.cs","30","NumericLiteral","","480","public int useCooldownTicks = 480;"
"1.6\Source\WRace\bondageclothes束具的编程\comp\电击项圈CompProperties_ShockCollar.cs","33","FieldOrLocalAssignment","powerLabel","""Power Shock""","public string powerLabel = ""Power Shock"";"
"1.6\Source\WRace\bondageclothes束具的编程\comp\电击项圈CompProperties_ShockCollar.cs","34","FieldOrLocalAssignment","powerDesc","""""","public string powerDesc = """";"
"1.6\Source\WRace\bondageclothes束具的编程\comp\电击项圈CompProperties_ShockCollar.cs","35","FieldOrLocalAssignment","powerIconPath","""UI/Commands/DesirePower""","public string powerIconPath = ""UI/Commands/DesirePower"";"
"1.6\Source\WRace\bondageclothes束具的编程\comp\电击项圈CompProperties_ShockCollar.cs","38","FieldOrLocalAssignment","commonLabel","""Common Shock""","public string commonLabel = ""Common Shock"";"
"1.6\Source\WRace\bondageclothes束具的编程\comp\电击项圈CompProperties_ShockCollar.cs","39","FieldOrLocalAssignment","commonDesc","""""","public string commonDesc = """";"
"1.6\Source\WRace\bondageclothes束具的编程\comp\电击项圈CompProperties_ShockCollar.cs","40","FieldOrLocalAssignment","commonIconPath","""UI/Commands/DesirePower""","public string commonIconPath = ""UI/Commands/DesirePower"";"
"1.6\Source\WRace\bondageclothes束具的编程\comp\电击项圈CompProperties_ShockCollar.cs","43","FieldOrLocalAssignment","playerColonistOnly","true","public bool playerColonistOnly = true;"
"1.6\Source\WRace\bondageclothes束具的编程\comp\电击项圈CompProperties_ShockCollar.cs","50","FieldOrLocalAssignment","ticks","0","private int ticks = 0;"
"1.6\Source\WRace\bondageclothes束具的编程\comp\电击项圈CompProperties_ShockCollar.cs","50","NumericLiteral","","0","private int ticks = 0;"
"1.6\Source\WRace\bondageclothes束具的编程\comp\电击项圈CompProperties_ShockCollar.cs","52","FieldOrLocalAssignment","lastManualUseTick","-99999","private int lastManualUseTick = -99999;"
"1.6\Source\WRace\bondageclothes束具的编程\comp\电击项圈CompProperties_ShockCollar.cs","52","NumericLiteral","","-99999","private int lastManualUseTick = -99999;"
"1.6\Source\WRace\bondageclothes束具的编程\comp\电击项圈CompProperties_ShockCollar.cs","55","FieldOrLocalAssignment","Props","> (CompProperties_ShockCollar)props","public CompProperties_ShockCollar Props => (CompProperties_ShockCollar)props;"
"1.6\Source\WRace\bondageclothes束具的编程\comp\电击项圈CompProperties_ShockCollar.cs","98","NumericLiteral","","0","if (ticks <= 0)"
"1.6\Source\WRace\bondageclothes束具的编程\comp\电击项圈CompProperties_ShockCollar.cs","104","FieldOrLocalAssignment","wearer","GetWearer()","Pawn wearer = GetWearer();"
"1.6\Source\WRace\bondageclothes束具的编程\comp\电击项圈CompProperties_ShockCollar.cs","121","NumericLiteral","","100f","if (Rand.Chance(Props.rand / 100f))"
"1.6\Source\WRace\bondageclothes束具的编程\comp\电击项圈CompProperties_ShockCollar.cs","124","NumericLiteral","","100f","if (Rand.Chance(Props.powerShockChance / 100f))"
"1.6\Source\WRace\bondageclothes束具的编程\comp\电击项圈CompProperties_ShockCollar.cs","143","FieldOrLocalAssignment","hediffSet","pawn.health.hediffSet","var hediffSet = pawn.health.hediffSet;"
"1.6\Source\WRace\bondageclothes束具的编程\comp\电击项圈CompProperties_ShockCollar.cs","163","ScribeDefault","ticks","0","Scribe_Values.Look(ref ticks, ""ticks"", 0);"
"1.6\Source\WRace\bondageclothes束具的编程\comp\电击项圈CompProperties_ShockCollar.cs","163","NumericLiteral","","0","Scribe_Values.Look(ref ticks, ""ticks"", 0);"
"1.6\Source\WRace\bondageclothes束具的编程\comp\电击项圈CompProperties_ShockCollar.cs","164","ScribeDefault","lastManualUseTick","-99999","Scribe_Values.Look(ref lastManualUseTick, ""lastManualUseTick"", -99999);"
"1.6\Source\WRace\bondageclothes束具的编程\comp\电击项圈CompProperties_ShockCollar.cs","164","NumericLiteral","","-99999","Scribe_Values.Look(ref lastManualUseTick, ""lastManualUseTick"", -99999);"
"1.6\Source\WRace\bondageclothes束具的编程\comp\电击项圈CompProperties_ShockCollar.cs","174","FieldOrLocalAssignment","wearer","GetWearer()","Pawn wearer = GetWearer();"
"1.6\Source\WRace\bondageclothes束具的编程\comp\电击项圈CompProperties_ShockCollar.cs","190","FieldOrLocalAssignment","currentTick","Find.TickManager.TicksGame","int currentTick = Find.TickManager.TicksGame;"
"1.6\Source\WRace\bondageclothes束具的编程\comp\电击项圈CompProperties_ShockCollar.cs","191","FieldOrLocalAssignment","cdLeft","Mathf.Max(0, (lastManualUseTick + Props.useCooldownTicks) - currentTick)","int cdLeft = Mathf.Max(0, (lastManualUseTick + Props.useCooldownTicks) - currentTick);"
"1.6\Source\WRace\bondageclothes束具的编程\comp\电击项圈CompProperties_ShockCollar.cs","191","NumericLiteral","","0","int cdLeft = Mathf.Max(0, (lastManualUseTick + Props.useCooldownTicks) - currentTick);"
"1.6\Source\WRace\bondageclothes束具的编程\comp\电击项圈CompProperties_ShockCollar.cs","192","FieldOrLocalAssignment","canUse","cdLeft <= 0","bool canUse = cdLeft <= 0;"
"1.6\Source\WRace\bondageclothes束具的编程\comp\电击项圈CompProperties_ShockCollar.cs","192","NumericLiteral","","0","bool canUse = cdLeft <= 0;"
"1.6\Source\WRace\bondageclothes束具的编程\comp\电击项圈CompProperties_ShockCollar.cs","193","FieldOrLocalAssignment","cooldownPercent","canUse ? 1f : Mathf.Clamp01(1f - (float)cdLeft / Props.useCooldownTicks)","float cooldownPercent = canUse ? 1f : Mathf.Clamp01(1f - (float)cdLeft / Props.useCooldownTicks);"
"1.6\Source\WRace\bondageclothes束具的编程\comp\电击项圈CompProperties_ShockCollar.cs","193","NumericLiteral","","1f","float cooldownPercent = canUse ? 1f : Mathf.Clamp01(1f - (float)cdLeft / Props.useCooldownTicks);"
"1.6\Source\WRace\bondageclothes束具的编程\comp\电击项圈CompProperties_ShockCollar.cs","193","NumericLiteral","","1f","float cooldownPercent = canUse ? 1f : Mathf.Clamp01(1f - (float)cdLeft / Props.useCooldownTicks);"
"1.6\Source\WRace\bondageclothes束具的编程\comp\电击项圈CompProperties_ShockCollar.cs","198","TranslateKey","","MooGirl.ShockCollar.Power.CooldownTicksLeft",": ((string)""MooGirl.ShockCollar.Power.CooldownTicksLeft"".Translate(cdLeft));"
"1.6\Source\WRace\bondageclothes束具的编程\comp\电击项圈CompProperties_ShockCollar.cs","202","TranslateKey","","MooGirl.ShockCollar.Common.CooldownTicksLeft",": ((string)""MooGirl.ShockCollar.Common.CooldownTicksLeft"".Translate(cdLeft));"
"1.6\Source\WRace\bondageclothes束具的编程\comp\电击项圈CompProperties_ShockCollar.cs","247","FieldOrLocalAssignment","currentWearer","GetWearer()","Pawn currentWearer = GetWearer();"
"1.6\Source\WRace\bondageclothes束具的编程\comp\电击项圈CompProperties_ShockCollar.cs","261","NumericLiteral","","0","if (pawn != null && !MountedPawnUtility.IsMooGirl(pawn) && Props.nonMooGirlPowerHediffDefs != null && Props.nonMooGirlPowerHediffDefs.Count > 0)"
"1.6\Source\WRace\bondageclothes束具的编程\comp\脑控头盔组件的属性类CompProperties_BrainwashHelmet.cs","18","FieldOrLocalAssignment","useCooldownTicks","480","public int useCooldownTicks = 480;"
"1.6\Source\WRace\bondageclothes束具的编程\comp\脑控头盔组件的属性类CompProperties_BrainwashHelmet.cs","18","NumericLiteral","","480","public int useCooldownTicks = 480;"
"1.6\Source\WRace\bondageclothes束具的编程\comp\脑控头盔组件的属性类CompProperties_BrainwashHelmet.cs","21","FieldOrLocalAssignment","activateLabel","""主动洗脑""","public string activateLabel = ""主动洗脑"";"
"1.6\Source\WRace\bondageclothes束具的编程\comp\脑控头盔组件的属性类CompProperties_BrainwashHelmet.cs","22","FieldOrLocalAssignment","activateDesc","""""","public string activateDesc = """";"
"1.6\Source\WRace\bondageclothes束具的编程\comp\脑控头盔组件的属性类CompProperties_BrainwashHelmet.cs","23","FieldOrLocalAssignment","activateIconPath","""UI/Commands/DesirePower""","public string activateIconPath = ""UI/Commands/DesirePower"";"
"1.6\Source\WRace\bondageclothes束具的编程\comp\脑控头盔组件的属性类CompProperties_BrainwashHelmet.cs","26","FieldOrLocalAssignment","ticksToChange","new IntRange(20000, 60000)","public IntRange ticksToChange = new IntRange(20000, 60000);"
"1.6\Source\WRace\bondageclothes束具的编程\comp\脑控头盔组件的属性类CompProperties_BrainwashHelmet.cs","26","NumericLiteral","","20000","public IntRange ticksToChange = new IntRange(20000, 60000);"
"1.6\Source\WRace\bondageclothes束具的编程\comp\脑控头盔组件的属性类CompProperties_BrainwashHelmet.cs","26","NumericLiteral","","60000","public IntRange ticksToChange = new IntRange(20000, 60000);"
"1.6\Source\WRace\bondageclothes束具的编程\comp\脑控头盔组件的属性类CompProperties_BrainwashHelmet.cs","32","FieldOrLocalAssignment","convertList","new List<HediffConvertEntry>()","public List<HediffConvertEntry> convertList = new List<HediffConvertEntry>();"
"1.6\Source\WRace\bondageclothes束具的编程\comp\脑控头盔组件的属性类CompProperties_BrainwashHelmet.cs","50","FieldOrLocalAssignment","nonBlockedTicks","0","private int nonBlockedTicks = 0;"
"1.6\Source\WRace\bondageclothes束具的编程\comp\脑控头盔组件的属性类CompProperties_BrainwashHelmet.cs","50","NumericLiteral","","0","private int nonBlockedTicks = 0;"
"1.6\Source\WRace\bondageclothes束具的编程\comp\脑控头盔组件的属性类CompProperties_BrainwashHelmet.cs","56","FieldOrLocalAssignment","lastManualUseTick","-999999","private int lastManualUseTick = -999999;"
"1.6\Source\WRace\bondageclothes束具的编程\comp\脑控头盔组件的属性类CompProperties_BrainwashHelmet.cs","56","NumericLiteral","","-999999","private int lastManualUseTick = -999999;"
"1.6\Source\WRace\bondageclothes束具的编程\comp\脑控头盔组件的属性类CompProperties_BrainwashHelmet.cs","59","FieldOrLocalAssignment","Wearer","> parent.ParentHolder is Pawn_ApparelTracker tracker ? tracker.pawn : null","public Pawn Wearer => parent.ParentHolder is Pawn_ApparelTracker tracker ? tracker.pawn : null;"
"1.6\Source\WRace\bondageclothes束具的编程\comp\脑控头盔组件的属性类CompProperties_BrainwashHelmet.cs","62","FieldOrLocalAssignment","Props","> (CompProperties_BrainwashHelmet)props","public CompProperties_BrainwashHelmet Props => (CompProperties_BrainwashHelmet)props;"
"1.6\Source\WRace\bondageclothes束具的编程\comp\脑控头盔组件的属性类CompProperties_BrainwashHelmet.cs","77","FieldOrLocalAssignment","pawn","Wearer","Pawn pawn = Wearer;"
"1.6\Source\WRace\bondageclothes束具的编程\comp\脑控头盔组件的属性类CompProperties_BrainwashHelmet.cs","83","NumericLiteral","","0","nonBlockedTicks = 0;"
"1.6\Source\WRace\bondageclothes束具的编程\comp\脑控头盔组件的属性类CompProperties_BrainwashHelmet.cs","87","NumericLiteral","","0","if (currentTicksToChange > 0)"
"1.6\Source\WRace\bondageclothes束具的编程\comp\脑控头盔组件的属性类CompProperties_BrainwashHelmet.cs","92","NumericLiteral","","0","nonBlockedTicks = 0;"
"1.6\Source\WRace\bondageclothes束具的编程\comp\脑控头盔组件的属性类CompProperties_BrainwashHelmet.cs","112","FieldOrLocalAssignment","currentTick","Find.TickManager.TicksGame","int currentTick = Find.TickManager.TicksGame;"
"1.6\Source\WRace\bondageclothes束具的编程\comp\脑控头盔组件的属性类CompProperties_BrainwashHelmet.cs","113","FieldOrLocalAssignment","cdLeft","(lastManualUseTick + Props.useCooldownTicks) - currentTick","int cdLeft = (lastManualUseTick + Props.useCooldownTicks) - currentTick;"
"1.6\Source\WRace\bondageclothes束具的编程\comp\脑控头盔组件的属性类CompProperties_BrainwashHelmet.cs","114","FieldOrLocalAssignment","canUse","cdLeft <= 0","bool canUse = cdLeft <= 0;"
"1.6\Source\WRace\bondageclothes束具的编程\comp\脑控头盔组件的属性类CompProperties_BrainwashHelmet.cs","114","NumericLiteral","","0","bool canUse = cdLeft <= 0;"
"1.6\Source\WRace\bondageclothes束具的编程\comp\脑控头盔组件的属性类CompProperties_BrainwashHelmet.cs","117","FieldOrLocalAssignment","cooldownPercent","Mathf.InverseLerp(Props.useCooldownTicks, 0f, cdLeft)","float cooldownPercent = Mathf.InverseLerp(Props.useCooldownTicks, 0f, cdLeft);"
"1.6\Source\WRace\bondageclothes束具的编程\comp\脑控头盔组件的属性类CompProperties_BrainwashHelmet.cs","117","NumericLiteral","","0f","float cooldownPercent = Mathf.InverseLerp(Props.useCooldownTicks, 0f, cdLeft);"
"1.6\Source\WRace\bondageclothes束具的编程\comp\脑控头盔组件的属性类CompProperties_BrainwashHelmet.cs","134","TranslateKey","","MooGirl.BrainwashHelmet_ManualTrigger_Message","Messages.Message(""MooGirl.BrainwashHelmet_ManualTrigger_Message"".Translate(slave.Wearer.LabelShortCap), MessageTypeDefOf.PositiveEvent);"
"1.6\Source\WRace\bondageclothes束具的编程\comp\脑控头盔组件的属性类CompProperties_BrainwashHelmet.cs","134","MessageOrLog","","","Messages.Message(""MooGirl.BrainwashHelmet_ManualTrigger_Message"".Translate(slave.Wearer.LabelShortCap), MessageTypeDefOf.PositiveEvent);"
"1.6\Source\WRace\bondageclothes束具的编程\comp\脑控头盔组件的属性类CompProperties_BrainwashHelmet.cs","152","MessageOrLog","","","Messages.Message(""已将"" + Wearer.LabelShortCap + ""的文化转换为殖民地主流文化。"", Wearer, MessageTypeDefOf.PositiveEvent);"
"1.6\Source\WRace\bondageclothes束具的编程\comp\脑控头盔组件的属性类CompProperties_BrainwashHelmet.cs","181","FieldOrLocalAssignment","convertList","Props.convertList","var convertList = Props.convertList;"
"1.6\Source\WRace\bondageclothes束具的编程\comp\脑控头盔组件的属性类CompProperties_BrainwashHelmet.cs","182","FieldOrLocalAssignment","converted","false","bool converted = false;"
"1.6\Source\WRace\bondageclothes束具的编程\comp\脑控头盔组件的属性类CompProperties_BrainwashHelmet.cs","191","FieldOrLocalAssignment","existing","pawn.health.hediffSet.GetFirstHediffOfDef(entry.hediffToCheck)","Hediff existing = pawn.health.hediffSet.GetFirstHediffOfDef(entry.hediffToCheck);"
"1.6\Source\WRace\bondageclothes束具的编程\comp\脑控头盔组件的属性类CompProperties_BrainwashHelmet.cs","198","FieldOrLocalAssignment","brain","pawn.health.hediffSet.GetBrain()","var brain = pawn.health.hediffSet.GetBrain();"
"1.6\Source\WRace\bondageclothes束具的编程\comp\脑控头盔组件的属性类CompProperties_BrainwashHelmet.cs","213","FieldOrLocalAssignment","brain","pawn.health.hediffSet.GetBrain()","var brain = pawn.health.hediffSet.GetBrain();"
"1.6\Source\WRace\bondageclothes束具的编程\comp\脑控头盔组件的属性类CompProperties_BrainwashHelmet.cs","235","FieldOrLocalAssignment","hediffs","pawn.health.hediffSet.hediffs","var hediffs = pawn.health.hediffSet.hediffs;"
"1.6\Source\WRace\bondageclothes束具的编程\comp\脑控头盔组件的属性类CompProperties_BrainwashHelmet.cs","236","NumericLiteral","","1","for (int i = hediffs.Count - 1; i >= 0; i--)"
"1.6\Source\WRace\bondageclothes束具的编程\comp\脑控头盔组件的属性类CompProperties_BrainwashHelmet.cs","236","NumericLiteral","","0","for (int i = hediffs.Count - 1; i >= 0; i--)"
"1.6\Source\WRace\bondageclothes束具的编程\comp\脑控头盔组件的属性类CompProperties_BrainwashHelmet.cs","249","FieldOrLocalAssignment","hediffs","pawn.health.hediffSet.hediffs","var hediffs = pawn.health.hediffSet.hediffs;"
"1.6\Source\WRace\bondageclothes束具的编程\comp\脑控头盔组件的属性类CompProperties_BrainwashHelmet.cs","250","NumericLiteral","","1","for (int i = hediffs.Count - 1; i >= 0; i--)"
"1.6\Source\WRace\bondageclothes束具的编程\comp\脑控头盔组件的属性类CompProperties_BrainwashHelmet.cs","250","NumericLiteral","","0","for (int i = hediffs.Count - 1; i >= 0; i--)"
"1.6\Source\WRace\bondageclothes束具的编程\comp\脑控头盔组件的属性类CompProperties_BrainwashHelmet.cs","267","ScribeDefault","nonBlockedTicks","0","Scribe_Values.Look(ref nonBlockedTicks, ""nonBlockedTicks"", 0);"
"1.6\Source\WRace\bondageclothes束具的编程\comp\脑控头盔组件的属性类CompProperties_BrainwashHelmet.cs","267","NumericLiteral","","0","Scribe_Values.Look(ref nonBlockedTicks, ""nonBlockedTicks"", 0);"
"1.6\Source\WRace\bondageclothes束具的编程\comp\脑控头盔组件的属性类CompProperties_BrainwashHelmet.cs","269","ScribeDefault","lastManualUseTick","-999999","Scribe_Values.Look(ref lastManualUseTick, ""lastManualUseTick"", -999999);"
"1.6\Source\WRace\bondageclothes束具的编程\comp\脑控头盔组件的属性类CompProperties_BrainwashHelmet.cs","269","NumericLiteral","","-999999","Scribe_Values.Look(ref lastManualUseTick, ""lastManualUseTick"", -999999);"
"1.6\Source\WRace\bondageclothes束具的编程\comp\CompGetSlaveApperalGear.cs","12","NumericLiteral","","-79","return -79;"
"1.6\Source\WRace\bondageclothes束具的编程\comp\CompGetSlaveApperalGear.cs","19","FieldOrLocalAssignment","app","parent as Apparel","var app = parent as Apparel;"
"1.6\Source\WRace\bondageclothes束具的编程\comp\CompProperties_DevUnlockSlaveApparel.cs","41","FieldOrLocalAssignment","wearer","apparel.Wearer","Pawn wearer = apparel.Wearer;"
"1.6\Source\WRace\bondageclothes束具的编程\comp\CompProperties_DevUnlockSlaveApparel.cs","48","NumericLiteral","","0","apparel.lockCount = 0;"
"1.6\Source\WRace\bondageclothes束具的编程\comp\CompProperties_DevUnlockSlaveApparel.cs","50","MessageOrLog","","","Messages.Message($""已开发者解锁：{wearer.LabelShortCap} 的 {apparel.LabelCap}"", wearer, MessageTypeDefOf.PositiveEvent);"
"1.6\Source\WRace\bondageclothes束具的编程\comp\CompProperties_TargetEffectCrackBondageGear.cs","24","TranslateKey","","MooGirl.CrackBondageGear_TargetNotValid","Log.Warning(""MooGirl.CrackBondageGear_TargetNotValid"".Translate());"
"1.6\Source\WRace\bondageclothes束具的编程\comp\CompProperties_TargetEffectCrackBondageGear.cs","24","MessageOrLog","","","Log.Warning(""MooGirl.CrackBondageGear_TargetNotValid"".Translate());"
"1.6\Source\WRace\bondageclothes束具的编程\comp\CompProperties_TargetEffectCrackBondageGear.cs","32","TranslateKey","","MooGirl.CrackBondageGear_CrackAdvanced","Log.Message(""MooGirl.CrackBondageGear_CrackAdvanced"".Translate(adv.Label));"
"1.6\Source\WRace\bondageclothes束具的编程\comp\CompProperties_TargetEffectCrackBondageGear.cs","32","MessageOrLog","","","Log.Message(""MooGirl.CrackBondageGear_CrackAdvanced"".Translate(adv.Label));"
"1.6\Source\WRace\bondageclothes束具的编程\comp\CompProperties_TargetEffectCrackBondageGear.cs","37","TranslateKey","","MooGirl.CrackBondageGear_CrackBrainwash","Log.Message(""MooGirl.CrackBondageGear_CrackBrainwash"".Translate(brain.Label));"
"1.6\Source\WRace\bondageclothes束具的编程\comp\CompProperties_TargetEffectCrackBondageGear.cs","37","MessageOrLog","","","Log.Message(""MooGirl.CrackBondageGear_CrackBrainwash"".Translate(brain.Label));"
"1.6\Source\WRace\bondageclothes束具的编程\comp\CompProperties_TargetEffectCrackBondageGear.cs","42","TranslateKey","","MooGirl.CrackBondageGear_NoCrackableType","Log.Warning(""MooGirl.CrackBondageGear_NoCrackableType"".Translate());"
"1.6\Source\WRace\bondageclothes束具的编程\comp\CompProperties_TargetEffectCrackBondageGear.cs","42","MessageOrLog","","","Log.Warning(""MooGirl.CrackBondageGear_NoCrackableType"".Translate());"
"1.6\Source\WRace\bondageclothes束具的编程\comp\CompSlaveApperalGear.cs","15","TranslateKey","","Reserved","yield return new FloatMenuOption(FloatMenuOptionLabel(pawn) + "" on ("" + ""Reserved"".Translate() + "")"", null, MenuOptionPriority.DisabledOption);"
"1.6\Source\WRace\bondageclothes束具的编程\comp\CompStampedApparelKey.cs","13","TranslateKey","","MooGirl.SelfLabel","+ "" "" + ((other == null) ? ""MooGirl.SelfLabel"".Translate().ToString() : PawnBool.get_pawnname(other));"
"1.6\Source\WRace\bondageclothes束具的编程\comp\CompStampedApparelKey.cs","26","TranslateKey","","MooGirl.Reserved","FloatMenuOptionLabel(pawn) + "" ("" + ""MooGirl.Reserved"".Translate() + "")"","
"1.6\Source\WRace\bondageclothes束具的编程\comp\CompStampedApparelKey.cs","48","TranslateKey","","MooGirl.HandsBlocked","+ "" ("" + ""MooGirl.HandsBlocked"".Translate() + "")"","
"1.6\Source\WRace\bondageclothes束具的编程\comp\CompStampedApparelKey.cs","76","FieldOrLocalAssignment","corpse","q as Corpse","var corpse = q as Corpse; // 强制转换为 Corpse 类型"
"1.6\Source\WRace\bondageclothes束具的编程\comp\CompTargetable_SlaveApparel.cs","60","TranslateKey","","MooGirl.AlreadyCracked","Messages.Message(""MooGirl.AlreadyCracked"".Translate(), MessageTypeDefOf.NeutralEvent);"
"1.6\Source\WRace\bondageclothes束具的编程\comp\CompTargetable_SlaveApparel.cs","60","MessageOrLog","","","Messages.Message(""MooGirl.AlreadyCracked"".Translate(), MessageTypeDefOf.NeutralEvent);"
"1.6\Source\WRace\bondageclothes束具的编程\comp\CompTargetable_SlaveApparel.cs","70","TranslateKey","","MooGirl.InvalidTarget","Messages.Message(""MooGirl.InvalidTarget"".Translate(), MessageTypeDefOf.NeutralEvent);"
"1.6\Source\WRace\bondageclothes束具的编程\comp\CompTargetable_SlaveApparel.cs","70","MessageOrLog","","","Messages.Message(""MooGirl.InvalidTarget"".Translate(), MessageTypeDefOf.NeutralEvent);"
"1.6\Source\WRace\bondageclothes束具的编程\comp\CompUnlockBondageGear.cs","10","NumericLiteral","","-69","public override float OrderPriority => -69;"
"1.6\Source\WRace\bondageclothes束具的编程\comp\CompUnlockBondageGear.cs","19","FieldOrLocalAssignment","lockedApparel","p.apparel.WornApparel.FirstOrDefault(a => a.IsSlaveApparel())","Apparel lockedApparel = p.apparel.WornApparel.FirstOrDefault(a => a.IsSlaveApparel());"
"1.6\Source\WRace\bondageclothes束具的编程\comp\CompUnlockBondageGear.cs","25","NumericLiteral","","0","if (apparel.lockCount <= 0)"
"1.6\Source\WRace\bondageclothes束具的编程\comp\CompUnlockBondageGear.cs","29","FieldOrLocalAssignment","dropped","null","Thing dropped = null;"
"1.6\Source\WRace\bondageclothes束具的编程\comp\CompUnlockBondageGear.cs","37","NumericLiteral","","1","apparel.lockCount = 1;"
"1.6\Source\WRace\bondageclothes束具的编程\CompProperties_SlaveApparel.cs","24","FieldOrLocalAssignment","wearer","ap.Wearer","Pawn wearer = ap.Wearer;"
"1.6\Source\WRace\bondageclothes束具的编程\FileName.cs","19","FieldOrLocalAssignment","triggerTicks","60","public int triggerTicks = 60; // 音效触发延迟"
"1.6\Source\WRace\bondageclothes束具的编程\FileName.cs","19","NumericLiteral","","60","public int triggerTicks = 60; // 音效触发延迟"
"1.6\Source\WRace\bondageclothes束具的编程\FileName.cs","20","FieldOrLocalAssignment","stunDelayTicks","10","public int stunDelayTicks = 10;    // 音效播放后多久施加 Stun"
"1.6\Source\WRace\bondageclothes束具的编程\FileName.cs","20","NumericLiteral","","10","public int stunDelayTicks = 10;    // 音效播放后多久施加 Stun"
"1.6\Source\WRace\bondageclothes束具的编程\FileName.cs","21","FieldOrLocalAssignment","stunDurationTicks","120","public int stunDurationTicks = 120; // Stun 持续时间"
"1.6\Source\WRace\bondageclothes束具的编程\FileName.cs","21","NumericLiteral","","120","public int stunDurationTicks = 120; // Stun 持续时间"
"1.6\Source\WRace\bondageclothes束具的编程\FileName.cs","23","FieldOrLocalAssignment","soundsToPlay","new List<SoundDef>()","public List<SoundDef> soundsToPlay = new List<SoundDef>();"
"1.6\Source\WRace\bondageclothes束具的编程\FileName.cs","28","FieldOrLocalAssignment","age","0","private int age = 0;"
"1.6\Source\WRace\bondageclothes束具的编程\FileName.cs","28","NumericLiteral","","0","private int age = 0;"
"1.6\Source\WRace\bondageclothes束具的编程\FileName.cs","29","FieldOrLocalAssignment","soundPlayed","false","private bool soundPlayed = false;"
"1.6\Source\WRace\bondageclothes束具的编程\FileName.cs","31","FieldOrLocalAssignment","Props","> (CompProperties_BrainWashingStar)props","public CompProperties_BrainWashingStar Props => (CompProperties_BrainWashingStar)props;"
"1.6\Source\WRace\bondageclothes束具的编程\FileName.cs","47","NumericLiteral","","0","if (soundPlayed && stunTickTarget > 0 && age >= stunTickTarget)"
"1.6\Source\WRace\bondageclothes束具的编程\FileName.cs","50","NumericLiteral","","-1","stunTickTarget = -1; // 防止重复"
"1.6\Source\WRace\bondageclothes束具的编程\FileName.cs","54","FieldOrLocalAssignment","stunTickTarget","-1","private int stunTickTarget = -1;"
"1.6\Source\WRace\bondageclothes束具的编程\FileName.cs","54","NumericLiteral","","-1","private int stunTickTarget = -1;"
"1.6\Source\WRace\bondageclothes束具的编程\Harmony_DropThingTooltip.cs","25","FieldOrLocalAssignment","codes","instructions.ToList()","List<CodeInstruction> codes = instructions.ToList();"
"1.6\Source\WRace\bondageclothes束具的编程\Harmony_DropThingTooltip.cs","26","NumericLiteral","","0","for (int i = 0; i < codes.Count; i++)"
"1.6\Source\WRace\bondageclothes束具的编程\Harmony_DropThingTooltip.cs","31","NumericLiteral","","10","yield return new CodeInstruction(OpCodes.Ldloc_S, 10);"
"1.6\Source\WRace\bondageclothes束具的编程\Harmony_DropThingTooltip.cs","51","TranslateKey","","MooGirl.SlaveApparelCannotBeRemoved","return ""MooGirl.SlaveApparelCannotBeRemoved"".Translate();"
"1.6\Source\WRace\bondageclothes束具的编程\Harmony_DropThingTooltip.cs","53","TranslateKey","","DropThingLodger","return ""DropThingLodger"".Translate();"
"1.6\Source\WRace\bondageclothes束具的编程\Harmony_InitiateSlaveRebellionMtbDays.cs","14","NumericLiteral","","-1f","__result = -1f; // 叛乱时间"
"1.6\Source\WRace\bondageclothes束具的编程\Harmony_PawnStoryTracker_SkinColor.cs","11","FieldOrLocalAssignment","applied","false","public bool applied = false;"
"1.6\Source\WRace\bondageclothes束具的编程\Harmony_PawnStoryTracker_SkinColor.cs","19","ScribeDefault","MooGirlSkinApplied","false","Scribe_Values.Look(ref applied, ""MooGirlSkinApplied"", false);"
"1.6\Source\WRace\bondageclothes束具的编程\Harmony_PawnStoryTracker_SkinColor.cs","27","NumericLiteral","","255","new Color32(255, 241, 231, 255);"
"1.6\Source\WRace\bondageclothes束具的编程\Harmony_PawnStoryTracker_SkinColor.cs","27","NumericLiteral","","241","new Color32(255, 241, 231, 255);"
"1.6\Source\WRace\bondageclothes束具的编程\Harmony_PawnStoryTracker_SkinColor.cs","27","NumericLiteral","","231","new Color32(255, 241, 231, 255);"
"1.6\Source\WRace\bondageclothes束具的编程\Harmony_PawnStoryTracker_SkinColor.cs","27","NumericLiteral","","255","new Color32(255, 241, 231, 255);"
"1.6\Source\WRace\bondageclothes束具的编程\HediffCompProperties_AddMentalState.cs","14","FieldOrLocalAssignment","mentalStateTriggerTicks","600","public int mentalStateTriggerTicks = 600;"
"1.6\Source\WRace\bondageclothes束具的编程\HediffCompProperties_AddMentalState.cs","14","NumericLiteral","","600","public int mentalStateTriggerTicks = 600;"
"1.6\Source\WRace\bondageclothes束具的编程\HediffCompProperties_AddMentalState.cs","21","FieldOrLocalAssignment","age","0","private int age = 0;"
"1.6\Source\WRace\bondageclothes束具的编程\HediffCompProperties_AddMentalState.cs","21","NumericLiteral","","0","private int age = 0;"
"1.6\Source\WRace\bondageclothes束具的编程\HediffCompProperties_AddMentalState.cs","22","FieldOrLocalAssignment","triggered","false","private bool triggered = false;"
"1.6\Source\WRace\bondageclothes束具的编程\HediffCompProperties_AddMentalState.cs","24","FieldOrLocalAssignment","Props","> (CompProperties_AddMentalState)props","public CompProperties_AddMentalState Props => (CompProperties_AddMentalState)props;"
"1.6\Source\WRace\bondageclothes束具的编程\HediffCompProperties_AddMentalState.cs","45","FieldOrLocalAssignment","handler","Pawn.mindState.mentalStateHandler","var handler = Pawn.mindState.mentalStateHandler;"
"1.6\Source\WRace\bondageclothes束具的编程\HediffCompProperties_AddMentalState.cs","46","FieldOrLocalAssignment","started","handler.TryStartMentalState(Props.mentalStateDef, reason: ""TriggeredByHediff"".Translate(), forceWake: true)","bool started = handler.TryStartMentalState(Props.mentalStateDef, reason: ""TriggeredByHediff"".Translate(), forceWake: true);"
"1.6\Source\WRace\bondageclothes束具的编程\HediffCompProperties_AddMentalState.cs","46","TranslateKey","","TriggeredByHediff","bool started = handler.TryStartMentalState(Props.mentalStateDef, reason: ""TriggeredByHediff"".Translate(), forceWake: true);"
"1.6\Source\WRace\bondageclothes束具的编程\HediffCompProperties_AddMentalState.cs","53","ScribeDefault","age","0","Scribe_Values.Look(ref age, ""age"", 0);"
"1.6\Source\WRace\bondageclothes束具的编程\HediffCompProperties_AddMentalState.cs","53","NumericLiteral","","0","Scribe_Values.Look(ref age, ""age"", 0);"
"1.6\Source\WRace\bondageclothes束具的编程\HediffCompProperties_AddMentalState.cs","54","ScribeDefault","triggered","false","Scribe_Values.Look(ref triggered, ""triggered"", false);"
"1.6\Source\WRace\bondageclothes束具的编程\HediffCompProperties_AddThoughts.cs","15","FieldOrLocalAssignment","triggerTicks","600","public int triggerTicks = 600;"
"1.6\Source\WRace\bondageclothes束具的编程\HediffCompProperties_AddThoughts.cs","15","NumericLiteral","","600","public int triggerTicks = 600;"
"1.6\Source\WRace\bondageclothes束具的编程\HediffCompProperties_AddThoughts.cs","24","FieldOrLocalAssignment","age","0","private int age = 0;"
"1.6\Source\WRace\bondageclothes束具的编程\HediffCompProperties_AddThoughts.cs","24","NumericLiteral","","0","private int age = 0;"
"1.6\Source\WRace\bondageclothes束具的编程\HediffCompProperties_AddThoughts.cs","25","FieldOrLocalAssignment","triggered","false","private bool triggered = false;"
"1.6\Source\WRace\bondageclothes束具的编程\HediffCompProperties_AddThoughts.cs","27","FieldOrLocalAssignment","Props","> (CompProperties_AddThought)props","public CompProperties_AddThought Props => (CompProperties_AddThought)props;"
"1.6\Source\WRace\bondageclothes束具的编程\HediffCompProperties_AddThoughts.cs","59","ScribeDefault","age","0","Scribe_Values.Look(ref age, ""age"", 0);"
"1.6\Source\WRace\bondageclothes束具的编程\HediffCompProperties_AddThoughts.cs","59","NumericLiteral","","0","Scribe_Values.Look(ref age, ""age"", 0);"
"1.6\Source\WRace\bondageclothes束具的编程\HediffCompProperties_AddThoughts.cs","60","ScribeDefault","triggered","false","Scribe_Values.Look(ref triggered, ""triggered"", false);"
"1.6\Source\WRace\bondageclothes束具的编程\HediffCompProperties_AddTrait.cs","14","FieldOrLocalAssignment","triggerTicks","600","public int triggerTicks = 600;"
"1.6\Source\WRace\bondageclothes束具的编程\HediffCompProperties_AddTrait.cs","14","NumericLiteral","","600","public int triggerTicks = 600;"
"1.6\Source\WRace\bondageclothes束具的编程\HediffCompProperties_AddTrait.cs","17","FieldOrLocalAssignment","pawnTypeTraitEntries","new List<PawnTypeTraitEntry>()","public List<PawnTypeTraitEntry> pawnTypeTraitEntries = new List<PawnTypeTraitEntry>();"
"1.6\Source\WRace\bondageclothes束具的编程\HediffCompProperties_AddTrait.cs","28","FieldOrLocalAssignment","age","0","private int age = 0;"
"1.6\Source\WRace\bondageclothes束具的编程\HediffCompProperties_AddTrait.cs","28","NumericLiteral","","0","private int age = 0;"
"1.6\Source\WRace\bondageclothes束具的编程\HediffCompProperties_AddTrait.cs","29","FieldOrLocalAssignment","triggered","false","private bool triggered = false;"
"1.6\Source\WRace\bondageclothes束具的编程\HediffCompProperties_AddTrait.cs","31","FieldOrLocalAssignment","Props","> (CompProperties_AddTrait)props","public CompProperties_AddTrait Props => (CompProperties_AddTrait)props;"
"1.6\Source\WRace\bondageclothes束具的编程\HediffCompProperties_AddTrait.cs","90","ScribeDefault","age","0","Scribe_Values.Look(ref age, ""age"", 0);"
"1.6\Source\WRace\bondageclothes束具的编程\HediffCompProperties_AddTrait.cs","90","NumericLiteral","","0","Scribe_Values.Look(ref age, ""age"", 0);"
"1.6\Source\WRace\bondageclothes束具的编程\HediffCompProperties_AddTrait.cs","91","ScribeDefault","triggered","false","Scribe_Values.Look(ref triggered, ""triggered"", false);"
"1.6\Source\WRace\bondageclothes束具的编程\HediffCompProperties_EleShock.cs","16","FieldOrLocalAssignment","stunDuration","2f","public float stunDuration = 2f; // 电击晕厥时间"
"1.6\Source\WRace\bondageclothes束具的编程\HediffCompProperties_EleShock.cs","16","NumericLiteral","","2f","public float stunDuration = 2f; // 电击晕厥时间"
"1.6\Source\WRace\bondageclothes束具的编程\HediffCompProperties_EleShock.cs","17","FieldOrLocalAssignment","hostileStunDuration","4f","public float hostileStunDuration = 4f; // 敌对单位的电击晕厥时间"
"1.6\Source\WRace\bondageclothes束具的编程\HediffCompProperties_EleShock.cs","17","NumericLiteral","","4f","public float hostileStunDuration = 4f; // 敌对单位的电击晕厥时间"
"1.6\Source\WRace\bondageclothes束具的编程\HediffCompProperties_EleShock.cs","18","FieldOrLocalAssignment","jitterMagnitude","0.3f","public float jitterMagnitude = 0.3f; // 震动幅度"
"1.6\Source\WRace\bondageclothes束具的编程\HediffCompProperties_EleShock.cs","18","NumericLiteral","","0.3f","public float jitterMagnitude = 0.3f; // 震动幅度"
"1.6\Source\WRace\bondageclothes束具的编程\HediffCompProperties_EleShock.cs","19","FieldOrLocalAssignment","effectCycleInterval","200","public int effectCycleInterval = 200; // 电击效果周期间隔"
"1.6\Source\WRace\bondageclothes束具的编程\HediffCompProperties_EleShock.cs","19","NumericLiteral","","200","public int effectCycleInterval = 200; // 电击效果周期间隔"
"1.6\Source\WRace\bondageclothes束具的编程\HediffCompProperties_EleShock.cs","20","FieldOrLocalAssignment","maxCycles","1","public int maxCycles = 1; // 最多几个周期"
"1.6\Source\WRace\bondageclothes束具的编程\HediffCompProperties_EleShock.cs","20","NumericLiteral","","1","public int maxCycles = 1; // 最多几个周期"
"1.6\Source\WRace\bondageclothes束具的编程\HediffCompProperties_EleShock.cs","30","FieldOrLocalAssignment","severity","-1f","public float severity = -1f; // Hediff 的严重程度"
"1.6\Source\WRace\bondageclothes束具的编程\HediffCompProperties_EleShock.cs","30","NumericLiteral","","-1f","public float severity = -1f; // Hediff 的严重程度"
"1.6\Source\WRace\bondageclothes束具的编程\HediffCompProperties_EleShock.cs","37","FieldOrLocalAssignment","filthAmount","3f","public float filthAmount = 3f; // 污物数量"
"1.6\Source\WRace\bondageclothes束具的编程\HediffCompProperties_EleShock.cs","37","NumericLiteral","","3f","public float filthAmount = 3f; // 污物数量"
"1.6\Source\WRace\bondageclothes束具的编程\HediffCompProperties_EleShock.cs","38","FieldOrLocalAssignment","spawnInterval","60","public int spawnInterval = 60; // 生成间隔"
"1.6\Source\WRace\bondageclothes束具的编程\HediffCompProperties_EleShock.cs","38","NumericLiteral","","60","public int spawnInterval = 60; // 生成间隔"
"1.6\Source\WRace\bondageclothes束具的编程\HediffCompProperties_EleShock.cs","39","FieldOrLocalAssignment","spawnInFacingDirection","false","public bool spawnInFacingDirection = false;  // 是否朝向方向生成"
"1.6\Source\WRace\bondageclothes束具的编程\HediffCompProperties_EleShock.cs","45","FieldOrLocalAssignment","currentTickCount","0","private int currentTickCount = 0; // 当前计时器"
"1.6\Source\WRace\bondageclothes束具的编程\HediffCompProperties_EleShock.cs","45","NumericLiteral","","0","private int currentTickCount = 0; // 当前计时器"
"1.6\Source\WRace\bondageclothes束具的编程\HediffCompProperties_EleShock.cs","46","FieldOrLocalAssignment","remainingCycles","0","private int remainingCycles = 0; // 剩余周期数"
"1.6\Source\WRace\bondageclothes束具的编程\HediffCompProperties_EleShock.cs","46","NumericLiteral","","0","private int remainingCycles = 0; // 剩余周期数"
"1.6\Source\WRace\bondageclothes束具的编程\HediffCompProperties_EleShock.cs","47","FieldOrLocalAssignment","jitterTicksLeft","0","private int jitterTicksLeft = 0; // 剩余震动时间"
"1.6\Source\WRace\bondageclothes束具的编程\HediffCompProperties_EleShock.cs","47","NumericLiteral","","0","private int jitterTicksLeft = 0; // 剩余震动时间"
"1.6\Source\WRace\bondageclothes束具的编程\HediffCompProperties_EleShock.cs","50","FieldOrLocalAssignment","Properties","> (CompProperties_EleShock)this.props","private CompProperties_EleShock Properties => (CompProperties_EleShock)this.props;"
"1.6\Source\WRace\bondageclothes束具的编程\HediffCompProperties_EleShock.cs","82","NumericLiteral","","0","if (currentTickCount <= 0 && remainingCycles > 0)"
"1.6\Source\WRace\bondageclothes束具的编程\HediffCompProperties_EleShock.cs","82","NumericLiteral","","0","if (currentTickCount <= 0 && remainingCycles > 0)"
"1.6\Source\WRace\bondageclothes束具的编程\HediffCompProperties_EleShock.cs","88","NumericLiteral","","0","if (jitterTicksLeft > 0)"
"1.6\Source\WRace\bondageclothes束具的编程\HediffCompProperties_EleShock.cs","91","FieldOrLocalAssignment","angle","Rand.Range(0f, 2f * Mathf.PI)","float angle = Rand.Range(0f, 2f * Mathf.PI);"
"1.6\Source\WRace\bondageclothes束具的编程\HediffCompProperties_EleShock.cs","91","NumericLiteral","","0f","float angle = Rand.Range(0f, 2f * Mathf.PI);"
"1.6\Source\WRace\bondageclothes束具的编程\HediffCompProperties_EleShock.cs","91","NumericLiteral","","2f","float angle = Rand.Range(0f, 2f * Mathf.PI);"
"1.6\Source\WRace\bondageclothes束具的编程\HediffCompProperties_EleShock.cs","100","NumericLiteral","","0f","if (entry.filthDef == null || entry.filthAmount <= 0f) continue;"
"1.6\Source\WRace\bondageclothes束具的编程\HediffCompProperties_EleShock.cs","104","NumericLiteral","","0","if (filthTimers[entry.filthDef] <= 0)"
"1.6\Source\WRace\bondageclothes束具的编程\HediffCompProperties_EleShock.cs","115","FieldOrLocalAssignment","stunTicks","Mathf.RoundToInt(Properties.stunDuration * 60f)","int stunTicks = Mathf.RoundToInt(Properties.stunDuration * 60f);"
"1.6\Source\WRace\bondageclothes束具的编程\HediffCompProperties_EleShock.cs","115","NumericLiteral","","60f","int stunTicks = Mathf.RoundToInt(Properties.stunDuration * 60f);"
"1.6\Source\WRace\bondageclothes束具的编程\HediffCompProperties_EleShock.cs","123","FieldOrLocalAssignment","part","null","BodyPartRecord part = null;"
"1.6\Source\WRace\bondageclothes束具的编程\HediffCompProperties_EleShock.cs","130","FieldOrLocalAssignment","h","Pawn.health.AddHediff(item.hediff, part)","var h = Pawn.health.AddHediff(item.hediff, part);"
"1.6\Source\WRace\bondageclothes束具的编程\HediffCompProperties_EleShock.cs","131","NumericLiteral","","0f","h.Severity = item.severity >= 0f"
"1.6\Source\WRace\bondageclothes束具的编程\HediffCompProperties_EleShock.cs","133","NumericLiteral","","0.1f",": hostile ? Properties.hostileStunDuration / Properties.stunDuration : 0.1f;"
"1.6\Source\WRace\bondageclothes束具的编程\HediffCompProperties_EleShock.cs","144","FieldOrLocalAssignment","filth","ThingMaker.MakeThing(filthDef)","var filth = ThingMaker.MakeThing(filthDef);"
"1.6\Source\WRace\bondageclothes束具的编程\HediffCompProperties_EleShock.cs","152","ScribeDefault","currentTickCount","0","Scribe_Values.Look(ref currentTickCount, ""currentTickCount"", 0);"
"1.6\Source\WRace\bondageclothes束具的编程\HediffCompProperties_EleShock.cs","152","NumericLiteral","","0","Scribe_Values.Look(ref currentTickCount, ""currentTickCount"", 0);"
"1.6\Source\WRace\bondageclothes束具的编程\HediffCompProperties_EleShock.cs","153","ScribeDefault","remainingCycles","0","Scribe_Values.Look(ref remainingCycles, ""remainingCycles"", 0);"
"1.6\Source\WRace\bondageclothes束具的编程\HediffCompProperties_EleShock.cs","153","NumericLiteral","","0","Scribe_Values.Look(ref remainingCycles, ""remainingCycles"", 0);"
"1.6\Source\WRace\bondageclothes束具的编程\HediffCompProperties_EleShock.cs","154","ScribeDefault","jitterTicksLeft","0","Scribe_Values.Look(ref jitterTicksLeft, ""jitterTicksLeft"", 0);"
"1.6\Source\WRace\bondageclothes束具的编程\HediffCompProperties_EleShock.cs","154","NumericLiteral","","0","Scribe_Values.Look(ref jitterTicksLeft, ""jitterTicksLeft"", 0);"
"1.6\Source\WRace\bondageclothes束具的编程\HediffCompProperties_PerformanceEffect.cs","19","FieldOrLocalAssignment","triggerTicks","60","public int triggerTicks = 60;"
"1.6\Source\WRace\bondageclothes束具的编程\HediffCompProperties_PerformanceEffect.cs","19","NumericLiteral","","60","public int triggerTicks = 60;"
"1.6\Source\WRace\bondageclothes束具的编程\HediffCompProperties_PerformanceEffect.cs","21","FieldOrLocalAssignment","stunDelayTicks","10","public int stunDelayTicks = 10;"
"1.6\Source\WRace\bondageclothes束具的编程\HediffCompProperties_PerformanceEffect.cs","21","NumericLiteral","","10","public int stunDelayTicks = 10;"
"1.6\Source\WRace\bondageclothes束具的编程\HediffCompProperties_PerformanceEffect.cs","23","FieldOrLocalAssignment","stunDurationTicks","120","public int stunDurationTicks = 120;"
"1.6\Source\WRace\bondageclothes束具的编程\HediffCompProperties_PerformanceEffect.cs","23","NumericLiteral","","120","public int stunDurationTicks = 120;"
"1.6\Source\WRace\bondageclothes束具的编程\HediffCompProperties_PerformanceEffect.cs","34","FieldOrLocalAssignment","moteShowStartTick","0","public int moteShowStartTick = 0;  // 开始显示时间"
"1.6\Source\WRace\bondageclothes束具的编程\HediffCompProperties_PerformanceEffect.cs","34","NumericLiteral","","0","public int moteShowStartTick = 0;  // 开始显示时间"
"1.6\Source\WRace\bondageclothes束具的编程\HediffCompProperties_PerformanceEffect.cs","35","FieldOrLocalAssignment","moteShowEndTick","999999","public int moteShowEndTick = 999999;  // 结束显示时间"
"1.6\Source\WRace\bondageclothes束具的编程\HediffCompProperties_PerformanceEffect.cs","35","NumericLiteral","","999999","public int moteShowEndTick = 999999;  // 结束显示时间"
"1.6\Source\WRace\bondageclothes束具的编程\HediffCompProperties_PerformanceEffect.cs","41","FieldOrLocalAssignment","startTick","0","public int startTick = 0;  // 开始时间"
"1.6\Source\WRace\bondageclothes束具的编程\HediffCompProperties_PerformanceEffect.cs","41","NumericLiteral","","0","public int startTick = 0;  // 开始时间"
"1.6\Source\WRace\bondageclothes束具的编程\HediffCompProperties_PerformanceEffect.cs","42","FieldOrLocalAssignment","loopInterval","60","public int loopInterval = 60;  // 循环间隔"
"1.6\Source\WRace\bondageclothes束具的编程\HediffCompProperties_PerformanceEffect.cs","42","NumericLiteral","","60","public int loopInterval = 60;  // 循环间隔"
"1.6\Source\WRace\bondageclothes束具的编程\HediffCompProperties_PerformanceEffect.cs","43","FieldOrLocalAssignment","endTick","99999","public int endTick = 99999;  // 结束时间"
"1.6\Source\WRace\bondageclothes束具的编程\HediffCompProperties_PerformanceEffect.cs","43","NumericLiteral","","99999","public int endTick = 99999;  // 结束时间"
"1.6\Source\WRace\bondageclothes束具的编程\HediffCompProperties_PerformanceEffect.cs","50","FieldOrLocalAssignment","startTick","0","public int startTick = 0;  // 开始时间"
"1.6\Source\WRace\bondageclothes束具的编程\HediffCompProperties_PerformanceEffect.cs","50","NumericLiteral","","0","public int startTick = 0;  // 开始时间"
"1.6\Source\WRace\bondageclothes束具的编程\HediffCompProperties_PerformanceEffect.cs","51","FieldOrLocalAssignment","loopInterval","120","public int loopInterval = 120;  // 循环间隔"
"1.6\Source\WRace\bondageclothes束具的编程\HediffCompProperties_PerformanceEffect.cs","51","NumericLiteral","","120","public int loopInterval = 120;  // 循环间隔"
"1.6\Source\WRace\bondageclothes束具的编程\HediffCompProperties_PerformanceEffect.cs","52","FieldOrLocalAssignment","endTick","99999","public int endTick = 99999;  // 结束时间"
"1.6\Source\WRace\bondageclothes束具的编程\HediffCompProperties_PerformanceEffect.cs","52","NumericLiteral","","99999","public int endTick = 99999;  // 结束时间"
"1.6\Source\WRace\bondageclothes束具的编程\HediffCompProperties_PerformanceEffect.cs","59","FieldOrLocalAssignment","startTick","0","public int startTick = 0;  // 开始时间"
"1.6\Source\WRace\bondageclothes束具的编程\HediffCompProperties_PerformanceEffect.cs","59","NumericLiteral","","0","public int startTick = 0;  // 开始时间"
"1.6\Source\WRace\bondageclothes束具的编程\HediffCompProperties_PerformanceEffect.cs","60","FieldOrLocalAssignment","color","Color.white","public Color color = Color.white;  // 文本颜色"
"1.6\Source\WRace\bondageclothes束具的编程\HediffCompProperties_PerformanceEffect.cs","66","FieldOrLocalAssignment","age","0","private int age = 0;"
"1.6\Source\WRace\bondageclothes束具的编程\HediffCompProperties_PerformanceEffect.cs","66","NumericLiteral","","0","private int age = 0;"
"1.6\Source\WRace\bondageclothes束具的编程\HediffCompProperties_PerformanceEffect.cs","67","FieldOrLocalAssignment","stunTickTarget","-1","private int stunTickTarget = -1;"
"1.6\Source\WRace\bondageclothes束具的编程\HediffCompProperties_PerformanceEffect.cs","67","NumericLiteral","","-1","private int stunTickTarget = -1;"
"1.6\Source\WRace\bondageclothes束具的编程\HediffCompProperties_PerformanceEffect.cs","68","FieldOrLocalAssignment","stunned","false","private bool stunned = false;"
"1.6\Source\WRace\bondageclothes束具的编程\HediffCompProperties_PerformanceEffect.cs","69","FieldOrLocalAssignment","nextTextShowTicks","new List<int>()","private List<int> nextTextShowTicks = new List<int>();"
"1.6\Source\WRace\bondageclothes束具的编程\HediffCompProperties_PerformanceEffect.cs","70","FieldOrLocalAssignment","nextSoundTicks","new List<int>()","private List<int> nextSoundTicks = new List<int>();"
"1.6\Source\WRace\bondageclothes束具的编程\HediffCompProperties_PerformanceEffect.cs","71","FieldOrLocalAssignment","nextFleckTicks","new List<int>()","private List<int> nextFleckTicks = new List<int>();"
"1.6\Source\WRace\bondageclothes束具的编程\HediffCompProperties_PerformanceEffect.cs","72","FieldOrLocalAssignment","stunEndTick","-1","private int stunEndTick = -1;"
"1.6\Source\WRace\bondageclothes束具的编程\HediffCompProperties_PerformanceEffect.cs","72","NumericLiteral","","-1","private int stunEndTick = -1;"
"1.6\Source\WRace\bondageclothes束具的编程\HediffCompProperties_PerformanceEffect.cs","73","FieldOrLocalAssignment","stunMessageSent","false","private bool stunMessageSent = false;"
"1.6\Source\WRace\bondageclothes束具的编程\HediffCompProperties_PerformanceEffect.cs","75","FieldOrLocalAssignment","active","false","private bool active = false;"
"1.6\Source\WRace\bondageclothes束具的编程\HediffCompProperties_PerformanceEffect.cs","77","FieldOrLocalAssignment","Active","> active","public bool Active => active;"
"1.6\Source\WRace\bondageclothes束具的编程\HediffCompProperties_PerformanceEffect.cs","87","NumericLiteral","","0","age = 0;"
"1.6\Source\WRace\bondageclothes束具的编程\HediffCompProperties_PerformanceEffect.cs","90","NumericLiteral","","-1","stunEndTick = -1;"
"1.6\Source\WRace\bondageclothes束具的编程\HediffCompProperties_PerformanceEffect.cs","96","NumericLiteral","","0","for (int i = 0; i < props.texts.Count; i++)"
"1.6\Source\WRace\bondageclothes束具的编程\HediffCompProperties_PerformanceEffect.cs","105","NumericLiteral","","0","for (int i = 0; i < props.sounds.Count; i++)"
"1.6\Source\WRace\bondageclothes束具的编程\HediffCompProperties_PerformanceEffect.cs","114","NumericLiteral","","0","for (int i = 0; i < props.flecks.Count; i++)"
"1.6\Source\WRace\bondageclothes束具的编程\HediffCompProperties_PerformanceEffect.cs","159","ScribeDefault","age","0","Scribe_Values.Look(ref age, ""age"", 0);"
"1.6\Source\WRace\bondageclothes束具的编程\HediffCompProperties_PerformanceEffect.cs","159","NumericLiteral","","0","Scribe_Values.Look(ref age, ""age"", 0);"
"1.6\Source\WRace\bondageclothes束具的编程\HediffCompProperties_PerformanceEffect.cs","160","ScribeDefault","stunTickTarget","-1","Scribe_Values.Look(ref stunTickTarget, ""stunTickTarget"", -1);"
"1.6\Source\WRace\bondageclothes束具的编程\HediffCompProperties_PerformanceEffect.cs","160","NumericLiteral","","-1","Scribe_Values.Look(ref stunTickTarget, ""stunTickTarget"", -1);"
"1.6\Source\WRace\bondageclothes束具的编程\HediffCompProperties_PerformanceEffect.cs","161","ScribeDefault","stunned","false","Scribe_Values.Look(ref stunned, ""stunned"", false);"
"1.6\Source\WRace\bondageclothes束具的编程\HediffCompProperties_PerformanceEffect.cs","162","ScribeDefault","stunEndTick","-1","Scribe_Values.Look(ref stunEndTick, ""stunEndTick"", -1);"
"1.6\Source\WRace\bondageclothes束具的编程\HediffCompProperties_PerformanceEffect.cs","162","NumericLiteral","","-1","Scribe_Values.Look(ref stunEndTick, ""stunEndTick"", -1);"
"1.6\Source\WRace\bondageclothes束具的编程\HediffCompProperties_PerformanceEffect.cs","163","ScribeDefault","stunMessageSent","false","Scribe_Values.Look(ref stunMessageSent, ""stunMessageSent"", false);"
"1.6\Source\WRace\bondageclothes束具的编程\HediffCompProperties_PerformanceEffect.cs","167","ScribeDefault","active","false","Scribe_Values.Look(ref active, ""active"", false);"
"1.6\Source\WRace\bondageclothes束具的编程\HediffCompProperties_PerformanceEffect.cs","187","FieldOrLocalAssignment","index","nextTextShowTicks.Count","int index = nextTextShowTicks.Count;"
"1.6\Source\WRace\bondageclothes束具的编程\HediffCompProperties_PerformanceEffect.cs","188","NumericLiteral","","-1","nextTextShowTicks.Add(age <= props.texts[index].startTick ? props.texts[index].startTick : -1);"
"1.6\Source\WRace\bondageclothes束具的编程\HediffCompProperties_PerformanceEffect.cs","196","FieldOrLocalAssignment","index","nextSoundTicks.Count","int index = nextSoundTicks.Count;"
"1.6\Source\WRace\bondageclothes束具的编程\HediffCompProperties_PerformanceEffect.cs","205","FieldOrLocalAssignment","index","nextFleckTicks.Count","int index = nextFleckTicks.Count;"
"1.6\Source\WRace\bondageclothes束具的编程\HediffCompProperties_PerformanceEffect.cs","216","NumericLiteral","","0","for (int i = 0; i < props.texts.Count; i++)"
"1.6\Source\WRace\bondageclothes束具的编程\HediffCompProperties_PerformanceEffect.cs","218","NumericLiteral","","-1","if (i < nextTextShowTicks.Count && nextTextShowTicks[i] != -1 && age >= nextTextShowTicks[i])"
"1.6\Source\WRace\bondageclothes束具的编程\HediffCompProperties_PerformanceEffect.cs","220","FieldOrLocalAssignment","textParams","props.texts[i]","var textParams = props.texts[i];"
"1.6\Source\WRace\bondageclothes束具的编程\HediffCompProperties_PerformanceEffect.cs","221","MessageOrLog","","","MoteMaker.ThrowText(pawn.DrawPos, pawn.Map, textParams.text, textParams.color);"
"1.6\Source\WRace\bondageclothes束具的编程\HediffCompProperties_PerformanceEffect.cs","222","NumericLiteral","","-1","nextTextShowTicks[i] = -1;"
"1.6\Source\WRace\bondageclothes束具的编程\HediffCompProperties_PerformanceEffect.cs","232","NumericLiteral","","0","for (int i = 0; i < props.sounds.Count; i++)"
"1.6\Source\WRace\bondageclothes束具的编程\HediffCompProperties_PerformanceEffect.cs","237","FieldOrLocalAssignment","s","props.sounds[i]","var s = props.sounds[i];"
"1.6\Source\WRace\bondageclothes束具的编程\HediffCompProperties_PerformanceEffect.cs","240","FieldOrLocalAssignment","info","SoundInfo.InMap(new TargetInfo(pawn.Position, pawn.Map))","SoundInfo info = SoundInfo.InMap(new TargetInfo(pawn.Position, pawn.Map));"
"1.6\Source\WRace\bondageclothes束具的编程\HediffCompProperties_PerformanceEffect.cs","242","NumericLiteral","","1","nextSoundTicks[i] = age + Mathf.Max(1, s.loopInterval);"
"1.6\Source\WRace\bondageclothes束具的编程\HediffCompProperties_PerformanceEffect.cs","252","NumericLiteral","","0","for (int i = 0; i < props.flecks.Count; i++)"
"1.6\Source\WRace\bondageclothes束具的编程\HediffCompProperties_PerformanceEffect.cs","257","FieldOrLocalAssignment","f","props.flecks[i]","var f = props.flecks[i];"
"1.6\Source\WRace\bondageclothes束具的编程\HediffCompProperties_PerformanceEffect.cs","260","FieldOrLocalAssignment","offset","new IntVec3(Rand.RangeInclusive(-1, 1), 0, Rand.RangeInclusive(0, 1))","IntVec3 offset = new IntVec3(Rand.RangeInclusive(-1, 1), 0, Rand.RangeInclusive(0, 1));"
"1.6\Source\WRace\bondageclothes束具的编程\HediffCompProperties_PerformanceEffect.cs","260","NumericLiteral","","-1","IntVec3 offset = new IntVec3(Rand.RangeInclusive(-1, 1), 0, Rand.RangeInclusive(0, 1));"
"1.6\Source\WRace\bondageclothes束具的编程\HediffCompProperties_PerformanceEffect.cs","260","NumericLiteral","","1","IntVec3 offset = new IntVec3(Rand.RangeInclusive(-1, 1), 0, Rand.RangeInclusive(0, 1));"
"1.6\Source\WRace\bondageclothes束具的编程\HediffCompProperties_PerformanceEffect.cs","260","NumericLiteral","","0","IntVec3 offset = new IntVec3(Rand.RangeInclusive(-1, 1), 0, Rand.RangeInclusive(0, 1));"
"1.6\Source\WRace\bondageclothes束具的编程\HediffCompProperties_PerformanceEffect.cs","260","NumericLiteral","","0","IntVec3 offset = new IntVec3(Rand.RangeInclusive(-1, 1), 0, Rand.RangeInclusive(0, 1));"
"1.6\Source\WRace\bondageclothes束具的编程\HediffCompProperties_PerformanceEffect.cs","260","NumericLiteral","","1","IntVec3 offset = new IntVec3(Rand.RangeInclusive(-1, 1), 0, Rand.RangeInclusive(0, 1));"
"1.6\Source\WRace\bondageclothes束具的编程\HediffCompProperties_PerformanceEffect.cs","261","FieldOrLocalAssignment","pos","pawn.Position + offset","IntVec3 pos = pawn.Position + offset;"
"1.6\Source\WRace\bondageclothes束具的编程\HediffCompProperties_PerformanceEffect.cs","264","FieldOrLocalAssignment","data","FleckMaker.GetDataStatic(pos.ToVector3Shifted(), pawn.Map, f.fleck, 0.42f)","var data = FleckMaker.GetDataStatic(pos.ToVector3Shifted(), pawn.Map, f.fleck, 0.42f);"
"1.6\Source\WRace\bondageclothes束具的编程\HediffCompProperties_PerformanceEffect.cs","264","NumericLiteral","","0.42f","var data = FleckMaker.GetDataStatic(pos.ToVector3Shifted(), pawn.Map, f.fleck, 0.42f);"
"1.6\Source\WRace\bondageclothes束具的编程\HediffCompProperties_PerformanceEffect.cs","265","NumericLiteral","","0f","data.velocityAngle = 0f;"
"1.6\Source\WRace\bondageclothes束具的编程\HediffCompProperties_PerformanceEffect.cs","266","NumericLiteral","","0.2f","data.velocitySpeed = Rand.Range(0.2f, 0.5f);"
"1.6\Source\WRace\bondageclothes束具的编程\HediffCompProperties_PerformanceEffect.cs","266","NumericLiteral","","0.5f","data.velocitySpeed = Rand.Range(0.2f, 0.5f);"
"1.6\Source\WRace\bondageclothes束具的编程\HediffCompProperties_PerformanceEffect.cs","269","NumericLiteral","","1","nextFleckTicks[i] = age + Mathf.Max(1, f.loopInterval);"
"1.6\Source\WRace\bondageclothes束具的编程\HediffCompProperties_PerformanceEffect.cs","282","TranslateKey","","MooGirl.BrainwashStart","Messages.Message(""MooGirl.BrainwashStart"".Translate(pawn.LabelShortCap), pawn, MessageTypeDefOf.NegativeEvent);"
"1.6\Source\WRace\bondageclothes束具的编程\HediffCompProperties_PerformanceEffect.cs","282","MessageOrLog","","","Messages.Message(""MooGirl.BrainwashStart"".Translate(pawn.LabelShortCap), pawn, MessageTypeDefOf.NegativeEvent);"
"1.6\Source\WRace\bondageclothes束具的编程\HediffCompProperties_PerformanceEffect.cs","292","TranslateKey","","MooGirl.BrainwashEnd","Messages.Message(""MooGirl.BrainwashEnd"".Translate(pawn.LabelShortCap), pawn, MessageTypeDefOf.PositiveEvent);"
"1.6\Source\WRace\bondageclothes束具的编程\HediffCompProperties_PerformanceEffect.cs","292","MessageOrLog","","","Messages.Message(""MooGirl.BrainwashEnd"".Translate(pawn.LabelShortCap), pawn, MessageTypeDefOf.PositiveEvent);"
"1.6\Source\WRace\bondageclothes束具的编程\HediffCompProperties_PerformanceEffect.cs","311","FieldOrLocalAssignment","mote","ThingMaker.MakeThing(props.moteToShowOnHead, null) as Mote","Mote mote = ThingMaker.MakeThing(props.moteToShowOnHead, null) as Mote;"
"1.6\Source\WRace\bondageclothes束具的编程\HediffCompProperties_PerformanceEffect.cs","315","NumericLiteral","","0f","mote.Attach(pawn, new Vector3(0f, 0f, 0.5f), false);"
"1.6\Source\WRace\bondageclothes束具的编程\HediffCompProperties_PerformanceEffect.cs","315","NumericLiteral","","0f","mote.Attach(pawn, new Vector3(0f, 0f, 0.5f), false);"
"1.6\Source\WRace\bondageclothes束具的编程\HediffCompProperties_PerformanceEffect.cs","315","NumericLiteral","","0.5f","mote.Attach(pawn, new Vector3(0f, 0f, 0.5f), false);"
"1.6\Source\WRace\bondageclothes束具的编程\HediffCompProperties_PerformanceEffect.cs","327","FieldOrLocalAssignment","completionTick","Mathf.Max(1, props.triggerTicks + props.stunDelayTicks + props.stunDurationTicks)","int completionTick = Mathf.Max(1, props.triggerTicks + props.stunDelayTicks + props.stunDurationTicks);"
"1.6\Source\WRace\bondageclothes束具的编程\HediffCompProperties_PerformanceEffect.cs","327","NumericLiteral","","1","int completionTick = Mathf.Max(1, props.triggerTicks + props.stunDelayTicks + props.stunDurationTicks);"
"1.6\Source\WRace\bondageclothes束具的编程\HediffCompProperties_PerformanceEffect.cs","336","NumericLiteral","","0","for (int i = 0; i < props.sounds.Count; i++)"
"1.6\Source\WRace\bondageclothes束具的编程\HediffCompProperties_PerformanceEffect.cs","344","NumericLiteral","","0","for (int i = 0; i < props.flecks.Count; i++)"
"1.6\Source\WRace\bondageclothes束具的编程\HediffCompProperties_PerformanceEffect.cs","352","NumericLiteral","","0","for (int i = 0; i < props.texts.Count; i++)"
"1.6\Source\WRace\bondageclothes束具的编程\HediffCompProperties_PerformanceEffect.cs","373","FieldOrLocalAssignment","activePerformances","new List<ActiveBrainwashPerformance>()","private List<ActiveBrainwashPerformance> activePerformances = new List<ActiveBrainwashPerformance>();"
"1.6\Source\WRace\bondageclothes束具的编程\HediffCompProperties_PerformanceEffect.cs","388","FieldOrLocalAssignment","comp","Current.Game?.GetComponent<GameComponent_BrainwashPerformance>()","GameComponent_BrainwashPerformance comp = Current.Game?.GetComponent<GameComponent_BrainwashPerformance>();"
"1.6\Source\WRace\bondageclothes束具的编程\HediffCompProperties_PerformanceEffect.cs","399","NumericLiteral","","0","if (activePerformances == null || activePerformances.Count == 0)"
"1.6\Source\WRace\bondageclothes束具的编程\HediffCompProperties_PerformanceEffect.cs","402","NumericLiteral","","1","for (int i = activePerformances.Count - 1; i >= 0; i--)"
"1.6\Source\WRace\bondageclothes束具的编程\HediffCompProperties_PerformanceEffect.cs","402","NumericLiteral","","0","for (int i = activePerformances.Count - 1; i >= 0; i--)"
"1.6\Source\WRace\bondageclothes束具的编程\HediffCompProperties_PerformanceEffect.cs","404","FieldOrLocalAssignment","performance","activePerformances[i]","ActiveBrainwashPerformance performance = activePerformances[i];"
"1.6\Source\WRace\bondageclothes束具的编程\HediffCompProperties_PerformanceEffect.cs","425","FieldOrLocalAssignment","props","GetPerformanceProps(sourceHediffDef)","CompProperties_PerformanceEffect props = GetPerformanceProps(sourceHediffDef);"
"1.6\Source\WRace\bondageclothes束具的编程\HediffCompProperties_PerformanceEffect.cs","434","NumericLiteral","","1","for (int i = activePerformances.Count - 1; i >= 0; i--)"
"1.6\Source\WRace\bondageclothes束具的编程\HediffCompProperties_PerformanceEffect.cs","434","NumericLiteral","","0","for (int i = activePerformances.Count - 1; i >= 0; i--)"
"1.6\Source\WRace\bondageclothes束具的编程\HediffCompProperties_PerformanceEffect.cs","443","FieldOrLocalAssignment","performance","new ActiveBrainwashPerformance()","ActiveBrainwashPerformance performance = new ActiveBrainwashPerformance();"
"1.6\Source\WRace\bondageclothes束具的编程\HediffCompProperties_PerformanceEffect.cs","468","FieldOrLocalAssignment","player","new BrainwashPerformancePlayer()","private BrainwashPerformancePlayer player = new BrainwashPerformancePlayer();"
"1.6\Source\WRace\bondageclothes束具的编程\HediffCompProperties_PerformanceEffect.cs","470","FieldOrLocalAssignment","Pawn","> pawn","public Pawn Pawn => pawn;"
"1.6\Source\WRace\bondageclothes束具的编程\HediffCompProperties_PerformanceEffect.cs","485","FieldOrLocalAssignment","props","GetPerformanceProps(sourceHediffDef)","CompProperties_PerformanceEffect props = GetPerformanceProps(sourceHediffDef);"
"1.6\Source\WRace\bondageclothes束具的编程\HediffCompProperties_PerformanceEffect.cs","517","FieldOrLocalAssignment","performancePlayer","new BrainwashPerformancePlayer()","private BrainwashPerformancePlayer performancePlayer = new BrainwashPerformancePlayer();"
"1.6\Source\WRace\bondageclothes束具的编程\HediffCompProperties_PerformanceEffect.cs","520","FieldOrLocalAssignment","Props","> (CompProperties_PerformanceEffect)props","public CompProperties_PerformanceEffect Props => (CompProperties_PerformanceEffect)props;"
"1.6\Source\WRace\bondageclothes束具的编程\HediffCompProperties_ReduceWillorEnslave.cs","16","FieldOrLocalAssignment","triggerTicks","600","public int triggerTicks = 600;"
"1.6\Source\WRace\bondageclothes束具的编程\HediffCompProperties_ReduceWillorEnslave.cs","16","NumericLiteral","","600","public int triggerTicks = 600;"
"1.6\Source\WRace\bondageclothes束具的编程\HediffCompProperties_ReduceWillorEnslave.cs","19","FieldOrLocalAssignment","reduceWill","false","public bool reduceWill = false;"
"1.6\Source\WRace\bondageclothes束具的编程\HediffCompProperties_ReduceWillorEnslave.cs","22","FieldOrLocalAssignment","makeSlave","false","public bool makeSlave = false;"
"1.6\Source\WRace\bondageclothes束具的编程\HediffCompProperties_ReduceWillorEnslave.cs","25","FieldOrLocalAssignment","willReductionAmount","10f","public float willReductionAmount = 10f;"
"1.6\Source\WRace\bondageclothes束具的编程\HediffCompProperties_ReduceWillorEnslave.cs","25","NumericLiteral","","10f","public float willReductionAmount = 10f;"
"1.6\Source\WRace\bondageclothes束具的编程\HediffCompProperties_ReduceWillorEnslave.cs","30","FieldOrLocalAssignment","age","0","private int age = 0;"
"1.6\Source\WRace\bondageclothes束具的编程\HediffCompProperties_ReduceWillorEnslave.cs","30","NumericLiteral","","0","private int age = 0;"
"1.6\Source\WRace\bondageclothes束具的编程\HediffCompProperties_ReduceWillorEnslave.cs","32","FieldOrLocalAssignment","Props","> (CompProperties_ReduceWillorEnslave)props","public CompProperties_ReduceWillorEnslave Props => (CompProperties_ReduceWillorEnslave)props;"
"1.6\Source\WRace\bondageclothes束具的编程\HediffCompProperties_ReduceWillorEnslave.cs","64","FieldOrLocalAssignment","willpowerToReduce","Mathf.Min(Pawn.guest.will, Props.willReductionAmount)","float willpowerToReduce = Mathf.Min(Pawn.guest.will, Props.willReductionAmount);"
"1.6\Source\WRace\bondageclothes束具的编程\HediffCompProperties_ReduceWillorEnslave.cs","65","NumericLiteral","","0f","Pawn.guest.will = Mathf.Max(0f, Pawn.guest.will - willpowerToReduce);"
"1.6\Source\WRace\bondageclothes束具的编程\HediffCompProperties_ReduceWillorEnslave.cs","75","NumericLiteral","","0f","Pawn.guest.will = 0f;"
"1.6\Source\WRace\bondageclothes束具的编程\HediffCompProperties_ReduceWillorEnslave.cs","82","ScribeDefault","age","0","Scribe_Values.Look(ref age, ""age"", 0);"
"1.6\Source\WRace\bondageclothes束具的编程\HediffCompProperties_ReduceWillorEnslave.cs","82","NumericLiteral","","0","Scribe_Values.Look(ref age, ""age"", 0);"
"1.6\Source\WRace\bondageclothes束具的编程\HediffCompProperties_SuppressionEnhancer.cs","17","FieldOrLocalAssignment","triggerTicks","600","public int triggerTicks = 600;"
"1.6\Source\WRace\bondageclothes束具的编程\HediffCompProperties_SuppressionEnhancer.cs","17","NumericLiteral","","600","public int triggerTicks = 600;"
"1.6\Source\WRace\bondageclothes束具的编程\HediffCompProperties_SuppressionEnhancer.cs","20","FieldOrLocalAssignment","enhancedMode","false","public bool enhancedMode = false;"
"1.6\Source\WRace\bondageclothes束具的编程\HediffCompProperties_SuppressionEnhancer.cs","23","FieldOrLocalAssignment","regularAmount","0.10f","public float regularAmount = 0.10f;"
"1.6\Source\WRace\bondageclothes束具的编程\HediffCompProperties_SuppressionEnhancer.cs","23","NumericLiteral","","0.10f","public float regularAmount = 0.10f;"
"1.6\Source\WRace\bondageclothes束具的编程\HediffCompProperties_SuppressionEnhancer.cs","26","FieldOrLocalAssignment","enhancedAmount","0.30f","public float enhancedAmount = 0.30f;"
"1.6\Source\WRace\bondageclothes束具的编程\HediffCompProperties_SuppressionEnhancer.cs","26","NumericLiteral","","0.30f","public float enhancedAmount = 0.30f;"
"1.6\Source\WRace\bondageclothes束具的编程\HediffCompProperties_SuppressionEnhancer.cs","33","FieldOrLocalAssignment","Props","> (CompProperties_SuppressionEnhancer)this.props","public CompProperties_SuppressionEnhancer Props => (CompProperties_SuppressionEnhancer)this.props;"
"1.6\Source\WRace\bondageclothes束具的编程\HediffCompProperties_SuppressionEnhancer.cs","42","NumericLiteral","","0","age = 0;"
"1.6\Source\WRace\bondageclothes束具的编程\HediffCompProperties_SuppressionEnhancer.cs","52","FieldOrLocalAssignment","suppression","Pawn.needs?.TryGetNeed<Need_Suppression>()","Need_Suppression suppression = Pawn.needs?.TryGetNeed<Need_Suppression>();"
"1.6\Source\WRace\bondageclothes束具的编程\HediffCompProperties_SuppressionEnhancer.cs","55","FieldOrLocalAssignment","amount","Props.enhancedMode ? Props.enhancedAmount : Props.regularAmount","float amount = Props.enhancedMode ? Props.enhancedAmount : Props.regularAmount;"
"1.6\Source\WRace\bondageclothes束具的编程\HediffCompProperties_SuppressionEnhancer.cs","58","NumericLiteral","","6f","MoteMaker.ThrowText(Pawn.DrawPos, Pawn.Map, ""MooGirl.SuppressionIncrease"".Translate(amount.ToStringPercent()), Color.yellow, 6f);"
"1.6\Source\WRace\bondageclothes束具的编程\HediffCompProperties_SuppressionEnhancer.cs","58","TranslateKey","","MooGirl.SuppressionIncrease","MoteMaker.ThrowText(Pawn.DrawPos, Pawn.Map, ""MooGirl.SuppressionIncrease"".Translate(amount.ToStringPercent()), Color.yellow, 6f);"
"1.6\Source\WRace\bondageclothes束具的编程\HediffCompProperties_SuppressionEnhancer.cs","58","MessageOrLog","","","MoteMaker.ThrowText(Pawn.DrawPos, Pawn.Map, ""MooGirl.SuppressionIncrease"".Translate(amount.ToStringPercent()), Color.yellow, 6f);"
"1.6\Source\WRace\bondageclothes束具的编程\HediffCompProperties_SuppressionEnhancer.cs","64","ScribeDefault","age","0","Scribe_Values.Look(ref age, ""age"", 0);"
"1.6\Source\WRace\bondageclothes束具的编程\HediffCompProperties_SuppressionEnhancer.cs","64","NumericLiteral","","0","Scribe_Values.Look(ref age, ""age"", 0);"
"1.6\Source\WRace\bondageclothes束具的编程\JobDriver_CrackBondageGear.cs","10","FieldOrLocalAssignment","iitem","TargetIndex.A","protected TargetIndex iitem = TargetIndex.A;  // 破解工具"
"1.6\Source\WRace\bondageclothes束具的编程\JobDriver_CrackBondageGear.cs","11","FieldOrLocalAssignment","appear","TargetIndex.B","protected TargetIndex appear = TargetIndex.B; // 目标装备"
"1.6\Source\WRace\bondageclothes束具的编程\JobDriver_CrackBondageGear.cs","26","NumericLiteral","","1","return pawn.Reserve(item, job, 1, -1, null, errorOnFailed) &&"
"1.6\Source\WRace\bondageclothes束具的编程\JobDriver_CrackBondageGear.cs","26","NumericLiteral","","-1","return pawn.Reserve(item, job, 1, -1, null, errorOnFailed) &&"
"1.6\Source\WRace\bondageclothes束具的编程\JobDriver_CrackBondageGear.cs","27","NumericLiteral","","1","pawn.Reserve(targetApparel, job, 1, -1, null, errorOnFailed);"
"1.6\Source\WRace\bondageclothes束具的编程\JobDriver_CrackBondageGear.cs","27","NumericLiteral","","-1","pawn.Reserve(targetApparel, job, 1, -1, null, errorOnFailed);"
"1.6\Source\WRace\bondageclothes束具的编程\JobDriver_CrackBondageGear.cs","33","FieldOrLocalAssignment","apparel","targetApparel as Apparel","Apparel apparel = targetApparel as Apparel;"
"1.6\Source\WRace\bondageclothes束具的编程\JobDriver_CrackBondageGear.cs","56","NumericLiteral","","1","pawn.carryTracker.TryStartCarry(item, 1);"
"1.6\Source\WRace\bondageclothes束具的编程\JobDriver_CrackBondageGear.cs","66","NumericLiteral","","60","yield return Toils_General.Wait(60)"
"1.6\Source\WRace\bondageclothes束具的编程\JobDriver_CrackBondageGear.cs","75","FieldOrLocalAssignment","compEffect","item.TryGetComp<CompTargetCrackBondageGear>()","CompTargetCrackBondageGear compEffect = item.TryGetComp<CompTargetCrackBondageGear>();"
"1.6\Source\WRace\bondageclothes束具的编程\JobDriver_UnlockSlaveApperalGear.cs","10","FieldOrLocalAssignment","iitem","TargetIndex.A","protected TargetIndex iitem = TargetIndex.A;"
"1.6\Source\WRace\bondageclothes束具的编程\JobDriver_UnlockSlaveApperalGear.cs","11","FieldOrLocalAssignment","itar","TargetIndex.B","protected TargetIndex itar = TargetIndex.B;"
"1.6\Source\WRace\bondageclothes束具的编程\JobDriver_UnlockSlaveApperalGear.cs","12","FieldOrLocalAssignment","appear","TargetIndex.C","protected TargetIndex appear = TargetIndex.C;"
"1.6\Source\WRace\bondageclothes束具的编程\JobDriver_UnlockSlaveApperalGear.cs","18","FieldOrLocalAssignment","target","job.GetTarget(iitem)","var target = job.GetTarget(iitem);"
"1.6\Source\WRace\bondageclothes束具的编程\JobDriver_UnlockSlaveApperalGear.cs","43","FieldOrLocalAssignment","reservePawn","targetPawn != pawn ? pawn.Reserve(targetPawn, job, 1, -1, null, errorOnFailed) : true","bool reservePawn = targetPawn != pawn ? pawn.Reserve(targetPawn, job, 1, -1, null, errorOnFailed) : true;"
"1.6\Source\WRace\bondageclothes束具的编程\JobDriver_UnlockSlaveApperalGear.cs","43","NumericLiteral","","1","bool reservePawn = targetPawn != pawn ? pawn.Reserve(targetPawn, job, 1, -1, null, errorOnFailed) : true;"
"1.6\Source\WRace\bondageclothes束具的编程\JobDriver_UnlockSlaveApperalGear.cs","43","NumericLiteral","","-1","bool reservePawn = targetPawn != pawn ? pawn.Reserve(targetPawn, job, 1, -1, null, errorOnFailed) : true;"
"1.6\Source\WRace\bondageclothes束具的编程\JobDriver_UnlockSlaveApperalGear.cs","46","NumericLiteral","","1","(targetApparel != null ? pawn.Reserve(targetApparel, job, 1, -1, null, errorOnFailed) : true);"
"1.6\Source\WRace\bondageclothes束具的编程\JobDriver_UnlockSlaveApperalGear.cs","46","NumericLiteral","","-1","(targetApparel != null ? pawn.Reserve(targetApparel, job, 1, -1, null, errorOnFailed) : true);"
"1.6\Source\WRace\bondageclothes束具的编程\JobDriver_UnlockSlaveApperalGear.cs","51","FieldOrLocalAssignment","itemToUse","null","Thing itemToUse = null;"
"1.6\Source\WRace\bondageclothes束具的编程\JobDriver_UnlockSlaveApperalGear.cs","66","FieldOrLocalAssignment","apparel","targetApparel as SlaveApparel","SlaveApparel apparel = targetApparel as SlaveApparel;"
"1.6\Source\WRace\bondageclothes束具的编程\JobDriver_UnlockSlaveApperalGear.cs","87","NumericLiteral","","1","pawn.carryTracker.TryStartCarry(item, 1);"
"1.6\Source\WRace\bondageclothes束具的编程\JobDriver_UnlockSlaveApperalGear.cs","104","MessageOrLog","","","Log.Warning(""Unlocking failed: targetPawn or targetApparel is null"");"
"1.6\Source\WRace\bondageclothes束具的编程\JobDriver_UnlockSlaveApperalGear.cs","109","NumericLiteral","","0","if (apparel.lockCount <= 0)"
"1.6\Source\WRace\bondageclothes束具的编程\JobDriver_UnlockSlaveApperalGear.cs","112","FieldOrLocalAssignment","apparelToUnlock","targetApparel","Apparel apparelToUnlock = targetApparel;"
"1.6\Source\WRace\bondageclothes束具的编程\JobDriver_UnlockSlaveApperalGear.cs","113","FieldOrLocalAssignment","pawnToUnlock","targetPawn","Pawn pawnToUnlock = targetPawn;"
"1.6\Source\WRace\bondageclothes束具的编程\JobDriver_UnlockSlaveApperalGear.cs","119","TranslateKey","","MooGirl.SlaveApparelFullyUnlocked","Messages.Message(""MooGirl.SlaveApparelFullyUnlocked"".Translate(pawnToUnlock.LabelShort), pawnToUnlock, MessageTypeDefOf.PositiveEvent);"
"1.6\Source\WRace\bondageclothes束具的编程\JobDriver_UnlockSlaveApperalGear.cs","119","MessageOrLog","","","Messages.Message(""MooGirl.SlaveApparelFullyUnlocked"".Translate(pawnToUnlock.LabelShort), pawnToUnlock, MessageTypeDefOf.PositiveEvent);"
"1.6\Source\WRace\bondageclothes束具的编程\JobDriver_UnlockSlaveApperalGear.cs","124","TranslateKey","","MooGirl.SlaveApparelUnlockPartial","Messages.Message(""MooGirl.SlaveApparelUnlockPartial"".Translate(pawn.LabelShort, targetPawn.LabelShort, apparel.lockCount), targetPawn, MessageTypeDefOf.PositiveEvent);"
"1.6\Source\WRace\bondageclothes束具的编程\JobDriver_UnlockSlaveApperalGear.cs","124","MessageOrLog","","","Messages.Message(""MooGirl.SlaveApparelUnlockPartial"".Translate(pawn.LabelShort, targetPawn.LabelShort, apparel.lockCount), targetPawn, MessageTypeDefOf.PositiveEvent);"
"1.6\Source\WRace\bondageclothes束具的编程\JobDriver_UseItemOn.cs","16","NumericLiteral","","1","p.carryTracker.TryStartCarry(item, 1);"
"1.6\Source\WRace\bondageclothes束具的编程\JobDriver_UseItemOn.cs","24","FieldOrLocalAssignment","iitem","TargetIndex.A","protected TargetIndex iitem = TargetIndex.A;"
"1.6\Source\WRace\bondageclothes束具的编程\JobDriver_UseItemOn.cs","26","FieldOrLocalAssignment","itar","TargetIndex.B","protected TargetIndex itar = TargetIndex.B;"
"1.6\Source\WRace\bondageclothes束具的编程\JobDriver_UseItemOn.cs","27","FieldOrLocalAssignment","appear","TargetIndex.C","protected TargetIndex appear = TargetIndex.C;"
"1.6\Source\WRace\bondageclothes束具的编程\JobDriver_UseItemOn.cs","53","FieldOrLocalAssignment","corpse","tar as Corpse","var corpse = tar as Corpse;"
"1.6\Source\WRace\bondageclothes束具的编程\JobDriver_UseItemOn.cs","80","NumericLiteral","","60","PawnUtility.ForceWait(other, 60);"
"1.6\Source\WRace\bondageclothes束具的编程\JobDriver_UseItemOn.cs","83","NumericLiteral","","60","defaultDuration = 60"
"1.6\Source\WRace\bondageclothes束具的编程\JobDriver_UseItemOn.cs","90","FieldOrLocalAssignment","effective_item","item","var effective_item = item;"
"1.6\Source\WRace\bondageclothes束具的编程\JobDriver_UseItemOn.cs","104","FieldOrLocalAssignment","eff","effective_item.TryGetComp<CompUseEffect>()","var eff = effective_item.TryGetComp<CompUseEffect>();"
"1.6\Source\WRace\bondageclothes束具的编程\Mod.cs","18","FieldOrLocalAssignment","allArmorDefs","new List<SlaveApparelDef>()","public static List<SlaveApparelDef> allArmorDefs = new List<SlaveApparelDef>();"
"1.6\Source\WRace\bondageclothes束具的编程\Mod.cs","39","FieldOrLocalAssignment","listingStandard","new Listing_Standard()","Listing_Standard listingStandard = new Listing_Standard();"
"1.6\Source\WRace\bondageclothes束具的编程\Mod.cs","42","NumericLiteral","","12f","listingStandard.Gap(12f);"
"1.6\Source\WRace\bondageclothes束具的编程\Mod.cs","48","NumericLiteral","","12f","listingStandard.Gap(12f);"
"1.6\Source\WRace\bondageclothes束具的编程\Mod.cs","50","NumericLiteral","","1","""开启后，雪牛娘的自己榨乳和他人榨乳工作时间都会缩短为 1 秒。"");"
"1.6\Source\WRace\bondageclothes束具的编程\Mod.cs","52","NumericLiteral","","12f","listingStandard.Gap(12f);"
"1.6\Source\WRace\bondageclothes束具的编程\Mod.cs","53","FieldOrLocalAssignment","oldAdultContent","settings.enableAdultContent","bool oldAdultContent = settings.enableAdultContent;"
"1.6\Source\WRace\bondageclothes束具的编程\Mod.cs","54","FieldOrLocalAssignment","enableAdultContent","settings.enableAdultContent","bool enableAdultContent = settings.enableAdultContent;"
"1.6\Source\WRace\bondageclothes束具的编程\Mod.cs","78","ScribeDefault","enableStructuralCrashEvent","true","Scribe_Values.Look(ref enableStructuralCrashEvent, ""enableStructuralCrashEvent"", true);"
"1.6\Source\WRace\bondageclothes束具的编程\Mod.cs","79","ScribeDefault","enableAdultContent","false","Scribe_Values.Look(ref enableAdultContent, ""enableAdultContent"", false);"
"1.6\Source\WRace\bondageclothes束具的编程\Mod.cs","80","ScribeDefault","enableFastMilking","false","Scribe_Values.Look(ref enableFastMilking, ""enableFastMilking"", false);"
"1.6\Source\WRace\bondageclothes束具的编程\Mod.cs","86","FieldOrLocalAssignment","listingStandard","new Listing_Standard()","Listing_Standard listingStandard = new Listing_Standard();"
"1.6\Source\WRace\bondageclothes束具的编程\Mod.cs","91","FieldOrLocalAssignment","enableStructuralCrashEvent","true","public bool enableStructuralCrashEvent = true;"
"1.6\Source\WRace\bondageclothes束具的编程\Mod.cs","93","FieldOrLocalAssignment","enableAdultContent","false","public bool enableAdultContent = false;"
"1.6\Source\WRace\bondageclothes束具的编程\Mod.cs","95","FieldOrLocalAssignment","enableFastMilking","false","public bool enableFastMilking = false;"
"1.6\Source\WRace\bondageclothes束具的编程\PawnBool.cs","14","FieldOrLocalAssignment","name","who.Label","string name = who.Label;"
"1.6\Source\WRace\bondageclothes束具的编程\SlaveApperal_extensions.cs","88","FieldOrLocalAssignment","comfor","usa.parent.GetComp<CompForbiddable>()","var comfor = usa.parent.GetComp<CompForbiddable>();"
"1.6\Source\WRace\bondageclothes束具的编程\SlaveApperal_extensions.cs","91","FieldOrLocalAssignment","job","JobMaker.MakeJob(((CompProperties_Usable)usa.props).useJob, usa.parent, tar, apparel)","var job = JobMaker.MakeJob(((CompProperties_Usable)usa.props).useJob, usa.parent, tar, apparel);"
"1.6\Source\WRace\bondageclothes束具的编程\SlaveApperal_extensions.cs","111","FieldOrLocalAssignment","text","""MooGirl.Reserved"".Translate()","string text = ""MooGirl.Reserved"".Translate();"
"1.6\Source\WRace\bondageclothes束具的编程\SlaveApperal_extensions.cs","111","TranslateKey","","MooGirl.Reserved","string text = ""MooGirl.Reserved"".Translate();"
"1.6\Source\WRace\bondageclothes束具的编程\SlaveApperal_extensions.cs","121","FieldOrLocalAssignment","text","""MooGirl.NoPath"".Translate()","string text = ""MooGirl.NoPath"".Translate();"
"1.6\Source\WRace\bondageclothes束具的编程\SlaveApperal_extensions.cs","121","TranslateKey","","MooGirl.NoPath","string text = ""MooGirl.NoPath"".Translate();"
"1.6\Source\WRace\bondageclothes束具的编程\SlaveApperal_extensions.cs","130","FieldOrLocalAssignment","text","""MooGirl.CannotPrioritizeWorkTypeDisabled"".Translate(required_work.gerundLabel)","string text = ""MooGirl.CannotPrioritizeWorkTypeDisabled"".Translate(required_work.gerundLabel);"
"1.6\Source\WRace\bondageclothes束具的编程\SlaveApperal_extensions.cs","130","TranslateKey","","MooGirl.CannotPrioritizeWorkTypeDisabled","string text = ""MooGirl.CannotPrioritizeWorkTypeDisabled"".Translate(required_work.gerundLabel);"
"1.6\Source\WRace\bondageclothes束具的编程\SlaveApperal_extensions.cs","140","FieldOrLocalAssignment","target","null","Pawn target = null;"
"1.6\Source\WRace\bondageclothes束具的编程\SlaveApperal_extensions.cs","164","FieldOrLocalAssignment","ops","new List<FloatMenuOption>()","List<FloatMenuOption> ops = new List<FloatMenuOption>();"
"1.6\Source\WRace\bondageclothes束具的编程\SlaveApperal_extensions.cs","179","TranslateKey","","MooGirl.WrongKeyType","""MooGirl.WrongKeyType"".Translate(item.Label), // 翻译并传装备名"
"1.6\Source\WRace\bondageclothes束具的编程\SlaveApperal_extensions.cs","184","NumericLiteral","","0f","0f,"
"1.6\Source\WRace\GeneAndAbility\CompProperties_AbilityEffect_ForceJob.cs","12","FieldOrLocalAssignment","radius","6f","public float radius = 6f;"
"1.6\Source\WRace\GeneAndAbility\CompProperties_AbilityEffect_ForceJob.cs","12","NumericLiteral","","6f","public float radius = 6f;"
"1.6\Source\WRace\GeneAndAbility\CompProperties_AbilityEffect_ForceJob.cs","36","FieldOrLocalAssignment","caster","parent.pawn","Pawn caster = parent.pawn;"
"1.6\Source\WRace\GeneAndAbility\CompProperties_AbilityEffect_ForceJob.cs","37","FieldOrLocalAssignment","map","caster.Map","Map map = caster.Map;"
"1.6\Source\WRace\GeneAndAbility\CompProperties_AbilityEffect_ForceJob.cs","49","FieldOrLocalAssignment","job","JobMaker.MakeJob(Props.jobDef, caster)","Job job = JobMaker.MakeJob(Props.jobDef, caster);"
"1.6\Source\WRace\GeneAndAbility\CompProperties_AbilityEffect_ForceJob.cs","68","FieldOrLocalAssignment","job","JobMaker.MakeJob(Props.jobDef, parent.pawn)","Job job = JobMaker.MakeJob(Props.jobDef, parent.pawn);"
"1.6\Source\WRace\GeneAndAbility\CompProperties_AbilityEffect_ForceJob.cs","88","FieldOrLocalAssignment","targetPawn","target.Thing as Pawn","Pawn targetPawn = target.Thing as Pawn;"
"1.6\Source\WRace\GeneAndAbility\HediffCompProperties_CheckJobOrRemove.cs","30","FieldOrLocalAssignment","pawn","this.parent.pawn","Pawn pawn = this.parent.pawn;"
"1.6\Source\WRace\GeneAndAbility\HediffCompProperties_CheckJobOrRemove.cs","42","FieldOrLocalAssignment","curJob","pawn.CurJob","Job curJob = pawn.CurJob;"
"1.6\Source\WRace\GeneAndAbility\JobDriver_CastCharge.cs","13","ConstAssignment","SmallPawnThreshold","1f","private const float SmallPawnThreshold = 1f;"
"1.6\Source\WRace\GeneAndAbility\JobDriver_CastCharge.cs","13","NumericLiteral","","1f","private const float SmallPawnThreshold = 1f;"
"1.6\Source\WRace\GeneAndAbility\JobDriver_CastCharge.cs","14","FieldOrLocalAssignment","hitPawns","new HashSet<Pawn>()","private HashSet<Pawn> hitPawns = new HashSet<Pawn>();"
"1.6\Source\WRace\GeneAndAbility\JobDriver_CastCharge.cs","17","ConstAssignment","SmokeGenerationInterval","10","private const int SmokeGenerationInterval = 10;  // 每10 ticks生成一次"
"1.6\Source\WRace\GeneAndAbility\JobDriver_CastCharge.cs","17","NumericLiteral","","10","private const int SmokeGenerationInterval = 10;  // 每10 ticks生成一次"
"1.6\Source\WRace\GeneAndAbility\JobDriver_CastCharge.cs","18","FieldOrLocalAssignment","ticksSinceSmokeGeneration","0","private int ticksSinceSmokeGeneration = 0;  // 计时器"
"1.6\Source\WRace\GeneAndAbility\JobDriver_CastCharge.cs","18","NumericLiteral","","0","private int ticksSinceSmokeGeneration = 0;  // 计时器"
"1.6\Source\WRace\GeneAndAbility\JobDriver_CastCharge.cs","30","FieldOrLocalAssignment","target","job.targetA.Thing as Pawn","Pawn target = job.targetA.Thing as Pawn;"
"1.6\Source\WRace\GeneAndAbility\JobDriver_CastCharge.cs","41","FieldOrLocalAssignment","gotoToil","Toils_Goto.GotoThing(TargetIndex.A, PathEndMode.Touch)","Toil gotoToil = Toils_Goto.GotoThing(TargetIndex.A, PathEndMode.Touch);"
"1.6\Source\WRace\GeneAndAbility\JobDriver_CastCharge.cs","48","NumericLiteral","","2f","2f,"
"1.6\Source\WRace\GeneAndAbility\JobDriver_CastCharge.cs","57","NumericLiteral","","3f","dinfo = new DamageInfo(DamageDefOf.Crush, Rand.Range(3f, 5f), 0f, -1, pawn);"
"1.6\Source\WRace\GeneAndAbility\JobDriver_CastCharge.cs","57","NumericLiteral","","5f","dinfo = new DamageInfo(DamageDefOf.Crush, Rand.Range(3f, 5f), 0f, -1, pawn);"
"1.6\Source\WRace\GeneAndAbility\JobDriver_CastCharge.cs","57","NumericLiteral","","0f","dinfo = new DamageInfo(DamageDefOf.Crush, Rand.Range(3f, 5f), 0f, -1, pawn);"
"1.6\Source\WRace\GeneAndAbility\JobDriver_CastCharge.cs","57","NumericLiteral","","-1","dinfo = new DamageInfo(DamageDefOf.Crush, Rand.Range(3f, 5f), 0f, -1, pawn);"
"1.6\Source\WRace\GeneAndAbility\JobDriver_CastCharge.cs","61","NumericLiteral","","2f","dinfo = new DamageInfo(DamageDefOf.Blunt, Rand.Range(2f, 3f), 0f, -1, pawn);"
"1.6\Source\WRace\GeneAndAbility\JobDriver_CastCharge.cs","61","NumericLiteral","","3f","dinfo = new DamageInfo(DamageDefOf.Blunt, Rand.Range(2f, 3f), 0f, -1, pawn);"
"1.6\Source\WRace\GeneAndAbility\JobDriver_CastCharge.cs","61","NumericLiteral","","0f","dinfo = new DamageInfo(DamageDefOf.Blunt, Rand.Range(2f, 3f), 0f, -1, pawn);"
"1.6\Source\WRace\GeneAndAbility\JobDriver_CastCharge.cs","61","NumericLiteral","","-1","dinfo = new DamageInfo(DamageDefOf.Blunt, Rand.Range(2f, 3f), 0f, -1, pawn);"
"1.6\Source\WRace\GeneAndAbility\JobDriver_CastCharge.cs","69","FieldOrLocalAssignment","direction","(p.Position.ToVector3() - pawn.Position.ToVector3()).normalized","Vector3 direction = (p.Position.ToVector3() - pawn.Position.ToVector3()).normalized;"
"1.6\Source\WRace\GeneAndAbility\JobDriver_CastCharge.cs","70","NumericLiteral","","1","flyTargetPosition = p.Position + direction.ToIntVec3() * 1;  // 较近的目标位置"
"1.6\Source\WRace\GeneAndAbility\JobDriver_CastCharge.cs","73","FieldOrLocalAssignment","verbProps","new VerbProperties()","VerbProperties verbProps = new VerbProperties();  // 这里需要根据实际的游戏系统来调整"
"1.6\Source\WRace\GeneAndAbility\JobDriver_CastCharge.cs","81","MessageOrLog","","","Log.Message($""Pawn {p.Name} successfully jumped to {flyTargetPosition}."");"
"1.6\Source\WRace\GeneAndAbility\JobDriver_CastCharge.cs","85","MessageOrLog","","","Log.Warning($""Failed to make Pawn {p.Name} jump."");"
"1.6\Source\WRace\GeneAndAbility\JobDriver_CastCharge.cs","93","NumericLiteral","","0","ticksSinceSmokeGeneration = 0;"
"1.6\Source\WRace\GeneAndAbility\JobDriver_CastCharge.cs","101","FieldOrLocalAssignment","attack","new Toil()","Toil attack = new Toil();"
"1.6\Source\WRace\GeneAndAbility\JobDriver_CastCharge.cs","105","FieldOrLocalAssignment","speedHediff","pawn.health.hediffSet.GetFirstHediffOfDef(MooGirl_DefOf.MooGirl_Charge)","Hediff speedHediff = pawn.health.hediffSet.GetFirstHediffOfDef(MooGirl_DefOf.MooGirl_Charge);"
"1.6\Source\WRace\GeneAndAbility\JobDriver_CastCharge.cs","117","NumericLiteral","","50f","50f,"
"1.6\Source\WRace\GeneAndAbility\JobDriver_CastCharge.cs","118","NumericLiteral","","0f","0f,"
"1.6\Source\WRace\GeneAndAbility\JobDriver_CastCharge.cs","119","NumericLiteral","","-1","-1,"
"1.6\Source\WRace\GeneAndAbility\JobDriver_CastCharge.cs","123","FieldOrLocalAssignment","stun","HediffMaker.MakeHediff(MooGirl_DefOf.MooGirl_Stun, target)","var stun = HediffMaker.MakeHediff(MooGirl_DefOf.MooGirl_Stun, target);"
"1.6\Source\WRace\GeneAndAbility\JobDriver_CastCharge.cs","128","FieldOrLocalAssignment","direction","(target.Position.ToVector3() - pawn.Position.ToVector3()).normalized","Vector3 direction = (target.Position.ToVector3() - pawn.Position.ToVector3()).normalized;"
"1.6\Source\WRace\GeneAndAbility\JobDriver_CastCharge.cs","129","FieldOrLocalAssignment","flyTargetPosition","target.Position + direction.ToIntVec3() * 6","IntVec3 flyTargetPosition = target.Position + direction.ToIntVec3() * 6;  // 设置飞行目标"
"1.6\Source\WRace\GeneAndAbility\JobDriver_CastCharge.cs","129","NumericLiteral","","6","IntVec3 flyTargetPosition = target.Position + direction.ToIntVec3() * 6;  // 设置飞行目标"
"1.6\Source\WRace\GeneAndAbility\JobDriver_CastCharge.cs","132","FieldOrLocalAssignment","verbProps","new VerbProperties()","VerbProperties verbProps = new VerbProperties();  // 根据实际的游戏系统来调整"
"1.6\Source\WRace\GeneAndAbility\JobDriver_CastCharge.cs","140","MessageOrLog","","","Log.Message($""Pawn {target.Name} successfully jumped to {flyTargetPosition}."");"
"1.6\Source\WRace\GeneAndAbility\JobDriver_CastCharge.cs","144","MessageOrLog","","","Log.Warning($""Failed to make Pawn {target.Name} jump."");"
"1.6\Source\WRace\GeneAndAbility\JobDriver_CastCharge.cs","158","FieldOrLocalAssignment","smokeCount","Rand.RangeInclusive(3, 5)","int smokeCount = Rand.RangeInclusive(3, 5);"
"1.6\Source\WRace\GeneAndAbility\JobDriver_CastCharge.cs","158","NumericLiteral","","3","int smokeCount = Rand.RangeInclusive(3, 5);"
"1.6\Source\WRace\GeneAndAbility\JobDriver_CastCharge.cs","158","NumericLiteral","","5","int smokeCount = Rand.RangeInclusive(3, 5);"
"1.6\Source\WRace\GeneAndAbility\JobDriver_CastCharge.cs","159","NumericLiteral","","0","for (int i = 0; i < smokeCount; i++)"
"1.6\Source\WRace\GeneAndAbility\JobDriver_CastCharge.cs","162","FieldOrLocalAssignment","direction","(pawn.DrawPos - job.targetA.Thing.DrawPos).normalized","Vector3 direction = (pawn.DrawPos - job.targetA.Thing.DrawPos).normalized;  // 归一化方向向量"
"1.6\Source\WRace\GeneAndAbility\JobDriver_CastCharge.cs","163","FieldOrLocalAssignment","smokePosition","pawn.Position + direction.ToIntVec3() * (i + 1)","IntVec3 smokePosition = pawn.Position + direction.ToIntVec3() * (i + 1);  // 计算烟雾位置"
"1.6\Source\WRace\GeneAndAbility\JobDriver_CastCharge.cs","163","NumericLiteral","","1","IntVec3 smokePosition = pawn.Position + direction.ToIntVec3() * (i + 1);  // 计算烟雾位置"
"1.6\Source\WRace\GeneAndAbility\JobDriver_CastCharge.cs","166","NumericLiteral","","1f","FleckMaker.ThrowSmoke(smokePosition.ToVector3Shifted(), pawn.Map, Rand.Range(1f, 1.5f));"
"1.6\Source\WRace\GeneAndAbility\JobDriver_CastCharge.cs","166","NumericLiteral","","1.5f","FleckMaker.ThrowSmoke(smokePosition.ToVector3Shifted(), pawn.Map, Rand.Range(1f, 1.5f));"
"1.6\Source\WRace\GeneAndAbility\JobDriver_CastCharge.cs","174","NumericLiteral","","1.5f","FleckMaker.ThrowSmoke(pawn.Position.ToVector3Shifted(), pawn.Map, Rand.Range(1.5f, 2f));"
"1.6\Source\WRace\GeneAndAbility\JobDriver_CastCharge.cs","174","NumericLiteral","","2f","FleckMaker.ThrowSmoke(pawn.Position.ToVector3Shifted(), pawn.Map, Rand.Range(1.5f, 2f));"
"1.6\Source\WRace\GeneAndAbility\JobDriver_CastCharge.cs","185","FieldOrLocalAssignment","position","pawn.Position","IntVec3 position = pawn.Position;"
"1.6\Source\WRace\GeneAndAbility\JobDriver_CastCharge.cs","186","FieldOrLocalAssignment","map","pawn.Map","Map map = pawn.Map;"
"1.6\Source\WRace\GeneAndAbility\JobDriver_CastCharge.cs","194","MessageOrLog","","","Log.Warning($""Failed to dismount rider before making Pawn {pawn.Name} jump."");"
"1.6\Source\WRace\GeneAndAbility\JobDriver_CastCharge.cs","201","MessageOrLog","","","Log.Warning($""Target position {targetPosition} is out of bounds or invalid."");"
"1.6\Source\WRace\GeneAndAbility\JobDriver_CastCharge.cs","221","NumericLiteral","","0.5f","FleckMaker.ThrowDustPuff(position.ToVector3Shifted() + Gen.RandomHorizontalVector(0.5f), map, 2f);"
"1.6\Source\WRace\GeneAndAbility\JobDriver_CastCharge.cs","221","NumericLiteral","","2f","FleckMaker.ThrowDustPuff(position.ToVector3Shifted() + Gen.RandomHorizontalVector(0.5f), map, 2f);"
"1.6\Source\WRace\GeneAndAbility\JobDriver_CastCharge.cs","232","MessageOrLog","","","Log.Message($""Pawn {pawn.Name} successfully jumped to {targetPosition}."");"
"1.6\Source\WRace\GeneAndAbility\JobDriver_CastCharge.cs","237","MessageOrLog","","","Log.Warning($""Failed to create PawnFlyer for {pawn.Name}."");"
"1.6\Source\WRace\GeneAndAbility\JobDriver_CastCharge.cs","244","FieldOrLocalAssignment","comp","MountedPawnUtility.GetMountComp(pawn)","Comp_MooGirlMount comp = MountedPawnUtility.GetMountComp(pawn);"
"1.6\Source\WRace\GeneAndAbility\MooGirl_XenotypeFix_GameComp.cs","11","FieldOrLocalAssignment","tmpParents","new List<Pawn>()","private static List<Pawn> tmpParents = new List<Pawn>();"
"1.6\Source\WRace\GeneAndAbility\MooGirl_XenotypeFix_GameComp.cs","20","FieldOrLocalAssignment","targetXenotype","MooGirl_DefOf.MooGirl_Xenotype","XenotypeDef targetXenotype = MooGirl_DefOf.MooGirl_Xenotype;"
"1.6\Source\WRace\GeneAndAbility\MooGirl_XenotypeFix_GameComp.cs","57","FieldOrLocalAssignment","hasMooGirlParent","tmpParents.Any(IsMooGirlPawn)","bool hasMooGirlParent = tmpParents.Any(IsMooGirlPawn);"
"1.6\Source\WRace\GeneAndAbility\MooGirl_XenotypeFix_GameComp.cs","86","FieldOrLocalAssignment","xenotypeFixed","false","public bool xenotypeFixed = false;"
"1.6\Source\WRace\GeneAndAbility\MooGirl_XenotypeFix_GameComp.cs","89","FieldOrLocalAssignment","checkTimer","300","public int checkTimer = 300;"
"1.6\Source\WRace\GeneAndAbility\MooGirl_XenotypeFix_GameComp.cs","89","NumericLiteral","","300","public int checkTimer = 300;"
"1.6\Source\WRace\GeneAndAbility\MooGirl_XenotypeFix_GameComp.cs","113","NumericLiteral","","0","if (checkTimer > 0)"
"1.6\Source\WRace\GeneAndAbility\MooGirl_XenotypeFix_GameComp.cs","129","FieldOrLocalAssignment","targetXenotype","MooGirl_DefOf.MooGirl_Xenotype","XenotypeDef targetXenotype = MooGirl_DefOf.MooGirl_Xenotype;"
"1.6\Source\WRace\GeneAndAbility\MooGirl_XenotypeFix_GameComp.cs","168","ScribeDefault","xenotypeFixed","false","Scribe_Values.Look(ref xenotypeFixed, ""xenotypeFixed"", false);"
"1.6\Source\WRace\GeneAndAbility\MooGirl_XenotypeFix_GameComp.cs","169","ScribeDefault","checkTimer","300","Scribe_Values.Look(ref checkTimer, ""checkTimer"", 300);"
"1.6\Source\WRace\GeneAndAbility\MooGirl_XenotypeFix_GameComp.cs","169","NumericLiteral","","300","Scribe_Values.Look(ref checkTimer, ""checkTimer"", 300);"
"1.6\Source\WRace\MooGirlMilked 挤奶相关的编程\CompMooHasBodyResource.cs","10","ConstAssignment","GatherFullnessPerUse","0.2f","private const float GatherFullnessPerUse = 0.2f;"
"1.6\Source\WRace\MooGirlMilked 挤奶相关的编程\CompMooHasBodyResource.cs","10","NumericLiteral","","0.2f","private const float GatherFullnessPerUse = 0.2f;"
"1.6\Source\WRace\MooGirlMilked 挤奶相关的编程\CompMooHasBodyResource.cs","30","FieldOrLocalAssignment","lastFullNotifyTick","-99999","private int lastFullNotifyTick = -99999;"
"1.6\Source\WRace\MooGirlMilked 挤奶相关的编程\CompMooHasBodyResource.cs","30","NumericLiteral","","-99999","private int lastFullNotifyTick = -99999;"
"1.6\Source\WRace\MooGirlMilked 挤奶相关的编程\CompMooHasBodyResource.cs","32","FieldOrLocalAssignment","lastResourceUpdateTick","-99999","private int lastResourceUpdateTick = -99999;"
"1.6\Source\WRace\MooGirlMilked 挤奶相关的编程\CompMooHasBodyResource.cs","32","NumericLiteral","","-99999","private int lastResourceUpdateTick = -99999;"
"1.6\Source\WRace\MooGirlMilked 挤奶相关的编程\CompMooHasBodyResource.cs","34","NumericLiteral","","60","protected virtual int ResourceUpdateIntervalTicks => 60;"
"1.6\Source\WRace\MooGirlMilked 挤奶相关的编程\CompMooHasBodyResource.cs","36","NumericLiteral","","60","protected virtual int FullResourceRetryTicks => 60;"
"1.6\Source\WRace\MooGirlMilked 挤奶相关的编程\CompMooHasBodyResource.cs","39","FieldOrLocalAssignment","Fullness","> fullness","public float Fullness => fullness;"
"1.6\Source\WRace\MooGirlMilked 挤奶相关的编程\CompMooHasBodyResource.cs","42","FieldOrLocalAssignment","IsFullNow","> fullness >= 1f","public bool IsFullNow => fullness >= 1f;"
"1.6\Source\WRace\MooGirlMilked 挤奶相关的编程\CompMooHasBodyResource.cs","42","NumericLiteral","","1f","public bool IsFullNow => fullness >= 1f;"
"1.6\Source\WRace\MooGirlMilked 挤奶相关的编程\CompMooHasBodyResource.cs","48","FieldOrLocalAssignment","ActiveAndFull","> Active && fullness >= 1f","public bool ActiveAndFull => Active && fullness >= 1f;"
"1.6\Source\WRace\MooGirlMilked 挤奶相关的编程\CompMooHasBodyResource.cs","48","NumericLiteral","","1f","public bool ActiveAndFull => Active && fullness >= 1f;"
"1.6\Source\WRace\MooGirlMilked 挤奶相关的编程\CompMooHasBodyResource.cs","55","NumericLiteral","","0f","Scribe_Values.Look(ref fullness, SaveKey, 0f);"
"1.6\Source\WRace\MooGirlMilked 挤奶相关的编程\CompMooHasBodyResource.cs","57","NumericLiteral","","-99999","Scribe_Values.Look(ref lastFullNotifyTick, SaveKey + ""_lastFullNotifyTick"", -99999);"
"1.6\Source\WRace\MooGirlMilked 挤奶相关的编程\CompMooHasBodyResource.cs","58","NumericLiteral","","-99999","Scribe_Values.Look(ref lastResourceUpdateTick, SaveKey + ""_lastResourceUpdateTick"", -99999);"
"1.6\Source\WRace\MooGirlMilked 挤奶相关的编程\CompMooHasBodyResource.cs","59","NumericLiteral","","0.8f","Scribe_Values.Look(ref MilkThreshold, SaveKey + ""_MilkThreshold"", 0.8f);"
"1.6\Source\WRace\MooGirlMilked 挤奶相关的编程\CompMooHasBodyResource.cs","72","FieldOrLocalAssignment","pawn","parent as Pawn","Pawn pawn = parent as Pawn;"
"1.6\Source\WRace\MooGirlMilked 挤奶相关的编程\CompMooHasBodyResource.cs","76","DefDatabaseStringLookup","HediffDef","HugeBreasts","if (pawn.health.hediffSet.HasHediff(DefDatabase<HediffDef>.GetNamedSilentFail(""HugeBreasts""), false) ||"
"1.6\Source\WRace\MooGirlMilked 挤奶相关的编程\CompMooHasBodyResource.cs","77","DefDatabaseStringLookup","HediffDef","BionicBreasts","pawn.health.hediffSet.HasHediff(DefDatabase<HediffDef>.GetNamedSilentFail(""BionicBreasts""), false) ||"
"1.6\Source\WRace\MooGirlMilked 挤奶相关的编程\CompMooHasBodyResource.cs","78","DefDatabaseStringLookup","HediffDef","SlimeBreasts","pawn.health.hediffSet.HasHediff(DefDatabase<HediffDef>.GetNamedSilentFail(""SlimeBreasts""), false) ||"
"1.6\Source\WRace\MooGirlMilked 挤奶相关的编程\CompMooHasBodyResource.cs","79","DefDatabaseStringLookup","HediffDef","GR_MuffaloMammaries","pawn.health.hediffSet.HasHediff(DefDatabase<HediffDef>.GetNamedSilentFail(""GR_MuffaloMammaries""), false))"
"1.6\Source\WRace\MooGirlMilked 挤奶相关的编程\CompMooHasBodyResource.cs","81","NumericLiteral","","3f","BreastSizeDays = 3f; // 大型/特殊乳房生长速度"
"1.6\Source\WRace\MooGirlMilked 挤奶相关的编程\CompMooHasBodyResource.cs","83","DefDatabaseStringLookup","HediffDef","Breasts","else if (pawn.health.hediffSet.HasHediff(DefDatabase<HediffDef>.GetNamedSilentFail(""Breasts""), false) ||"
"1.6\Source\WRace\MooGirlMilked 挤奶相关的编程\CompMooHasBodyResource.cs","84","DefDatabaseStringLookup","HediffDef","HydraulicBreasts","pawn.health.hediffSet.HasHediff(DefDatabase<HediffDef>.GetNamedSilentFail(""HydraulicBreasts""), false) ||"
"1.6\Source\WRace\MooGirlMilked 挤奶相关的编程\CompMooHasBodyResource.cs","85","DefDatabaseStringLookup","HediffDef","Breasts","(pawn.gender == Gender.Female && DefDatabase<HediffDef>.GetNamedSilentFail(""Breasts"") == null))"
"1.6\Source\WRace\MooGirlMilked 挤奶相关的编程\CompMooHasBodyResource.cs","87","NumericLiteral","","1.2f","BreastSizeDays = 1.2f; // 普通女性乳房生长速度"
"1.6\Source\WRace\MooGirlMilked 挤奶相关的编程\CompMooHasBodyResource.cs","89","DefDatabaseStringLookup","HediffDef","SmallBreasts","else if (pawn.health.hediffSet.HasHediff(DefDatabase<HediffDef>.GetNamedSilentFail(""SmallBreasts""), false))"
"1.6\Source\WRace\MooGirlMilked 挤奶相关的编程\CompMooHasBodyResource.cs","91","NumericLiteral","","1f","BreastSizeDays = 1f; // 小型乳房生长速度"
"1.6\Source\WRace\MooGirlMilked 挤奶相关的编程\CompMooHasBodyResource.cs","93","DefDatabaseStringLookup","HediffDef","LargeBreasts","else if (pawn.health.hediffSet.HasHediff(DefDatabase<HediffDef>.GetNamedSilentFail(""LargeBreasts""), false) ||"
"1.6\Source\WRace\MooGirlMilked 挤奶相关的编程\CompMooHasBodyResource.cs","94","DefDatabaseStringLookup","HediffDef","ArchotechBreasts","pawn.health.hediffSet.HasHediff(DefDatabase<HediffDef>.GetNamedSilentFail(""ArchotechBreasts""), false))"
"1.6\Source\WRace\MooGirlMilked 挤奶相关的编程\CompMooHasBodyResource.cs","96","NumericLiteral","","1.5f","BreastSizeDays = 1.5f; // 大型乳房生长速度"
"1.6\Source\WRace\MooGirlMilked 挤奶相关的编程\CompMooHasBodyResource.cs","98","DefDatabaseStringLookup","HediffDef","FlatBreasts","else if (pawn.health.hediffSet.HasHediff(DefDatabase<HediffDef>.GetNamedSilentFail(""FlatBreasts""), false) ||"
"1.6\Source\WRace\MooGirlMilked 挤奶相关的编程\CompMooHasBodyResource.cs","101","NumericLiteral","","0.85f","BreastSizeDays = 0.85f; // 男性/平胸生长速度"
"1.6\Source\WRace\MooGirlMilked 挤奶相关的编程\CompMooHasBodyResource.cs","105","FieldOrLocalAssignment","currentTick","Find.TickManager.TicksGame","int currentTick = Find.TickManager.TicksGame;"
"1.6\Source\WRace\MooGirlMilked 挤奶相关的编程\CompMooHasBodyResource.cs","106","FieldOrLocalAssignment","updateInterval","Mathf.Max(1, ResourceUpdateIntervalTicks)","int updateInterval = Mathf.Max(1, ResourceUpdateIntervalTicks);"
"1.6\Source\WRace\MooGirlMilked 挤奶相关的编程\CompMooHasBodyResource.cs","106","NumericLiteral","","1","int updateInterval = Mathf.Max(1, ResourceUpdateIntervalTicks);"
"1.6\Source\WRace\MooGirlMilked 挤奶相关的编程\CompMooHasBodyResource.cs","107","NumericLiteral","","0","if (lastResourceUpdateTick < 0)"
"1.6\Source\WRace\MooGirlMilked 挤奶相关的编程\CompMooHasBodyResource.cs","113","FieldOrLocalAssignment","elapsedTicks","currentTick - lastResourceUpdateTick","int elapsedTicks = currentTick - lastResourceUpdateTick;"
"1.6\Source\WRace\MooGirlMilked 挤奶相关的编程\CompMooHasBodyResource.cs","121","FieldOrLocalAssignment","intervalTicks","Mathf.Max(1f, GatherResourcesIntervalDays * 60000f)","float intervalTicks = Mathf.Max(1f, GatherResourcesIntervalDays * 60000f);"
"1.6\Source\WRace\MooGirlMilked 挤奶相关的编程\CompMooHasBodyResource.cs","121","NumericLiteral","","1f","float intervalTicks = Mathf.Max(1f, GatherResourcesIntervalDays * 60000f);"
"1.6\Source\WRace\MooGirlMilked 挤奶相关的编程\CompMooHasBodyResource.cs","121","NumericLiteral","","60000f","float intervalTicks = Mathf.Max(1f, GatherResourcesIntervalDays * 60000f);"
"1.6\Source\WRace\MooGirlMilked 挤奶相关的编程\CompMooHasBodyResource.cs","122","FieldOrLocalAssignment","targetFullnessGain","Mathf.Max(0f, ResourceAmount) / 100f","float targetFullnessGain = Mathf.Max(0f, ResourceAmount) / 100f;"
"1.6\Source\WRace\MooGirlMilked 挤奶相关的编程\CompMooHasBodyResource.cs","122","NumericLiteral","","0f","float targetFullnessGain = Mathf.Max(0f, ResourceAmount) / 100f;"
"1.6\Source\WRace\MooGirlMilked 挤奶相关的编程\CompMooHasBodyResource.cs","122","NumericLiteral","","100f","float targetFullnessGain = Mathf.Max(0f, ResourceAmount) / 100f;"
"1.6\Source\WRace\MooGirlMilked 挤奶相关的编程\CompMooHasBodyResource.cs","123","FieldOrLocalAssignment","multiplier","pawn != null ? Mathf.Max(0f, GetProductionMultiplier(pawn)) : 1f","float multiplier = pawn != null ? Mathf.Max(0f, GetProductionMultiplier(pawn)) : 1f;"
"1.6\Source\WRace\MooGirlMilked 挤奶相关的编程\CompMooHasBodyResource.cs","123","NumericLiteral","","0f","float multiplier = pawn != null ? Mathf.Max(0f, GetProductionMultiplier(pawn)) : 1f;"
"1.6\Source\WRace\MooGirlMilked 挤奶相关的编程\CompMooHasBodyResource.cs","123","NumericLiteral","","1f","float multiplier = pawn != null ? Mathf.Max(0f, GetProductionMultiplier(pawn)) : 1f;"
"1.6\Source\WRace\MooGirlMilked 挤奶相关的编程\CompMooHasBodyResource.cs","124","FieldOrLocalAssignment","increment","targetFullnessGain * multiplier / intervalTicks","float increment = targetFullnessGain * multiplier / intervalTicks;"
"1.6\Source\WRace\MooGirlMilked 挤奶相关的编程\CompMooHasBodyResource.cs","127","NumericLiteral","","1f","if (fullness > 1f)"
"1.6\Source\WRace\MooGirlMilked 挤奶相关的编程\CompMooHasBodyResource.cs","129","NumericLiteral","","1f","fullness = 1f;"
"1.6\Source\WRace\MooGirlMilked 挤奶相关的编程\CompMooHasBodyResource.cs","132","NumericLiteral","","1f","if (fullness >= 1f)"
"1.6\Source\WRace\MooGirlMilked 挤奶相关的编程\CompMooHasBodyResource.cs","144","NumericLiteral","","-99999","lastFullNotifyTick = -99999;"
"1.6\Source\WRace\MooGirlMilked 挤奶相关的编程\CompMooHasBodyResource.cs","158","MessageOrLog","","","Log.Error($""MooGil. {doer} gathered body resources while not Active: {parent}"");"
"1.6\Source\WRace\MooGirlMilked 挤奶相关的编程\CompMooHasBodyResource.cs","163","NumericLiteral","","-1","if (!Rand.Chance(doer.GetStatValue(StatDefOf.AnimalGatherYield, true, -1)))"
"1.6\Source\WRace\MooGirlMilked 挤奶相关的编程\CompMooHasBodyResource.cs","166","NumericLiteral","","2f","MoteMaker.ThrowText((doer.DrawPos + parent.DrawPos) / 2f, parent.Map, ""TextMote_ProductWasted"".Translate(), 3.65f);"
"1.6\Source\WRace\MooGirlMilked 挤奶相关的编程\CompMooHasBodyResource.cs","166","NumericLiteral","","3.65f","MoteMaker.ThrowText((doer.DrawPos + parent.DrawPos) / 2f, parent.Map, ""TextMote_ProductWasted"".Translate(), 3.65f);"
"1.6\Source\WRace\MooGirlMilked 挤奶相关的编程\CompMooHasBodyResource.cs","166","TranslateKey","","TextMote_ProductWasted","MoteMaker.ThrowText((doer.DrawPos + parent.DrawPos) / 2f, parent.Map, ""TextMote_ProductWasted"".Translate(), 3.65f);"
"1.6\Source\WRace\MooGirlMilked 挤奶相关的编程\CompMooHasBodyResource.cs","166","MessageOrLog","","","MoteMaker.ThrowText((doer.DrawPos + parent.DrawPos) / 2f, parent.Map, ""TextMote_ProductWasted"".Translate(), 3.65f);"
"1.6\Source\WRace\MooGirlMilked 挤奶相关的编程\CompMooHasBodyResource.cs","171","FieldOrLocalAssignment","pawn","parent as Pawn","Pawn pawn = parent as Pawn;"
"1.6\Source\WRace\MooGirlMilked 挤奶相关的编程\CompMooHasBodyResource.cs","174","DefDatabaseStringLookup","HediffDef","HugeBreasts","if (pawn.health.hediffSet.HasHediff(DefDatabase<HediffDef>.GetNamedSilentFail(""HugeBreasts""), false) ||"
"1.6\Source\WRace\MooGirlMilked 挤奶相关的编程\CompMooHasBodyResource.cs","175","DefDatabaseStringLookup","HediffDef","BionicBreasts","pawn.health.hediffSet.HasHediff(DefDatabase<HediffDef>.GetNamedSilentFail(""BionicBreasts""), false) ||"
"1.6\Source\WRace\MooGirlMilked 挤奶相关的编程\CompMooHasBodyResource.cs","176","DefDatabaseStringLookup","HediffDef","SlimeBreasts","pawn.health.hediffSet.HasHediff(DefDatabase<HediffDef>.GetNamedSilentFail(""SlimeBreasts""), false) ||"
"1.6\Source\WRace\MooGirlMilked 挤奶相关的编程\CompMooHasBodyResource.cs","177","DefDatabaseStringLookup","HediffDef","GR_MuffaloMammaries","pawn.health.hediffSet.HasHediff(DefDatabase<HediffDef>.GetNamedSilentFail(""GR_MuffaloMammaries""), false))"
"1.6\Source\WRace\MooGirlMilked 挤奶相关的编程\CompMooHasBodyResource.cs","179","NumericLiteral","","1.5f","BreastSize = 1.5f; // 大型乳房产量系数"
"1.6\Source\WRace\MooGirlMilked 挤奶相关的编程\CompMooHasBodyResource.cs","181","DefDatabaseStringLookup","HediffDef","Breasts","else if (pawn.health.hediffSet.HasHediff(DefDatabase<HediffDef>.GetNamedSilentFail(""Breasts""), false) ||"
"1.6\Source\WRace\MooGirlMilked 挤奶相关的编程\CompMooHasBodyResource.cs","182","DefDatabaseStringLookup","HediffDef","HydraulicBreasts","pawn.health.hediffSet.HasHediff(DefDatabase<HediffDef>.GetNamedSilentFail(""HydraulicBreasts""), false) ||"
"1.6\Source\WRace\MooGirlMilked 挤奶相关的编程\CompMooHasBodyResource.cs","183","DefDatabaseStringLookup","HediffDef","Breasts","(pawn.gender == Gender.Female && DefDatabase<HediffDef>.GetNamedSilentFail(""Breasts"") == null))"
"1.6\Source\WRace\MooGirlMilked 挤奶相关的编程\CompMooHasBodyResource.cs","185","NumericLiteral","","1f","BreastSize = 1f; // 普通乳房产量系数"
"1.6\Source\WRace\MooGirlMilked 挤奶相关的编程\CompMooHasBodyResource.cs","187","DefDatabaseStringLookup","HediffDef","SmallBreasts","else if (pawn.health.hediffSet.HasHediff(DefDatabase<HediffDef>.GetNamedSilentFail(""SmallBreasts""), false))"
"1.6\Source\WRace\MooGirlMilked 挤奶相关的编程\CompMooHasBodyResource.cs","189","NumericLiteral","","0.75f","BreastSize = 0.75f; // 小型乳房产量系数"
"1.6\Source\WRace\MooGirlMilked 挤奶相关的编程\CompMooHasBodyResource.cs","191","DefDatabaseStringLookup","HediffDef","LargeBreasts","else if (pawn.health.hediffSet.HasHediff(DefDatabase<HediffDef>.GetNamedSilentFail(""LargeBreasts""), false) ||"
"1.6\Source\WRace\MooGirlMilked 挤奶相关的编程\CompMooHasBodyResource.cs","192","DefDatabaseStringLookup","HediffDef","ArchotechBreasts","pawn.health.hediffSet.HasHediff(DefDatabase<HediffDef>.GetNamedSilentFail(""ArchotechBreasts""), false))"
"1.6\Source\WRace\MooGirlMilked 挤奶相关的编程\CompMooHasBodyResource.cs","194","NumericLiteral","","1.25f","BreastSize = 1.25f; // 大型乳房产量系数"
"1.6\Source\WRace\MooGirlMilked 挤奶相关的编程\CompMooHasBodyResource.cs","196","DefDatabaseStringLookup","HediffDef","FlatBreasts","else if (pawn.health.hediffSet.HasHediff(DefDatabase<HediffDef>.GetNamedSilentFail(""FlatBreasts""), false) ||"
"1.6\Source\WRace\MooGirlMilked 挤奶相关的编程\CompMooHasBodyResource.cs","199","NumericLiteral","","0.5f","BreastSize = 0.5f; // 男性/平胸产量系数"
"1.6\Source\WRace\MooGirlMilked 挤奶相关的编程\CompMooHasBodyResource.cs","204","FieldOrLocalAssignment","amount","GenMath.RoundRandom(fullness * 100f)","int amount = GenMath.RoundRandom(fullness * 100f);"
"1.6\Source\WRace\MooGirlMilked 挤奶相关的编程\CompMooHasBodyResource.cs","204","NumericLiteral","","100f","int amount = GenMath.RoundRandom(fullness * 100f);"
"1.6\Source\WRace\MooGirlMilked 挤奶相关的编程\CompMooHasBodyResource.cs","207","NumericLiteral","","0","while (amount > 0)"
"1.6\Source\WRace\MooGirlMilked 挤奶相关的编程\CompMooHasBodyResource.cs","210","FieldOrLocalAssignment","stack","Mathf.Clamp(amount, 1, ResourceDef.stackLimit)","int stack = Mathf.Clamp(amount, 1, ResourceDef.stackLimit);"
"1.6\Source\WRace\MooGirlMilked 挤奶相关的编程\CompMooHasBodyResource.cs","210","NumericLiteral","","1","int stack = Mathf.Clamp(amount, 1, ResourceDef.stackLimit);"
"1.6\Source\WRace\MooGirlMilked 挤奶相关的编程\CompMooHasBodyResource.cs","214","FieldOrLocalAssignment","thing","ThingMaker.MakeThing(ResourceDef)","Thing thing = ThingMaker.MakeThing(ResourceDef);"
"1.6\Source\WRace\MooGirlMilked 挤奶相关的编程\CompMooHasBodyResource.cs","220","NumericLiteral","","0f","fullness = 0f;"
"1.6\Source\WRace\MooGirlMilked 挤奶相关的编程\CompMooHasBodyResource.cs","222","NumericLiteral","","-99999","lastFullNotifyTick = -99999;"
"1.6\Source\WRace\MooGirlMilked 挤奶相关的编程\CompMooHasBodyResource.cs","228","NumericLiteral","","1f","if (!Active || fullness < 1f)"
"1.6\Source\WRace\MooGirlMilked 挤奶相关的编程\CompMooHasBodyResource.cs","233","NumericLiteral","","0f","fullness = 0f;"
"1.6\Source\WRace\MooGirlMilked 挤奶相关的编程\CompMooHasBodyResource.cs","235","NumericLiteral","","-99999","lastFullNotifyTick = -99999;"
"1.6\Source\WRace\MooGirlMilked 挤奶相关的编程\CompMooHasBodyResource.cs","247","NumericLiteral","","1f","fullness = 1f;"
"1.6\Source\WRace\MooGirlMilked 挤奶相关的编程\CompMooHasBodyResource.cs","249","NumericLiteral","","-99999","lastFullNotifyTick = -99999;"
"1.6\Source\WRace\MooGirlMilked 挤奶相关的编程\CompMooHasBodyResource.cs","264","FieldOrLocalAssignment","pawn","parent as Pawn","Pawn pawn = parent as Pawn;"
"1.6\Source\WRace\MooGirlMilked 挤奶相关的编程\CompMooHasBodyResource.cs","267","DefDatabaseStringLookup","HediffDef","HugeBreasts","if (pawn.health.hediffSet.HasHediff(DefDatabase<HediffDef>.GetNamedSilentFail(""HugeBreasts""), false) ||"
"1.6\Source\WRace\MooGirlMilked 挤奶相关的编程\CompMooHasBodyResource.cs","268","DefDatabaseStringLookup","HediffDef","BionicBreasts","pawn.health.hediffSet.HasHediff(DefDatabase<HediffDef>.GetNamedSilentFail(""BionicBreasts""), false) ||"
"1.6\Source\WRace\MooGirlMilked 挤奶相关的编程\CompMooHasBodyResource.cs","269","DefDatabaseStringLookup","HediffDef","SlimeBreasts","pawn.health.hediffSet.HasHediff(DefDatabase<HediffDef>.GetNamedSilentFail(""SlimeBreasts""), false) ||"
"1.6\Source\WRace\MooGirlMilked 挤奶相关的编程\CompMooHasBodyResource.cs","270","DefDatabaseStringLookup","HediffDef","GR_MuffaloMammaries","pawn.health.hediffSet.HasHediff(DefDatabase<HediffDef>.GetNamedSilentFail(""GR_MuffaloMammaries""), false))"
"1.6\Source\WRace\MooGirlMilked 挤奶相关的编程\CompMooHasBodyResource.cs","272","NumericLiteral","","1.5f","BreastSize = 1.5f;"
"1.6\Source\WRace\MooGirlMilked 挤奶相关的编程\CompMooHasBodyResource.cs","274","DefDatabaseStringLookup","HediffDef","Breasts","else if (pawn.health.hediffSet.HasHediff(DefDatabase<HediffDef>.GetNamedSilentFail(""Breasts""), false) ||"
"1.6\Source\WRace\MooGirlMilked 挤奶相关的编程\CompMooHasBodyResource.cs","275","DefDatabaseStringLookup","HediffDef","HydraulicBreasts","pawn.health.hediffSet.HasHediff(DefDatabase<HediffDef>.GetNamedSilentFail(""HydraulicBreasts""), false) ||"
"1.6\Source\WRace\MooGirlMilked 挤奶相关的编程\CompMooHasBodyResource.cs","276","DefDatabaseStringLookup","HediffDef","Breasts","(pawn.gender == Gender.Female && DefDatabase<HediffDef>.GetNamedSilentFail(""Breasts"") == null))"
"1.6\Source\WRace\MooGirlMilked 挤奶相关的编程\CompMooHasBodyResource.cs","278","NumericLiteral","","1f","BreastSize = 1f;"
"1.6\Source\WRace\MooGirlMilked 挤奶相关的编程\CompMooHasBodyResource.cs","280","DefDatabaseStringLookup","HediffDef","SmallBreasts","else if (pawn.health.hediffSet.HasHediff(DefDatabase<HediffDef>.GetNamedSilentFail(""SmallBreasts""), false))"
"1.6\Source\WRace\MooGirlMilked 挤奶相关的编程\CompMooHasBodyResource.cs","282","NumericLiteral","","0.75f","BreastSize = 0.75f;"
"1.6\Source\WRace\MooGirlMilked 挤奶相关的编程\CompMooHasBodyResource.cs","284","DefDatabaseStringLookup","HediffDef","LargeBreasts","else if (pawn.health.hediffSet.HasHediff(DefDatabase<HediffDef>.GetNamedSilentFail(""LargeBreasts""), false) ||"
"1.6\Source\WRace\MooGirlMilked 挤奶相关的编程\CompMooHasBodyResource.cs","285","DefDatabaseStringLookup","HediffDef","ArchotechBreasts","pawn.health.hediffSet.HasHediff(DefDatabase<HediffDef>.GetNamedSilentFail(""ArchotechBreasts""), false))"
"1.6\Source\WRace\MooGirlMilked 挤奶相关的编程\CompMooHasBodyResource.cs","287","NumericLiteral","","1.25f","BreastSize = 1.25f;"
"1.6\Source\WRace\MooGirlMilked 挤奶相关的编程\CompMooHasBodyResource.cs","289","DefDatabaseStringLookup","HediffDef","FlatBreasts","else if (pawn.health.hediffSet.HasHediff(DefDatabase<HediffDef>.GetNamedSilentFail(""FlatBreasts""), false) ||"
"1.6\Source\WRace\MooGirlMilked 挤奶相关的编程\CompMooHasBodyResource.cs","292","NumericLiteral","","0.5f","BreastSize = 0.5f;"
"1.6\Source\WRace\MooGirlMilked 挤奶相关的编程\CompMooHasBodyResource.cs","296","NumericLiteral","","100f","return GenMath.RoundRandom(fullness * 100f);"
"1.6\Source\WRace\MooGirlMilked 挤奶相关的编程\CompMooHasBodyResource.cs","301","NumericLiteral","","100f","return GenMath.RoundRandom(GetNextGatherFullness() * 100f);"
"1.6\Source\WRace\MooGirlMilked 挤奶相关的编程\CompMooHasBodyResource.cs","311","FieldOrLocalAssignment","pawn","parent as Pawn","Pawn pawn = parent as Pawn;"
"1.6\Source\WRace\MooGirlMilked 挤奶相关的编程\CompMooHasBodyResource.cs","312","FieldOrLocalAssignment","intervalSeconds","Mathf.Max(1f, GatherResourcesIntervalDays * 1000f)","float intervalSeconds = Mathf.Max(1f, GatherResourcesIntervalDays * 1000f);"
"1.6\Source\WRace\MooGirlMilked 挤奶相关的编程\CompMooHasBodyResource.cs","312","NumericLiteral","","1f","float intervalSeconds = Mathf.Max(1f, GatherResourcesIntervalDays * 1000f);"
"1.6\Source\WRace\MooGirlMilked 挤奶相关的编程\CompMooHasBodyResource.cs","312","NumericLiteral","","1000f","float intervalSeconds = Mathf.Max(1f, GatherResourcesIntervalDays * 1000f);"
"1.6\Source\WRace\MooGirlMilked 挤奶相关的编程\CompMooHasBodyResource.cs","313","FieldOrLocalAssignment","multiplier","pawn != null ? Mathf.Max(0f, GetProductionMultiplier(pawn)) : 1f","float multiplier = pawn != null ? Mathf.Max(0f, GetProductionMultiplier(pawn)) : 1f;"
"1.6\Source\WRace\MooGirlMilked 挤奶相关的编程\CompMooHasBodyResource.cs","313","NumericLiteral","","0f","float multiplier = pawn != null ? Mathf.Max(0f, GetProductionMultiplier(pawn)) : 1f;"
"1.6\Source\WRace\MooGirlMilked 挤奶相关的编程\CompMooHasBodyResource.cs","313","NumericLiteral","","1f","float multiplier = pawn != null ? Mathf.Max(0f, GetProductionMultiplier(pawn)) : 1f;"
"1.6\Source\WRace\MooGirlMilked 挤奶相关的编程\CompMooHasBodyResource.cs","314","FieldOrLocalAssignment","percentGain","Mathf.Max(0f, ResourceAmount) * multiplier","float percentGain = Mathf.Max(0f, ResourceAmount) * multiplier;"
"1.6\Source\WRace\MooGirlMilked 挤奶相关的编程\CompMooHasBodyResource.cs","314","NumericLiteral","","0f","float percentGain = Mathf.Max(0f, ResourceAmount) * multiplier;"
"1.6\Source\WRace\MooGirlMilked 挤奶相关的编程\CompMooHasBodyResource.cs","315","NumericLiteral","","0","return percentGain.ToString(""0.#"") + ""% / "" + intervalSeconds.ToString(""0.#"") + ""秒"";"
"1.6\Source\WRace\MooGirlMilked 挤奶相关的编程\CompMooHasBodyResource.cs","315","NumericLiteral","","0","return percentGain.ToString(""0.#"") + ""% / "" + intervalSeconds.ToString(""0.#"") + ""秒"";"
"1.6\Source\WRace\MooGirlMilked 挤奶相关的编程\CompMooHasBodyResource.cs","319","FieldOrLocalAssignment","MilkThreshold","0.8f","public float MilkThreshold = 0.8f;"
"1.6\Source\WRace\MooGirlMilked 挤奶相关的编程\CompMooHasBodyResource.cs","319","NumericLiteral","","0.8f","public float MilkThreshold = 0.8f;"
"1.6\Source\WRace\MooGirlMilked 挤奶相关的编程\CompMooHasBodyResource.cs","324","NumericLiteral","","0f","if (fullness <= 0f || percentage <= 0f) return false;"
"1.6\Source\WRace\MooGirlMilked 挤奶相关的编程\CompMooHasBodyResource.cs","324","NumericLiteral","","0f","if (fullness <= 0f || percentage <= 0f) return false;"
"1.6\Source\WRace\MooGirlMilked 挤奶相关的编程\CompMooHasBodyResource.cs","325","NumericLiteral","","0f","fullness = Mathf.Max(0f, fullness - percentage);"
"1.6\Source\WRace\MooGirlMilked 挤奶相关的编程\CompMooHasBodyResource.cs","327","NumericLiteral","","-99999","lastFullNotifyTick = -99999;"
"1.6\Source\WRace\MooGirlMilked 挤奶相关的编程\CompMooHasBodyResource.cs","335","NumericLiteral","","0","milkAmount = 0;"
"1.6\Source\WRace\MooGirlMilked 挤奶相关的编程\CompMooHasBodyResource.cs","336","NumericLiteral","","0f","if (!Active || fullness <= 0f)"
"1.6\Source\WRace\MooGirlMilked 挤奶相关的编程\CompMooHasBodyResource.cs","341","FieldOrLocalAssignment","gatheredFullness","GetNextGatherFullness()","float gatheredFullness = GetNextGatherFullness();"
"1.6\Source\WRace\MooGirlMilked 挤奶相关的编程\CompMooHasBodyResource.cs","342","NumericLiteral","","-1","if (!Rand.Chance(doer.GetStatValue(StatDefOf.AnimalGatherYield, true, -1)))"
"1.6\Source\WRace\MooGirlMilked 挤奶相关的编程\CompMooHasBodyResource.cs","344","NumericLiteral","","2f","MoteMaker.ThrowText((doer.DrawPos + parent.DrawPos) / 2f, parent.Map, ""TextMote_ProductWasted"".Translate(), 3.65f);"
"1.6\Source\WRace\MooGirlMilked 挤奶相关的编程\CompMooHasBodyResource.cs","344","NumericLiteral","","3.65f","MoteMaker.ThrowText((doer.DrawPos + parent.DrawPos) / 2f, parent.Map, ""TextMote_ProductWasted"".Translate(), 3.65f);"
"1.6\Source\WRace\MooGirlMilked 挤奶相关的编程\CompMooHasBodyResource.cs","344","TranslateKey","","TextMote_ProductWasted","MoteMaker.ThrowText((doer.DrawPos + parent.DrawPos) / 2f, parent.Map, ""TextMote_ProductWasted"".Translate(), 3.65f);"
"1.6\Source\WRace\MooGirlMilked 挤奶相关的编程\CompMooHasBodyResource.cs","344","MessageOrLog","","","MoteMaker.ThrowText((doer.DrawPos + parent.DrawPos) / 2f, parent.Map, ""TextMote_ProductWasted"".Translate(), 3.65f);"
"1.6\Source\WRace\MooGirlMilked 挤奶相关的编程\CompMooHasBodyResource.cs","349","NumericLiteral","","100f","milkAmount = GenMath.RoundRandom(gatheredFullness * 100f);"
"1.6\Source\WRace\MooGirlMilked 挤奶相关的编程\CompMooHasBodyResource.cs","356","NumericLiteral","","0f","fullness = Mathf.Max(0f, fullness - gatheredFullness);"
"1.6\Source\WRace\MooGirlMilked 挤奶相关的编程\CompMooHasBodyResource.cs","358","NumericLiteral","","-99999","lastFullNotifyTick = -99999;"
"1.6\Source\WRace\MooGirlMilked 挤奶相关的编程\CompMooHasBodyResource.cs","365","NumericLiteral","","1f","return 1f;"
"1.6\Source\WRace\MooGirlMilked 挤奶相关的编程\CompMooHasBodyResource.cs","371","DefDatabaseStringLookup","HediffDef","HugeBreasts","if (pawn.health.hediffSet.HasHediff(DefDatabase<HediffDef>.GetNamedSilentFail(""HugeBreasts""), false) ||"
"1.6\Source\WRace\MooGirlMilked 挤奶相关的编程\CompMooHasBodyResource.cs","372","DefDatabaseStringLookup","HediffDef","BionicBreasts","pawn.health.hediffSet.HasHediff(DefDatabase<HediffDef>.GetNamedSilentFail(""BionicBreasts""), false) ||"
"1.6\Source\WRace\MooGirlMilked 挤奶相关的编程\CompMooHasBodyResource.cs","373","DefDatabaseStringLookup","HediffDef","SlimeBreasts","pawn.health.hediffSet.HasHediff(DefDatabase<HediffDef>.GetNamedSilentFail(""SlimeBreasts""), false) ||"
"1.6\Source\WRace\MooGirlMilked 挤奶相关的编程\CompMooHasBodyResource.cs","374","DefDatabaseStringLookup","HediffDef","GR_MuffaloMammaries","pawn.health.hediffSet.HasHediff(DefDatabase<HediffDef>.GetNamedSilentFail(""GR_MuffaloMammaries""), false))"
"1.6\Source\WRace\MooGirlMilked 挤奶相关的编程\CompMooHasBodyResource.cs","376","NumericLiteral","","1.5f","BreastSize = 1.5f;"
"1.6\Source\WRace\MooGirlMilked 挤奶相关的编程\CompMooHasBodyResource.cs","378","DefDatabaseStringLookup","HediffDef","Breasts","else if (pawn.health.hediffSet.HasHediff(DefDatabase<HediffDef>.GetNamedSilentFail(""Breasts""), false) ||"
"1.6\Source\WRace\MooGirlMilked 挤奶相关的编程\CompMooHasBodyResource.cs","379","DefDatabaseStringLookup","HediffDef","HydraulicBreasts","pawn.health.hediffSet.HasHediff(DefDatabase<HediffDef>.GetNamedSilentFail(""HydraulicBreasts""), false) ||"
"1.6\Source\WRace\MooGirlMilked 挤奶相关的编程\CompMooHasBodyResource.cs","380","DefDatabaseStringLookup","HediffDef","Breasts","(pawn.gender == Gender.Female && DefDatabase<HediffDef>.GetNamedSilentFail(""Breasts"") == null))"
"1.6\Source\WRace\MooGirlMilked 挤奶相关的编程\CompMooHasBodyResource.cs","382","NumericLiteral","","1f","BreastSize = 1f;"
"1.6\Source\WRace\MooGirlMilked 挤奶相关的编程\CompMooHasBodyResource.cs","384","DefDatabaseStringLookup","HediffDef","SmallBreasts","else if (pawn.health.hediffSet.HasHediff(DefDatabase<HediffDef>.GetNamedSilentFail(""SmallBreasts""), false))"
"1.6\Source\WRace\MooGirlMilked 挤奶相关的编程\CompMooHasBodyResource.cs","386","NumericLiteral","","0.75f","BreastSize = 0.75f;"
"1.6\Source\WRace\MooGirlMilked 挤奶相关的编程\CompMooHasBodyResource.cs","388","DefDatabaseStringLookup","HediffDef","LargeBreasts","else if (pawn.health.hediffSet.HasHediff(DefDatabase<HediffDef>.GetNamedSilentFail(""LargeBreasts""), false) ||"
"1.6\Source\WRace\MooGirlMilked 挤奶相关的编程\CompMooHasBodyResource.cs","389","DefDatabaseStringLookup","HediffDef","ArchotechBreasts","pawn.health.hediffSet.HasHediff(DefDatabase<HediffDef>.GetNamedSilentFail(""ArchotechBreasts""), false))"
"1.6\Source\WRace\MooGirlMilked 挤奶相关的编程\CompMooHasBodyResource.cs","391","NumericLiteral","","1.25f","BreastSize = 1.25f;"
"1.6\Source\WRace\MooGirlMilked 挤奶相关的编程\CompMooHasBodyResource.cs","393","DefDatabaseStringLookup","HediffDef","FlatBreasts","else if (pawn.health.hediffSet.HasHediff(DefDatabase<HediffDef>.GetNamedSilentFail(""FlatBreasts""), false) ||"
"1.6\Source\WRace\MooGirlMilked 挤奶相关的编程\CompMooHasBodyResource.cs","396","NumericLiteral","","0.5f","BreastSize = 0.5f;"
"1.6\Source\WRace\MooGirlMilked 挤奶相关的编程\CompMooHasBodyResource.cs","401","FieldOrLocalAssignment","BreastSize","1f","protected float BreastSize = 1f;"
"1.6\Source\WRace\MooGirlMilked 挤奶相关的编程\CompMooHasBodyResource.cs","401","NumericLiteral","","1f","protected float BreastSize = 1f;"
"1.6\Source\WRace\MooGirlMilked 挤奶相关的编程\CompMooHasBodyResource.cs","403","FieldOrLocalAssignment","BreastSizeDays","1f","protected float BreastSizeDays = 1f;"
"1.6\Source\WRace\MooGirlMilked 挤奶相关的编程\CompMooHasBodyResource.cs","403","NumericLiteral","","1f","protected float BreastSizeDays = 1f;"
"1.6\Source\WRace\MooGirlMilked 挤奶相关的编程\CompMooMilkable.cs","20","FieldOrLocalAssignment","displayString","""MilkFullness""","public string displayString = ""MilkFullness"";"
"1.6\Source\WRace\MooGirlMilked 挤奶相关的编程\CompMooMilkable.cs","22","FieldOrLocalAssignment","milkAmount","1f","public float milkAmount = 1f;"
"1.6\Source\WRace\MooGirlMilked 挤奶相关的编程\CompMooMilkable.cs","22","NumericLiteral","","1f","public float milkAmount = 1f;"
"1.6\Source\WRace\MooGirlMilked 挤奶相关的编程\CompMooMilkable.cs","24","FieldOrLocalAssignment","milkFemaleOnly","true","public bool milkFemaleOnly = true;"
"1.6\Source\WRace\MooGirlMilked 挤奶相关的编程\CompMooMilkable.cs","91","FieldOrLocalAssignment","pawn","parent as Pawn","Pawn pawn = parent as Pawn;"
"1.6\Source\WRace\MooGirlMilked 挤奶相关的编程\CompMooMilkable.cs","103","NumericLiteral","","0","for (int i = 0; i < pawn.apparel.WornApparel.Count; i++)"
"1.6\Source\WRace\MooGirlMilked 挤奶相关的编程\CompMooMilkable.cs","105","FieldOrLocalAssignment","milkingDevice","pawn.apparel.WornApparel[i].TryGetComp<Comp_MilkingDevice>()","Comp_MilkingDevice milkingDevice = pawn.apparel.WornApparel[i].TryGetComp<Comp_MilkingDevice>();"
"1.6\Source\WRace\MooGirlMilked 挤奶相关的编程\CompMooMilkable.cs","130","FieldOrLocalAssignment","milkingDevice","GetActiveMilkingDevice()","Comp_MilkingDevice milkingDevice = GetActiveMilkingDevice();"
"1.6\Source\WRace\MooGirlMilked 挤奶相关的编程\CompMooMilkable.cs","146","FieldOrLocalAssignment","pawn","this.parent as Pawn","Pawn pawn = this.parent as Pawn;"
"1.6\Source\WRace\MooGirlMilked 挤奶相关的编程\CompMooMilkable.cs","174","FieldOrLocalAssignment","MooPawn","> parent as Pawn","private Pawn MooPawn => parent as Pawn;"
"1.6\Source\WRace\MooGirlMilked 挤奶相关的编程\CompMooMilkable.cs","179","FieldOrLocalAssignment","multiplier","base.GetProductionMultiplier(pawn)","float multiplier = base.GetProductionMultiplier(pawn);"
"1.6\Source\WRace\MooGirlMilked 挤奶相关的编程\CompMooMilkable.cs","181","FieldOrLocalAssignment","lactationDef","DefDatabase<HediffDef>.GetNamedSilentFail(""MooGirl_Lactation"")","HediffDef lactationDef = DefDatabase<HediffDef>.GetNamedSilentFail(""MooGirl_Lactation"");"
"1.6\Source\WRace\MooGirlMilked 挤奶相关的编程\CompMooMilkable.cs","181","DefDatabaseStringLookup","HediffDef","MooGirl_Lactation","HediffDef lactationDef = DefDatabase<HediffDef>.GetNamedSilentFail(""MooGirl_Lactation"");"
"1.6\Source\WRace\MooGirlMilked 挤奶相关的编程\CompMooMilkable.cs","184","FieldOrLocalAssignment","lactationHediff","pawn.health.hediffSet.GetFirstHediffOfDef(lactationDef)","Hediff lactationHediff = pawn.health.hediffSet.GetFirstHediffOfDef(lactationDef);"
"1.6\Source\WRace\MooGirlMilked 挤奶相关的编程\CompMooMilkable.cs","187","FieldOrLocalAssignment","comp","lactationHediff.TryGetComp<HediffComp_Lactation>()","HediffComp_Lactation comp = lactationHediff.TryGetComp<HediffComp_Lactation>();"
"1.6\Source\WRace\MooGirlMilked 挤奶相关的编程\CompMooMilkable.cs","205","FieldOrLocalAssignment","lactationDef","DefDatabase<HediffDef>.GetNamedSilentFail(""MooGirl_Lactation"")","HediffDef lactationDef = DefDatabase<HediffDef>.GetNamedSilentFail(""MooGirl_Lactation"");"
"1.6\Source\WRace\MooGirlMilked 挤奶相关的编程\CompMooMilkable.cs","205","DefDatabaseStringLookup","HediffDef","MooGirl_Lactation","HediffDef lactationDef = DefDatabase<HediffDef>.GetNamedSilentFail(""MooGirl_Lactation"");"
"1.6\Source\WRace\MooGirlMilked 挤奶相关的编程\CompMooMilkable.cs","236","MessageOrLog","","","Messages.Message($""已将 {MooPawn.LabelShortCap} 的奶量加满。"", MooPawn, MessageTypeDefOf.PositiveEvent);"
"1.6\Source\WRace\MooGirlMilked 挤奶相关的编程\CompMooMilkable.cs","240","MessageOrLog","","","Messages.Message($""{MooPawn.LabelShortCap} 当前无法加满奶量。"", MooPawn, MessageTypeDefOf.RejectInput);"
"1.6\Source\WRace\MooGirlMilked 挤奶相关的编程\CompMooMilkable.cs","253","FieldOrLocalAssignment","milkFilth","DefDatabase<ThingDef>.GetNamedSilentFail(""MooGirlMilkFilth"")","ThingDef milkFilth = DefDatabase<ThingDef>.GetNamedSilentFail(""MooGirlMilkFilth"");"
"1.6\Source\WRace\MooGirlMilked 挤奶相关的编程\CompMooMilkable.cs","253","DefDatabaseStringLookup","ThingDef","MooGirlMilkFilth","ThingDef milkFilth = DefDatabase<ThingDef>.GetNamedSilentFail(""MooGirlMilkFilth"");"
"1.6\Source\WRace\MooGirlMilked 挤奶相关的编程\CompMooMilkable.cs","256","NumericLiteral","","0","for (int i = 0; i < Rand.RangeInclusive(1, 3); i++)"
"1.6\Source\WRace\MooGirlMilked 挤奶相关的编程\CompMooMilkable.cs","256","NumericLiteral","","1","for (int i = 0; i < Rand.RangeInclusive(1, 3); i++)"
"1.6\Source\WRace\MooGirlMilked 挤奶相关的编程\CompMooMilkable.cs","256","NumericLiteral","","3","for (int i = 0; i < Rand.RangeInclusive(1, 3); i++)"
"1.6\Source\WRace\MooGirlMilked 挤奶相关的编程\CompMooMilkable.cs","259","NumericLiteral","","-1","+ new IntVec3(Rand.RangeInclusive(-1, 1), 0, Rand.RangeInclusive(0, 1));"
"1.6\Source\WRace\MooGirlMilked 挤奶相关的编程\CompMooMilkable.cs","259","NumericLiteral","","1","+ new IntVec3(Rand.RangeInclusive(-1, 1), 0, Rand.RangeInclusive(0, 1));"
"1.6\Source\WRace\MooGirlMilked 挤奶相关的编程\CompMooMilkable.cs","259","NumericLiteral","","0","+ new IntVec3(Rand.RangeInclusive(-1, 1), 0, Rand.RangeInclusive(0, 1));"
"1.6\Source\WRace\MooGirlMilked 挤奶相关的编程\CompMooMilkable.cs","259","NumericLiteral","","0","+ new IntVec3(Rand.RangeInclusive(-1, 1), 0, Rand.RangeInclusive(0, 1));"
"1.6\Source\WRace\MooGirlMilked 挤奶相关的编程\CompMooMilkable.cs","259","NumericLiteral","","1","+ new IntVec3(Rand.RangeInclusive(-1, 1), 0, Rand.RangeInclusive(0, 1));"
"1.6\Source\WRace\MooGirlMilked 挤奶相关的编程\CompMooMilkable.cs","262","FieldOrLocalAssignment","filth","ThingMaker.MakeThing(milkFilth)","Thing filth = ThingMaker.MakeThing(milkFilth);"
"1.6\Source\WRace\MooGirlMilked 挤奶相关的编程\CompMooMilkable.cs","269","NumericLiteral","","3f","MoteMaker.ThrowText(MooPawn.DrawPos, MooPawn.Map, ""喷乳！"", Color.cyan, 3f);"
"1.6\Source\WRace\MooGirlMilked 挤奶相关的编程\CompMooMilkable.cs","269","MessageOrLog","","","MoteMaker.ThrowText(MooPawn.DrawPos, MooPawn.Map, ""喷乳！"", Color.cyan, 3f);"
"1.6\Source\WRace\MooGirlMilked 挤奶相关的编程\CompMooMilkable.cs","272","FieldOrLocalAssignment","sound","DefDatabase<SoundDef>.GetNamedSilentFail(""MooGirl_Milking_Sound"")","SoundDef sound = DefDatabase<SoundDef>.GetNamedSilentFail(""MooGirl_Milking_Sound"");"
"1.6\Source\WRace\MooGirlMilked 挤奶相关的编程\CompMooMilkable.cs","272","DefDatabaseStringLookup","SoundDef","MooGirl_Milking_Sound","SoundDef sound = DefDatabase<SoundDef>.GetNamedSilentFail(""MooGirl_Milking_Sound"");"
"1.6\Source\WRace\MooGirlMilked 挤奶相关的编程\CompProperties_MilkingDevice.cs","16","FieldOrLocalAssignment","maxCharges","3","public int maxCharges = 3;"
"1.6\Source\WRace\MooGirlMilked 挤奶相关的编程\CompProperties_MilkingDevice.cs","16","NumericLiteral","","3","public int maxCharges = 3;"
"1.6\Source\WRace\MooGirlMilked 挤奶相关的编程\CompProperties_MilkingDevice.cs","17","FieldOrLocalAssignment","releaseLabel","""释放储乳""","public string releaseLabel = ""释放储乳"";"
"1.6\Source\WRace\MooGirlMilked 挤奶相关的编程\CompProperties_MilkingDevice.cs","18","FieldOrLocalAssignment","releaseDesc","""将设备中储存的雪牛奶一次性释放到地面。""","public string releaseDesc = ""将设备中储存的雪牛奶一次性释放到地面。"";"
"1.6\Source\WRace\MooGirlMilked 挤奶相关的编程\CompProperties_MilkingDevice.cs","19","FieldOrLocalAssignment","releaseIconPath","""UI/MooGirl_Charge""","public string releaseIconPath = ""UI/MooGirl_Charge"";"
"1.6\Source\WRace\MooGirlMilked 挤奶相关的编程\CompProperties_MilkingDevice.cs","20","FieldOrLocalAssignment","inspectLabel","""储乳""","public string inspectLabel = ""储乳"";"
"1.6\Source\WRace\MooGirlMilked 挤奶相关的编程\CompProperties_MilkingDevice.cs","21","FieldOrLocalAssignment","noChargeText","""当前没有可释放的储乳。""","public string noChargeText = ""当前没有可释放的储乳。"";"
"1.6\Source\WRace\MooGirlMilked 挤奶相关的编程\CompProperties_MilkingDevice.cs","22","FieldOrLocalAssignment","storedMessageKey","""MooGirl.MilkingDevice.StoredMessage""","public string storedMessageKey = ""MooGirl.MilkingDevice.StoredMessage"";"
"1.6\Source\WRace\MooGirlMilked 挤奶相关的编程\CompProperties_MilkingDevice.cs","23","FieldOrLocalAssignment","releaseMessageKey","""MooGirl.MilkingDevice.ReleaseMessage""","public string releaseMessageKey = ""MooGirl.MilkingDevice.ReleaseMessage"";"
"1.6\Source\WRace\MooGirlMilked 挤奶相关的编程\CompProperties_MilkingDevice.cs","24","FieldOrLocalAssignment","storedMoteText","""储乳 +1""","public string storedMoteText = ""储乳 +1"";"
"1.6\Source\WRace\MooGirlMilked 挤奶相关的编程\CompProperties_MilkingDevice.cs","24","NumericLiteral","","+1","public string storedMoteText = ""储乳 +1"";"
"1.6\Source\WRace\MooGirlMilked 挤奶相关的编程\CompProperties_MilkingDevice.cs","25","FieldOrLocalAssignment","autoReleaseEnabledLabel","""自动榨乳: 开""","public string autoReleaseEnabledLabel = ""自动榨乳: 开"";"
"1.6\Source\WRace\MooGirlMilked 挤奶相关的编程\CompProperties_MilkingDevice.cs","26","FieldOrLocalAssignment","autoReleaseDisabledLabel","""自动榨乳: 关""","public string autoReleaseDisabledLabel = ""自动榨乳: 关"";"
"1.6\Source\WRace\MooGirlMilked 挤奶相关的编程\CompProperties_MilkingDevice.cs","27","FieldOrLocalAssignment","autoReleaseToggleDesc","""开启后，妞妞产奶一满就会由榨乳器立刻自动释放。关闭后，只有在储乳已满且再次接收到满乳时，才会按溢出方式自动释放。""","public string autoReleaseToggleDesc = ""开启后，妞妞产奶一满就会由榨乳器立刻自动释放。关闭后，只有在储乳已满且再次接收到满乳时，才会按溢出方式自动释放。"";"
"1.6\Source\WRace\MooGirlMilked 挤奶相关的编程\CompProperties_MilkingDevice.cs","28","FieldOrLocalAssignment","powerReleaseEnabledLabel","""强力释放: 开""","public string powerReleaseEnabledLabel = ""强力释放: 开"";"
"1.6\Source\WRace\MooGirlMilked 挤奶相关的编程\CompProperties_MilkingDevice.cs","29","FieldOrLocalAssignment","powerReleaseDisabledLabel","""强力释放: 关""","public string powerReleaseDisabledLabel = ""强力释放: 关"";"
"1.6\Source\WRace\MooGirlMilked 挤奶相关的编程\CompProperties_MilkingDevice.cs","30","FieldOrLocalAssignment","powerReleaseToggleDesc","""""","public string powerReleaseToggleDesc = """";"
"1.6\Source\WRace\MooGirlMilked 挤奶相关的编程\CompProperties_MilkingDevice.cs","31","FieldOrLocalAssignment","releaseThingDefName","""MooGirl_Milk""","public string releaseThingDefName = ""MooGirl_Milk"";"
"1.6\Source\WRace\MooGirlMilked 挤奶相关的编程\CompProperties_MilkingDevice.cs","32","FieldOrLocalAssignment","spawnFilthOnRelease","false","public bool spawnFilthOnRelease = false;"
"1.6\Source\WRace\MooGirlMilked 挤奶相关的编程\CompProperties_MilkingDevice.cs","33","FieldOrLocalAssignment","filthDefName","""MooGirlMilkFilth""","public string filthDefName = ""MooGirlMilkFilth"";"
"1.6\Source\WRace\MooGirlMilked 挤奶相关的编程\CompProperties_MilkingDevice.cs","34","FieldOrLocalAssignment","filthCountRange","new IntRange(1, 2)","public IntRange filthCountRange = new IntRange(1, 2);"
"1.6\Source\WRace\MooGirlMilked 挤奶相关的编程\CompProperties_MilkingDevice.cs","34","NumericLiteral","","1","public IntRange filthCountRange = new IntRange(1, 2);"
"1.6\Source\WRace\MooGirlMilked 挤奶相关的编程\CompProperties_MilkingDevice.cs","34","NumericLiteral","","2","public IntRange filthCountRange = new IntRange(1, 2);"
"1.6\Source\WRace\MooGirlMilked 挤奶相关的编程\CompProperties_MilkingDevice.cs","35","FieldOrLocalAssignment","spawnFilthInFacingDirection","false","public bool spawnFilthInFacingDirection = false;"
"1.6\Source\WRace\MooGirlMilked 挤奶相关的编程\CompProperties_MilkingDevice.cs","36","FieldOrLocalAssignment","powerFilthDefName","""MooGirlWaterFilth""","public string powerFilthDefName = ""MooGirlWaterFilth"";"
"1.6\Source\WRace\MooGirlMilked 挤奶相关的编程\CompProperties_MilkingDevice.cs","37","FieldOrLocalAssignment","powerFilthCountRange","new IntRange(1, 1)","public IntRange powerFilthCountRange = new IntRange(1, 1);"
"1.6\Source\WRace\MooGirlMilked 挤奶相关的编程\CompProperties_MilkingDevice.cs","37","NumericLiteral","","1","public IntRange powerFilthCountRange = new IntRange(1, 1);"
"1.6\Source\WRace\MooGirlMilked 挤奶相关的编程\CompProperties_MilkingDevice.cs","37","NumericLiteral","","1","public IntRange powerFilthCountRange = new IntRange(1, 1);"
"1.6\Source\WRace\MooGirlMilked 挤奶相关的编程\CompProperties_MilkingDevice.cs","40","FieldOrLocalAssignment","powerReleaseStunTicks","180","public int powerReleaseStunTicks = 180;"
"1.6\Source\WRace\MooGirlMilked 挤奶相关的编程\CompProperties_MilkingDevice.cs","40","NumericLiteral","","180","public int powerReleaseStunTicks = 180;"
"1.6\Source\WRace\MooGirlMilked 挤奶相关的编程\CompProperties_MilkingDevice.cs","50","FieldOrLocalAssignment","Props","> (CompProperties_MilkingDevice)props","public CompProperties_MilkingDevice Props => (CompProperties_MilkingDevice)props;"
"1.6\Source\WRace\MooGirlMilked 挤奶相关的编程\CompProperties_MilkingDevice.cs","52","FieldOrLocalAssignment","Wearer","> (parent as Apparel)?.Wearer","public Pawn Wearer => (parent as Apparel)?.Wearer;"
"1.6\Source\WRace\MooGirlMilked 挤奶相关的编程\CompProperties_MilkingDevice.cs","54","FieldOrLocalAssignment","ReleaseThingDef","> DefDatabase<ThingDef>.GetNamedSilentFail(Props.releaseThingDefName)","private ThingDef ReleaseThingDef => DefDatabase<ThingDef>.GetNamedSilentFail(Props.releaseThingDefName);"
"1.6\Source\WRace\MooGirlMilked 挤奶相关的编程\CompProperties_MilkingDevice.cs","56","FieldOrLocalAssignment","FilthThingDef","> DefDatabase<ThingDef>.GetNamedSilentFail(Props.filthDefName)","private ThingDef FilthThingDef => DefDatabase<ThingDef>.GetNamedSilentFail(Props.filthDefName);"
"1.6\Source\WRace\MooGirlMilked 挤奶相关的编程\CompProperties_MilkingDevice.cs","58","FieldOrLocalAssignment","PowerFilthThingDef","> DefDatabase<ThingDef>.GetNamedSilentFail(Props.powerFilthDefName)","private ThingDef PowerFilthThingDef => DefDatabase<ThingDef>.GetNamedSilentFail(Props.powerFilthDefName);"
"1.6\Source\WRace\MooGirlMilked 挤奶相关的编程\CompProperties_MilkingDevice.cs","62","FieldOrLocalAssignment","wearer","Wearer","Pawn wearer = Wearer;"
"1.6\Source\WRace\MooGirlMilked 挤奶相关的编程\CompProperties_MilkingDevice.cs","73","FieldOrLocalAssignment","shouldAutoRelease","autoReleaseEnabled","bool shouldAutoRelease = autoReleaseEnabled;"
"1.6\Source\WRace\MooGirlMilked 挤奶相关的编程\CompProperties_MilkingDevice.cs","74","NumericLiteral","","0","if (shouldAutoRelease && storedMilkAmount > 0)"
"1.6\Source\WRace\MooGirlMilked 挤奶相关的编程\CompProperties_MilkingDevice.cs","89","FieldOrLocalAssignment","milkAmount","Mathf.Max(1, milkComp.GetResourceAmountForCurrentFullness())","int milkAmount = Mathf.Max(1, milkComp.GetResourceAmountForCurrentFullness());"
"1.6\Source\WRace\MooGirlMilked 挤奶相关的编程\CompProperties_MilkingDevice.cs","89","NumericLiteral","","1","int milkAmount = Mathf.Max(1, milkComp.GetResourceAmountForCurrentFullness());"
"1.6\Source\WRace\MooGirlMilked 挤奶相关的编程\CompProperties_MilkingDevice.cs","122","FieldOrLocalAssignment","wearer","Wearer","Pawn wearer = Wearer;"
"1.6\Source\WRace\MooGirlMilked 挤奶相关的编程\CompProperties_MilkingDevice.cs","128","FieldOrLocalAssignment","canRelease","storedCharges > 0 && storedMilkAmount > 0","bool canRelease = storedCharges > 0 && storedMilkAmount > 0;"
"1.6\Source\WRace\MooGirlMilked 挤奶相关的编程\CompProperties_MilkingDevice.cs","128","NumericLiteral","","0","bool canRelease = storedCharges > 0 && storedMilkAmount > 0;"
"1.6\Source\WRace\MooGirlMilked 挤奶相关的编程\CompProperties_MilkingDevice.cs","128","NumericLiteral","","0","bool canRelease = storedCharges > 0 && storedMilkAmount > 0;"
"1.6\Source\WRace\MooGirlMilked 挤奶相关的编程\CompProperties_MilkingDevice.cs","136","NumericLiteral","","1f","cooldownPercentGetter = () => canRelease ? 1f : 0f"
"1.6\Source\WRace\MooGirlMilked 挤奶相关的编程\CompProperties_MilkingDevice.cs","136","NumericLiteral","","0f","cooldownPercentGetter = () => canRelease ? 1f : 0f"
"1.6\Source\WRace\MooGirlMilked 挤奶相关的编程\CompProperties_MilkingDevice.cs","175","ScribeDefault","storedCharges","0","Scribe_Values.Look(ref storedCharges, ""storedCharges"", 0);"
"1.6\Source\WRace\MooGirlMilked 挤奶相关的编程\CompProperties_MilkingDevice.cs","175","NumericLiteral","","0","Scribe_Values.Look(ref storedCharges, ""storedCharges"", 0);"
"1.6\Source\WRace\MooGirlMilked 挤奶相关的编程\CompProperties_MilkingDevice.cs","176","ScribeDefault","storedMilkAmount","0","Scribe_Values.Look(ref storedMilkAmount, ""storedMilkAmount"", 0);"
"1.6\Source\WRace\MooGirlMilked 挤奶相关的编程\CompProperties_MilkingDevice.cs","176","NumericLiteral","","0","Scribe_Values.Look(ref storedMilkAmount, ""storedMilkAmount"", 0);"
"1.6\Source\WRace\MooGirlMilked 挤奶相关的编程\CompProperties_MilkingDevice.cs","177","ScribeDefault","autoReleaseEnabled","false","Scribe_Values.Look(ref autoReleaseEnabled, ""autoReleaseEnabled"", false);"
"1.6\Source\WRace\MooGirlMilked 挤奶相关的编程\CompProperties_MilkingDevice.cs","178","ScribeDefault","powerReleaseEnabled","false","Scribe_Values.Look(ref powerReleaseEnabled, ""powerReleaseEnabled"", false);"
"1.6\Source\WRace\MooGirlMilked 挤奶相关的编程\CompProperties_MilkingDevice.cs","193","FieldOrLocalAssignment","wearer","Wearer","Pawn wearer = Wearer;"
"1.6\Source\WRace\MooGirlMilked 挤奶相关的编程\CompProperties_MilkingDevice.cs","196","NumericLiteral","","4f","MoteMaker.ThrowText(wearer.DrawPos, wearer.Map, Props.storedMoteText, Color.cyan, 4f);"
"1.6\Source\WRace\MooGirlMilked 挤奶相关的编程\CompProperties_MilkingDevice.cs","196","MessageOrLog","","","MoteMaker.ThrowText(wearer.DrawPos, wearer.Map, Props.storedMoteText, Color.cyan, 4f);"
"1.6\Source\WRace\MooGirlMilked 挤奶相关的编程\CompProperties_MilkingDevice.cs","201","MessageOrLog","","","Messages.Message(Props.storedMessageKey.Translate(wearer.LabelShortCap, storedCharges, Props.maxCharges), wearer, MessageTypeDefOf.PositiveEvent);"
"1.6\Source\WRace\MooGirlMilked 挤奶相关的编程\CompProperties_MilkingDevice.cs","207","FieldOrLocalAssignment","wearer","Wearer","Pawn wearer = Wearer;"
"1.6\Source\WRace\MooGirlMilked 挤奶相关的编程\CompProperties_MilkingDevice.cs","208","NumericLiteral","","0","if (wearer == null || wearer.Map == null || storedCharges <= 0 || storedMilkAmount <= 0)"
"1.6\Source\WRace\MooGirlMilked 挤奶相关的编程\CompProperties_MilkingDevice.cs","208","NumericLiteral","","0","if (wearer == null || wearer.Map == null || storedCharges <= 0 || storedMilkAmount <= 0)"
"1.6\Source\WRace\MooGirlMilked 挤奶相关的编程\CompProperties_MilkingDevice.cs","213","FieldOrLocalAssignment","thingDef","ReleaseThingDef","ThingDef thingDef = ReleaseThingDef;"
"1.6\Source\WRace\MooGirlMilked 挤奶相关的编程\CompProperties_MilkingDevice.cs","216","MessageOrLog","","","Log.Warning(""MooGirl milking device could not resolve release thing def."");"
"1.6\Source\WRace\MooGirlMilked 挤奶相关的编程\CompProperties_MilkingDevice.cs","220","FieldOrLocalAssignment","releasedMilkAmount","storedMilkAmount","int releasedMilkAmount = storedMilkAmount;"
"1.6\Source\WRace\MooGirlMilked 挤奶相关的编程\CompProperties_MilkingDevice.cs","233","MessageOrLog","","","Messages.Message(Props.releaseMessageKey.Translate(wearer.LabelShortCap, releasedMilkAmount), wearer, MessageTypeDefOf.PositiveEvent);"
"1.6\Source\WRace\MooGirlMilked 挤奶相关的编程\CompProperties_MilkingDevice.cs","236","NumericLiteral","","0","storedCharges = 0;"
"1.6\Source\WRace\MooGirlMilked 挤奶相关的编程\CompProperties_MilkingDevice.cs","237","NumericLiteral","","0","storedMilkAmount = 0;"
"1.6\Source\WRace\MooGirlMilked 挤奶相关的编程\CompProperties_MilkingDevice.cs","242","FieldOrLocalAssignment","wearer","Wearer","Pawn wearer = Wearer;"
"1.6\Source\WRace\MooGirlMilked 挤奶相关的编程\CompProperties_MilkingDevice.cs","248","FieldOrLocalAssignment","milkComp","wearer.TryGetComp<CompMooMilkable>()","CompMooMilkable milkComp = wearer.TryGetComp<CompMooMilkable>();"
"1.6\Source\WRace\MooGirlMilked 挤奶相关的编程\CompProperties_MilkingDevice.cs","251","MessageOrLog","","","Messages.Message($""{wearer.LabelShortCap} 当前无法开发者充满产奶进度。"", wearer, MessageTypeDefOf.RejectInput);"
"1.6\Source\WRace\MooGirlMilked 挤奶相关的编程\CompProperties_MilkingDevice.cs","255","MessageOrLog","","","Messages.Message($""已将 {wearer.LabelShortCap} 的产奶进度开发者充满。"", wearer, MessageTypeDefOf.PositiveEvent);"
"1.6\Source\WRace\MooGirlMilked 挤奶相关的编程\CompProperties_MilkingDevice.cs","260","NumericLiteral","","0","while (amount > 0)"
"1.6\Source\WRace\MooGirlMilked 挤奶相关的编程\CompProperties_MilkingDevice.cs","262","FieldOrLocalAssignment","stack","Mathf.Clamp(amount, 1, thingDef.stackLimit)","int stack = Mathf.Clamp(amount, 1, thingDef.stackLimit);"
"1.6\Source\WRace\MooGirlMilked 挤奶相关的编程\CompProperties_MilkingDevice.cs","262","NumericLiteral","","1","int stack = Mathf.Clamp(amount, 1, thingDef.stackLimit);"
"1.6\Source\WRace\MooGirlMilked 挤奶相关的编程\CompProperties_MilkingDevice.cs","265","FieldOrLocalAssignment","thing","ThingMaker.MakeThing(thingDef)","Thing thing = ThingMaker.MakeThing(thingDef);"
"1.6\Source\WRace\MooGirlMilked 挤奶相关的编程\CompProperties_MilkingDevice.cs","278","FieldOrLocalAssignment","filthThingDef","FilthThingDef","ThingDef filthThingDef = FilthThingDef;"
"1.6\Source\WRace\MooGirlMilked 挤奶相关的编程\CompProperties_MilkingDevice.cs","284","FieldOrLocalAssignment","filthCount","Props.filthCountRange.RandomInRange","int filthCount = Props.filthCountRange.RandomInRange;"
"1.6\Source\WRace\MooGirlMilked 挤奶相关的编程\CompProperties_MilkingDevice.cs","285","NumericLiteral","","0","for (int i = 0; i < filthCount; i++)"
"1.6\Source\WRace\MooGirlMilked 挤奶相关的编程\CompProperties_MilkingDevice.cs","296","FieldOrLocalAssignment","filth","ThingMaker.MakeThing(filthThingDef)","Thing filth = ThingMaker.MakeThing(filthThingDef);"
"1.6\Source\WRace\MooGirlMilked 挤奶相关的编程\CompProperties_MilkingDevice.cs","303","FieldOrLocalAssignment","sounds","powerMode ? Props.powerReleaseSounds : Props.releaseSounds","List<SoundDef> sounds = powerMode ? Props.powerReleaseSounds : Props.releaseSounds;"
"1.6\Source\WRace\MooGirlMilked 挤奶相关的编程\CompProperties_MilkingDevice.cs","309","FieldOrLocalAssignment","target","new TargetInfo(wearer.Position, wearer.Map, false)","TargetInfo target = new TargetInfo(wearer.Position, wearer.Map, false);"
"1.6\Source\WRace\MooGirlMilked 挤奶相关的编程\CompProperties_MilkingDevice.cs","310","NumericLiteral","","0","for (int i = 0; i < sounds.Count; i++)"
"1.6\Source\WRace\MooGirlMilked 挤奶相关的编程\CompProperties_MilkingDevice.cs","318","FieldOrLocalAssignment","stunTicks","Mathf.Max(1, Props.powerReleaseStunTicks)","int stunTicks = Mathf.Max(1, Props.powerReleaseStunTicks);"
"1.6\Source\WRace\MooGirlMilked 挤奶相关的编程\CompProperties_MilkingDevice.cs","318","NumericLiteral","","1","int stunTicks = Mathf.Max(1, Props.powerReleaseStunTicks);"
"1.6\Source\WRace\MooGirlMilked 挤奶相关的编程\CompProperties_MilkingDeviceReleaseEffect.cs","15","FieldOrLocalAssignment","startTick","0","public int startTick = 0;"
"1.6\Source\WRace\MooGirlMilked 挤奶相关的编程\CompProperties_MilkingDeviceReleaseEffect.cs","15","NumericLiteral","","0","public int startTick = 0;"
"1.6\Source\WRace\MooGirlMilked 挤奶相关的编程\CompProperties_MilkingDeviceReleaseEffect.cs","16","FieldOrLocalAssignment","loopInterval","60","public int loopInterval = 60;"
"1.6\Source\WRace\MooGirlMilked 挤奶相关的编程\CompProperties_MilkingDeviceReleaseEffect.cs","16","NumericLiteral","","60","public int loopInterval = 60;"
"1.6\Source\WRace\MooGirlMilked 挤奶相关的编程\CompProperties_MilkingDeviceReleaseEffect.cs","17","FieldOrLocalAssignment","endTick","60","public int endTick = 60;"
"1.6\Source\WRace\MooGirlMilked 挤奶相关的编程\CompProperties_MilkingDeviceReleaseEffect.cs","17","NumericLiteral","","60","public int endTick = 60;"
"1.6\Source\WRace\MooGirlMilked 挤奶相关的编程\CompProperties_MilkingDeviceReleaseEffect.cs","23","FieldOrLocalAssignment","startTick","0","public int startTick = 0;"
"1.6\Source\WRace\MooGirlMilked 挤奶相关的编程\CompProperties_MilkingDeviceReleaseEffect.cs","23","NumericLiteral","","0","public int startTick = 0;"
"1.6\Source\WRace\MooGirlMilked 挤奶相关的编程\CompProperties_MilkingDeviceReleaseEffect.cs","24","FieldOrLocalAssignment","loopInterval","30","public int loopInterval = 30;"
"1.6\Source\WRace\MooGirlMilked 挤奶相关的编程\CompProperties_MilkingDeviceReleaseEffect.cs","24","NumericLiteral","","30","public int loopInterval = 30;"
"1.6\Source\WRace\MooGirlMilked 挤奶相关的编程\CompProperties_MilkingDeviceReleaseEffect.cs","25","FieldOrLocalAssignment","endTick","60","public int endTick = 60;"
"1.6\Source\WRace\MooGirlMilked 挤奶相关的编程\CompProperties_MilkingDeviceReleaseEffect.cs","25","NumericLiteral","","60","public int endTick = 60;"
"1.6\Source\WRace\MooGirlMilked 挤奶相关的编程\CompProperties_MilkingDeviceReleaseEffect.cs","26","FieldOrLocalAssignment","scale","0.42f","public float scale = 0.42f;"
"1.6\Source\WRace\MooGirlMilked 挤奶相关的编程\CompProperties_MilkingDeviceReleaseEffect.cs","26","NumericLiteral","","0.42f","public float scale = 0.42f;"
"1.6\Source\WRace\MooGirlMilked 挤奶相关的编程\CompProperties_MilkingDeviceReleaseEffect.cs","27","FieldOrLocalAssignment","speedMin","0.2f","public float speedMin = 0.2f;"
"1.6\Source\WRace\MooGirlMilked 挤奶相关的编程\CompProperties_MilkingDeviceReleaseEffect.cs","27","NumericLiteral","","0.2f","public float speedMin = 0.2f;"
"1.6\Source\WRace\MooGirlMilked 挤奶相关的编程\CompProperties_MilkingDeviceReleaseEffect.cs","28","FieldOrLocalAssignment","speedMax","0.5f","public float speedMax = 0.5f;"
"1.6\Source\WRace\MooGirlMilked 挤奶相关的编程\CompProperties_MilkingDeviceReleaseEffect.cs","28","NumericLiteral","","0.5f","public float speedMax = 0.5f;"
"1.6\Source\WRace\MooGirlMilked 挤奶相关的编程\CompProperties_MilkingDeviceReleaseEffect.cs","34","FieldOrLocalAssignment","startTick","0","public int startTick = 0;"
"1.6\Source\WRace\MooGirlMilked 挤奶相关的编程\CompProperties_MilkingDeviceReleaseEffect.cs","34","NumericLiteral","","0","public int startTick = 0;"
"1.6\Source\WRace\MooGirlMilked 挤奶相关的编程\CompProperties_MilkingDeviceReleaseEffect.cs","35","FieldOrLocalAssignment","color","Color.white","public Color color = Color.white;"
"1.6\Source\WRace\MooGirlMilked 挤奶相关的编程\CompProperties_MilkingDeviceReleaseEffect.cs","43","FieldOrLocalAssignment","durationTicks","60","public int durationTicks = 60;"
"1.6\Source\WRace\MooGirlMilked 挤奶相关的编程\CompProperties_MilkingDeviceReleaseEffect.cs","43","NumericLiteral","","60","public int durationTicks = 60;"
"1.6\Source\WRace\MooGirlMilked 挤奶相关的编程\CompProperties_MilkingDeviceReleaseEffect.cs","53","FieldOrLocalAssignment","nextSoundTicks","new List<int>()","private List<int> nextSoundTicks = new List<int>();"
"1.6\Source\WRace\MooGirlMilked 挤奶相关的编程\CompProperties_MilkingDeviceReleaseEffect.cs","54","FieldOrLocalAssignment","nextFleckTicks","new List<int>()","private List<int> nextFleckTicks = new List<int>();"
"1.6\Source\WRace\MooGirlMilked 挤奶相关的编程\CompProperties_MilkingDeviceReleaseEffect.cs","55","FieldOrLocalAssignment","nextTextTicks","new List<int>()","private List<int> nextTextTicks = new List<int>();"
"1.6\Source\WRace\MooGirlMilked 挤奶相关的编程\CompProperties_MilkingDeviceReleaseEffect.cs","57","FieldOrLocalAssignment","Props","> (CompProperties_MilkingDeviceReleaseEffect)props","public CompProperties_MilkingDeviceReleaseEffect Props => (CompProperties_MilkingDeviceReleaseEffect)props;"
"1.6\Source\WRace\MooGirlMilked 挤奶相关的编程\CompProperties_MilkingDeviceReleaseEffect.cs","59","FieldOrLocalAssignment","Wearer","> (parent as Apparel)?.Wearer","private Pawn Wearer => (parent as Apparel)?.Wearer;"
"1.6\Source\WRace\MooGirlMilked 挤奶相关的编程\CompProperties_MilkingDeviceReleaseEffect.cs","63","FieldOrLocalAssignment","wearer","Wearer","Pawn wearer = Wearer;"
"1.6\Source\WRace\MooGirlMilked 挤奶相关的编程\CompProperties_MilkingDeviceReleaseEffect.cs","69","NumericLiteral","","1","effectTicksRemaining = Mathf.Max(1, Props.durationTicks);"
"1.6\Source\WRace\MooGirlMilked 挤奶相关的编程\CompProperties_MilkingDeviceReleaseEffect.cs","70","NumericLiteral","","0","age = 0;"
"1.6\Source\WRace\MooGirlMilked 挤奶相关的编程\CompProperties_MilkingDeviceReleaseEffect.cs","78","NumericLiteral","","0","if (effectTicksRemaining <= 0)"
"1.6\Source\WRace\MooGirlMilked 挤奶相关的编程\CompProperties_MilkingDeviceReleaseEffect.cs","83","FieldOrLocalAssignment","wearer","Wearer","Pawn wearer = Wearer;"
"1.6\Source\WRace\MooGirlMilked 挤奶相关的编程\CompProperties_MilkingDeviceReleaseEffect.cs","86","NumericLiteral","","0","effectTicksRemaining = 0;"
"1.6\Source\WRace\MooGirlMilked 挤奶相关的编程\CompProperties_MilkingDeviceReleaseEffect.cs","98","ScribeDefault","effectTicksRemaining","0","Scribe_Values.Look(ref effectTicksRemaining, ""effectTicksRemaining"", 0);"
"1.6\Source\WRace\MooGirlMilked 挤奶相关的编程\CompProperties_MilkingDeviceReleaseEffect.cs","98","NumericLiteral","","0","Scribe_Values.Look(ref effectTicksRemaining, ""effectTicksRemaining"", 0);"
"1.6\Source\WRace\MooGirlMilked 挤奶相关的编程\CompProperties_MilkingDeviceReleaseEffect.cs","99","ScribeDefault","effectAge","0","Scribe_Values.Look(ref age, ""effectAge"", 0);"
"1.6\Source\WRace\MooGirlMilked 挤奶相关的编程\CompProperties_MilkingDeviceReleaseEffect.cs","99","NumericLiteral","","0","Scribe_Values.Look(ref age, ""effectAge"", 0);"
"1.6\Source\WRace\MooGirlMilked 挤奶相关的编程\CompProperties_MilkingDeviceReleaseEffect.cs","122","NumericLiteral","","0","for (int i = 0; i < Props.texts.Count; i++)"
"1.6\Source\WRace\MooGirlMilked 挤奶相关的编程\CompProperties_MilkingDeviceReleaseEffect.cs","124","NumericLiteral","","-1","if (i < nextTextTicks.Count && nextTextTicks[i] != -1 && age == nextTextTicks[i])"
"1.6\Source\WRace\MooGirlMilked 挤奶相关的编程\CompProperties_MilkingDeviceReleaseEffect.cs","126","FieldOrLocalAssignment","textParams","Props.texts[i]","var textParams = Props.texts[i];"
"1.6\Source\WRace\MooGirlMilked 挤奶相关的编程\CompProperties_MilkingDeviceReleaseEffect.cs","129","NumericLiteral","","4f","MoteMaker.ThrowText(wearer.DrawPos, wearer.Map, textParams.text, textParams.color, 4f);"
"1.6\Source\WRace\MooGirlMilked 挤奶相关的编程\CompProperties_MilkingDeviceReleaseEffect.cs","129","MessageOrLog","","","MoteMaker.ThrowText(wearer.DrawPos, wearer.Map, textParams.text, textParams.color, 4f);"
"1.6\Source\WRace\MooGirlMilked 挤奶相关的编程\CompProperties_MilkingDeviceReleaseEffect.cs","132","NumericLiteral","","-1","nextTextTicks[i] = -1;"
"1.6\Source\WRace\MooGirlMilked 挤奶相关的编程\CompProperties_MilkingDeviceReleaseEffect.cs","139","NumericLiteral","","0","for (int i = 0; i < Props.sounds.Count; i++)"
"1.6\Source\WRace\MooGirlMilked 挤奶相关的编程\CompProperties_MilkingDeviceReleaseEffect.cs","141","FieldOrLocalAssignment","soundParams","Props.sounds[i]","var soundParams = Props.sounds[i];"
"1.6\Source\WRace\MooGirlMilked 挤奶相关的编程\CompProperties_MilkingDeviceReleaseEffect.cs","144","FieldOrLocalAssignment","info","SoundInfo.InMap(new TargetInfo(wearer.Position, wearer.Map))","SoundInfo info = SoundInfo.InMap(new TargetInfo(wearer.Position, wearer.Map));"
"1.6\Source\WRace\MooGirlMilked 挤奶相关的编程\CompProperties_MilkingDeviceReleaseEffect.cs","146","NumericLiteral","","1","nextSoundTicks[i] = age + Mathf.Max(1, soundParams.loopInterval);"
"1.6\Source\WRace\MooGirlMilked 挤奶相关的编程\CompProperties_MilkingDeviceReleaseEffect.cs","153","NumericLiteral","","0","for (int i = 0; i < Props.flecks.Count; i++)"
"1.6\Source\WRace\MooGirlMilked 挤奶相关的编程\CompProperties_MilkingDeviceReleaseEffect.cs","155","FieldOrLocalAssignment","fleckParams","Props.flecks[i]","var fleckParams = Props.flecks[i];"
"1.6\Source\WRace\MooGirlMilked 挤奶相关的编程\CompProperties_MilkingDeviceReleaseEffect.cs","158","FieldOrLocalAssignment","offset","new IntVec3(Rand.RangeInclusive(-1, 1), 0, Rand.RangeInclusive(0, 1))","IntVec3 offset = new IntVec3(Rand.RangeInclusive(-1, 1), 0, Rand.RangeInclusive(0, 1));"
"1.6\Source\WRace\MooGirlMilked 挤奶相关的编程\CompProperties_MilkingDeviceReleaseEffect.cs","158","NumericLiteral","","-1","IntVec3 offset = new IntVec3(Rand.RangeInclusive(-1, 1), 0, Rand.RangeInclusive(0, 1));"
"1.6\Source\WRace\MooGirlMilked 挤奶相关的编程\CompProperties_MilkingDeviceReleaseEffect.cs","158","NumericLiteral","","1","IntVec3 offset = new IntVec3(Rand.RangeInclusive(-1, 1), 0, Rand.RangeInclusive(0, 1));"
"1.6\Source\WRace\MooGirlMilked 挤奶相关的编程\CompProperties_MilkingDeviceReleaseEffect.cs","158","NumericLiteral","","0","IntVec3 offset = new IntVec3(Rand.RangeInclusive(-1, 1), 0, Rand.RangeInclusive(0, 1));"
"1.6\Source\WRace\MooGirlMilked 挤奶相关的编程\CompProperties_MilkingDeviceReleaseEffect.cs","158","NumericLiteral","","0","IntVec3 offset = new IntVec3(Rand.RangeInclusive(-1, 1), 0, Rand.RangeInclusive(0, 1));"
"1.6\Source\WRace\MooGirlMilked 挤奶相关的编程\CompProperties_MilkingDeviceReleaseEffect.cs","158","NumericLiteral","","1","IntVec3 offset = new IntVec3(Rand.RangeInclusive(-1, 1), 0, Rand.RangeInclusive(0, 1));"
"1.6\Source\WRace\MooGirlMilked 挤奶相关的编程\CompProperties_MilkingDeviceReleaseEffect.cs","159","FieldOrLocalAssignment","pos","wearer.Position + offset","IntVec3 pos = wearer.Position + offset;"
"1.6\Source\WRace\MooGirlMilked 挤奶相关的编程\CompProperties_MilkingDeviceReleaseEffect.cs","162","FieldOrLocalAssignment","data","FleckMaker.GetDataStatic(pos.ToVector3Shifted(), wearer.Map, fleckParams.fleck, fleckParams.scale)","FleckCreationData data = FleckMaker.GetDataStatic(pos.ToVector3Shifted(), wearer.Map, fleckParams.fleck, fleckParams.scale);"
"1.6\Source\WRace\MooGirlMilked 挤奶相关的编程\CompProperties_MilkingDeviceReleaseEffect.cs","163","NumericLiteral","","0f","data.velocityAngle = 0f;"
"1.6\Source\WRace\MooGirlMilked 挤奶相关的编程\CompProperties_MilkingDeviceReleaseEffect.cs","168","NumericLiteral","","1","nextFleckTicks[i] = age + Mathf.Max(1, fleckParams.loopInterval);"
"1.6\Source\WRace\MooGirlMilked 挤奶相关的编程\Gizmo_MilkGauge.cs","9","ConstAssignment","MainTooltipSeed","129734551","private const int MainTooltipSeed = 129734551;"
"1.6\Source\WRace\MooGirlMilked 挤奶相关的编程\Gizmo_MilkGauge.cs","9","NumericLiteral","","129734551","private const int MainTooltipSeed = 129734551;"
"1.6\Source\WRace\MooGirlMilked 挤奶相关的编程\Gizmo_MilkGauge.cs","10","ConstAssignment","IncreaseTooltipSeed","129734552","private const int IncreaseTooltipSeed = 129734552;"
"1.6\Source\WRace\MooGirlMilked 挤奶相关的编程\Gizmo_MilkGauge.cs","10","NumericLiteral","","129734552","private const int IncreaseTooltipSeed = 129734552;"
"1.6\Source\WRace\MooGirlMilked 挤奶相关的编程\Gizmo_MilkGauge.cs","11","ConstAssignment","DecreaseTooltipSeed","129734553","private const int DecreaseTooltipSeed = 129734553;"
"1.6\Source\WRace\MooGirlMilked 挤奶相关的编程\Gizmo_MilkGauge.cs","11","NumericLiteral","","129734553","private const int DecreaseTooltipSeed = 129734553;"
"1.6\Source\WRace\MooGirlMilked 挤奶相关的编程\Gizmo_MilkGauge.cs","17","FieldOrLocalAssignment","CupBackColor","new Color(0.06f, 0.13f, 0.15f, 0.92f)","private static readonly Color CupBackColor = new Color(0.06f, 0.13f, 0.15f, 0.92f);"
"1.6\Source\WRace\MooGirlMilked 挤奶相关的编程\Gizmo_MilkGauge.cs","17","NumericLiteral","","0.06f","private static readonly Color CupBackColor = new Color(0.06f, 0.13f, 0.15f, 0.92f);"
"1.6\Source\WRace\MooGirlMilked 挤奶相关的编程\Gizmo_MilkGauge.cs","17","NumericLiteral","","0.13f","private static readonly Color CupBackColor = new Color(0.06f, 0.13f, 0.15f, 0.92f);"
"1.6\Source\WRace\MooGirlMilked 挤奶相关的编程\Gizmo_MilkGauge.cs","17","NumericLiteral","","0.15f","private static readonly Color CupBackColor = new Color(0.06f, 0.13f, 0.15f, 0.92f);"
"1.6\Source\WRace\MooGirlMilked 挤奶相关的编程\Gizmo_MilkGauge.cs","17","NumericLiteral","","0.92f","private static readonly Color CupBackColor = new Color(0.06f, 0.13f, 0.15f, 0.92f);"
"1.6\Source\WRace\MooGirlMilked 挤奶相关的编程\Gizmo_MilkGauge.cs","18","FieldOrLocalAssignment","CupLineColor","new Color(0.72f, 0.93f, 1f)","private static readonly Color CupLineColor = new Color(0.72f, 0.93f, 1f);"
"1.6\Source\WRace\MooGirlMilked 挤奶相关的编程\Gizmo_MilkGauge.cs","18","NumericLiteral","","0.72f","private static readonly Color CupLineColor = new Color(0.72f, 0.93f, 1f);"
"1.6\Source\WRace\MooGirlMilked 挤奶相关的编程\Gizmo_MilkGauge.cs","18","NumericLiteral","","0.93f","private static readonly Color CupLineColor = new Color(0.72f, 0.93f, 1f);"
"1.6\Source\WRace\MooGirlMilked 挤奶相关的编程\Gizmo_MilkGauge.cs","18","NumericLiteral","","1f","private static readonly Color CupLineColor = new Color(0.72f, 0.93f, 1f);"
"1.6\Source\WRace\MooGirlMilked 挤奶相关的编程\Gizmo_MilkGauge.cs","19","FieldOrLocalAssignment","CupLineDimColor","new Color(0.43f, 0.68f, 0.76f)","private static readonly Color CupLineDimColor = new Color(0.43f, 0.68f, 0.76f);"
"1.6\Source\WRace\MooGirlMilked 挤奶相关的编程\Gizmo_MilkGauge.cs","19","NumericLiteral","","0.43f","private static readonly Color CupLineDimColor = new Color(0.43f, 0.68f, 0.76f);"
"1.6\Source\WRace\MooGirlMilked 挤奶相关的编程\Gizmo_MilkGauge.cs","19","NumericLiteral","","0.68f","private static readonly Color CupLineDimColor = new Color(0.43f, 0.68f, 0.76f);"
"1.6\Source\WRace\MooGirlMilked 挤奶相关的编程\Gizmo_MilkGauge.cs","19","NumericLiteral","","0.76f","private static readonly Color CupLineDimColor = new Color(0.43f, 0.68f, 0.76f);"
"1.6\Source\WRace\MooGirlMilked 挤奶相关的编程\Gizmo_MilkGauge.cs","20","FieldOrLocalAssignment","MilkFillColor","Color.white","private static readonly Color MilkFillColor = Color.white;"
"1.6\Source\WRace\MooGirlMilked 挤奶相关的编程\Gizmo_MilkGauge.cs","21","FieldOrLocalAssignment","MilkSurfaceColor","Color.white","private static readonly Color MilkSurfaceColor = Color.white;"
"1.6\Source\WRace\MooGirlMilked 挤奶相关的编程\Gizmo_MilkGauge.cs","22","FieldOrLocalAssignment","TickColor","new Color(0.78f, 0.91f, 0.96f)","private static readonly Color TickColor = new Color(0.78f, 0.91f, 0.96f);"
"1.6\Source\WRace\MooGirlMilked 挤奶相关的编程\Gizmo_MilkGauge.cs","22","NumericLiteral","","0.78f","private static readonly Color TickColor = new Color(0.78f, 0.91f, 0.96f);"
"1.6\Source\WRace\MooGirlMilked 挤奶相关的编程\Gizmo_MilkGauge.cs","22","NumericLiteral","","0.91f","private static readonly Color TickColor = new Color(0.78f, 0.91f, 0.96f);"
"1.6\Source\WRace\MooGirlMilked 挤奶相关的编程\Gizmo_MilkGauge.cs","22","NumericLiteral","","0.96f","private static readonly Color TickColor = new Color(0.78f, 0.91f, 0.96f);"
"1.6\Source\WRace\MooGirlMilked 挤奶相关的编程\Gizmo_MilkGauge.cs","23","FieldOrLocalAssignment","ThresholdColor","new Color(1f, 0.28f, 0.22f)","private static readonly Color ThresholdColor = new Color(1f, 0.28f, 0.22f);"
"1.6\Source\WRace\MooGirlMilked 挤奶相关的编程\Gizmo_MilkGauge.cs","23","NumericLiteral","","1f","private static readonly Color ThresholdColor = new Color(1f, 0.28f, 0.22f);"
"1.6\Source\WRace\MooGirlMilked 挤奶相关的编程\Gizmo_MilkGauge.cs","23","NumericLiteral","","0.28f","private static readonly Color ThresholdColor = new Color(1f, 0.28f, 0.22f);"
"1.6\Source\WRace\MooGirlMilked 挤奶相关的编程\Gizmo_MilkGauge.cs","23","NumericLiteral","","0.22f","private static readonly Color ThresholdColor = new Color(1f, 0.28f, 0.22f);"
"1.6\Source\WRace\MooGirlMilked 挤奶相关的编程\Gizmo_MilkGauge.cs","24","FieldOrLocalAssignment","ButtonBgColor","new Color(0.10f, 0.12f, 0.13f)","private static readonly Color ButtonBgColor = new Color(0.10f, 0.12f, 0.13f);"
"1.6\Source\WRace\MooGirlMilked 挤奶相关的编程\Gizmo_MilkGauge.cs","24","NumericLiteral","","0.10f","private static readonly Color ButtonBgColor = new Color(0.10f, 0.12f, 0.13f);"
"1.6\Source\WRace\MooGirlMilked 挤奶相关的编程\Gizmo_MilkGauge.cs","24","NumericLiteral","","0.12f","private static readonly Color ButtonBgColor = new Color(0.10f, 0.12f, 0.13f);"
"1.6\Source\WRace\MooGirlMilked 挤奶相关的编程\Gizmo_MilkGauge.cs","24","NumericLiteral","","0.13f","private static readonly Color ButtonBgColor = new Color(0.10f, 0.12f, 0.13f);"
"1.6\Source\WRace\MooGirlMilked 挤奶相关的编程\Gizmo_MilkGauge.cs","25","FieldOrLocalAssignment","ButtonHoverColor","new Color(0.17f, 0.21f, 0.23f)","private static readonly Color ButtonHoverColor = new Color(0.17f, 0.21f, 0.23f);"
"1.6\Source\WRace\MooGirlMilked 挤奶相关的编程\Gizmo_MilkGauge.cs","25","NumericLiteral","","0.17f","private static readonly Color ButtonHoverColor = new Color(0.17f, 0.21f, 0.23f);"
"1.6\Source\WRace\MooGirlMilked 挤奶相关的编程\Gizmo_MilkGauge.cs","25","NumericLiteral","","0.21f","private static readonly Color ButtonHoverColor = new Color(0.17f, 0.21f, 0.23f);"
"1.6\Source\WRace\MooGirlMilked 挤奶相关的编程\Gizmo_MilkGauge.cs","25","NumericLiteral","","0.23f","private static readonly Color ButtonHoverColor = new Color(0.17f, 0.21f, 0.23f);"
"1.6\Source\WRace\MooGirlMilked 挤奶相关的编程\Gizmo_MilkGauge.cs","26","FieldOrLocalAssignment","ButtonBorderColor","new Color(0.54f, 0.72f, 0.78f)","private static readonly Color ButtonBorderColor = new Color(0.54f, 0.72f, 0.78f);"
"1.6\Source\WRace\MooGirlMilked 挤奶相关的编程\Gizmo_MilkGauge.cs","26","NumericLiteral","","0.54f","private static readonly Color ButtonBorderColor = new Color(0.54f, 0.72f, 0.78f);"
"1.6\Source\WRace\MooGirlMilked 挤奶相关的编程\Gizmo_MilkGauge.cs","26","NumericLiteral","","0.72f","private static readonly Color ButtonBorderColor = new Color(0.54f, 0.72f, 0.78f);"
"1.6\Source\WRace\MooGirlMilked 挤奶相关的编程\Gizmo_MilkGauge.cs","26","NumericLiteral","","0.78f","private static readonly Color ButtonBorderColor = new Color(0.54f, 0.72f, 0.78f);"
"1.6\Source\WRace\MooGirlMilked 挤奶相关的编程\Gizmo_MilkGauge.cs","37","NumericLiteral","","142f","return 142f;"
"1.6\Source\WRace\MooGirlMilked 挤奶相关的编程\Gizmo_MilkGauge.cs","42","FieldOrLocalAssignment","width","GetWidth(maxWidth)","float width = GetWidth(maxWidth);"
"1.6\Source\WRace\MooGirlMilked 挤奶相关的编程\Gizmo_MilkGauge.cs","43","FieldOrLocalAssignment","totalRect","new Rect(topLeft.x, topLeft.y, width, 75f)","Rect totalRect = new Rect(topLeft.x, topLeft.y, width, 75f);"
"1.6\Source\WRace\MooGirlMilked 挤奶相关的编程\Gizmo_MilkGauge.cs","43","NumericLiteral","","75f","Rect totalRect = new Rect(topLeft.x, topLeft.y, width, 75f);"
"1.6\Source\WRace\MooGirlMilked 挤奶相关的编程\Gizmo_MilkGauge.cs","44","FieldOrLocalAssignment","interacted","false","bool interacted = false;"
"1.6\Source\WRace\MooGirlMilked 挤奶相关的编程\Gizmo_MilkGauge.cs","50","FieldOrLocalAssignment","titleRect","new Rect(totalRect.x + 7f, totalRect.y + 1f, 76f, 17f)","Rect titleRect = new Rect(totalRect.x + 7f, totalRect.y + 1f, 76f, 17f);"
"1.6\Source\WRace\MooGirlMilked 挤奶相关的编程\Gizmo_MilkGauge.cs","50","NumericLiteral","","7f","Rect titleRect = new Rect(totalRect.x + 7f, totalRect.y + 1f, 76f, 17f);"
"1.6\Source\WRace\MooGirlMilked 挤奶相关的编程\Gizmo_MilkGauge.cs","50","NumericLiteral","","1f","Rect titleRect = new Rect(totalRect.x + 7f, totalRect.y + 1f, 76f, 17f);"
"1.6\Source\WRace\MooGirlMilked 挤奶相关的编程\Gizmo_MilkGauge.cs","50","NumericLiteral","","76f","Rect titleRect = new Rect(totalRect.x + 7f, totalRect.y + 1f, 76f, 17f);"
"1.6\Source\WRace\MooGirlMilked 挤奶相关的编程\Gizmo_MilkGauge.cs","50","NumericLiteral","","17f","Rect titleRect = new Rect(totalRect.x + 7f, totalRect.y + 1f, 76f, 17f);"
"1.6\Source\WRace\MooGirlMilked 挤奶相关的编程\Gizmo_MilkGauge.cs","57","FieldOrLocalAssignment","cupOuterRect","new Rect(totalRect.x + 18f, totalRect.y + 16f, 58f, 51f)","Rect cupOuterRect = new Rect(totalRect.x + 18f, totalRect.y + 16f, 58f, 51f);"
"1.6\Source\WRace\MooGirlMilked 挤奶相关的编程\Gizmo_MilkGauge.cs","57","NumericLiteral","","18f","Rect cupOuterRect = new Rect(totalRect.x + 18f, totalRect.y + 16f, 58f, 51f);"
"1.6\Source\WRace\MooGirlMilked 挤奶相关的编程\Gizmo_MilkGauge.cs","57","NumericLiteral","","16f","Rect cupOuterRect = new Rect(totalRect.x + 18f, totalRect.y + 16f, 58f, 51f);"
"1.6\Source\WRace\MooGirlMilked 挤奶相关的编程\Gizmo_MilkGauge.cs","57","NumericLiteral","","58f","Rect cupOuterRect = new Rect(totalRect.x + 18f, totalRect.y + 16f, 58f, 51f);"
"1.6\Source\WRace\MooGirlMilked 挤奶相关的编程\Gizmo_MilkGauge.cs","57","NumericLiteral","","51f","Rect cupOuterRect = new Rect(totalRect.x + 18f, totalRect.y + 16f, 58f, 51f);"
"1.6\Source\WRace\MooGirlMilked 挤奶相关的编程\Gizmo_MilkGauge.cs","58","FieldOrLocalAssignment","cupInnerRect","new Rect(cupOuterRect.x + 7f, cupOuterRect.y + 8f, cupOuterRect.width - 14f, cupOuterRect.height - 13f)","Rect cupInnerRect = new Rect(cupOuterRect.x + 7f, cupOuterRect.y + 8f, cupOuterRect.width - 14f, cupOuterRect.height - 13f);"
"1.6\Source\WRace\MooGirlMilked 挤奶相关的编程\Gizmo_MilkGauge.cs","58","NumericLiteral","","7f","Rect cupInnerRect = new Rect(cupOuterRect.x + 7f, cupOuterRect.y + 8f, cupOuterRect.width - 14f, cupOuterRect.height - 13f);"
"1.6\Source\WRace\MooGirlMilked 挤奶相关的编程\Gizmo_MilkGauge.cs","58","NumericLiteral","","8f","Rect cupInnerRect = new Rect(cupOuterRect.x + 7f, cupOuterRect.y + 8f, cupOuterRect.width - 14f, cupOuterRect.height - 13f);"
"1.6\Source\WRace\MooGirlMilked 挤奶相关的编程\Gizmo_MilkGauge.cs","58","NumericLiteral","","14f","Rect cupInnerRect = new Rect(cupOuterRect.x + 7f, cupOuterRect.y + 8f, cupOuterRect.width - 14f, cupOuterRect.height - 13f);"
"1.6\Source\WRace\MooGirlMilked 挤奶相关的编程\Gizmo_MilkGauge.cs","58","NumericLiteral","","13f","Rect cupInnerRect = new Rect(cupOuterRect.x + 7f, cupOuterRect.y + 8f, cupOuterRect.width - 14f, cupOuterRect.height - 13f);"
"1.6\Source\WRace\MooGirlMilked 挤奶相关的编程\Gizmo_MilkGauge.cs","59","FieldOrLocalAssignment","fullness","comp.Fullness","float fullness = comp.Fullness;"
"1.6\Source\WRace\MooGirlMilked 挤奶相关的编程\Gizmo_MilkGauge.cs","60","FieldOrLocalAssignment","threshold","comp.MilkThreshold","float threshold = comp.MilkThreshold;"
"1.6\Source\WRace\MooGirlMilked 挤奶相关的编程\Gizmo_MilkGauge.cs","65","FieldOrLocalAssignment","controlsRect","new Rect(totalRect.x + 101f, totalRect.y + 16f, 26f, 51f)","Rect controlsRect = new Rect(totalRect.x + 101f, totalRect.y + 16f, 26f, 51f);"
"1.6\Source\WRace\MooGirlMilked 挤奶相关的编程\Gizmo_MilkGauge.cs","65","NumericLiteral","","101f","Rect controlsRect = new Rect(totalRect.x + 101f, totalRect.y + 16f, 26f, 51f);"
"1.6\Source\WRace\MooGirlMilked 挤奶相关的编程\Gizmo_MilkGauge.cs","65","NumericLiteral","","16f","Rect controlsRect = new Rect(totalRect.x + 101f, totalRect.y + 16f, 26f, 51f);"
"1.6\Source\WRace\MooGirlMilked 挤奶相关的编程\Gizmo_MilkGauge.cs","65","NumericLiteral","","26f","Rect controlsRect = new Rect(totalRect.x + 101f, totalRect.y + 16f, 26f, 51f);"
"1.6\Source\WRace\MooGirlMilked 挤奶相关的编程\Gizmo_MilkGauge.cs","65","NumericLiteral","","51f","Rect controlsRect = new Rect(totalRect.x + 101f, totalRect.y + 16f, 26f, 51f);"
"1.6\Source\WRace\MooGirlMilked 挤奶相关的编程\Gizmo_MilkGauge.cs","72","FieldOrLocalAssignment","pctRect","new Rect(cupOuterRect.x - 1f, totalRect.yMax - 17f, cupOuterRect.width + 2f, 16f)","Rect pctRect = new Rect(cupOuterRect.x - 1f, totalRect.yMax - 17f, cupOuterRect.width + 2f, 16f);"
"1.6\Source\WRace\MooGirlMilked 挤奶相关的编程\Gizmo_MilkGauge.cs","72","NumericLiteral","","1f","Rect pctRect = new Rect(cupOuterRect.x - 1f, totalRect.yMax - 17f, cupOuterRect.width + 2f, 16f);"
"1.6\Source\WRace\MooGirlMilked 挤奶相关的编程\Gizmo_MilkGauge.cs","72","NumericLiteral","","17f","Rect pctRect = new Rect(cupOuterRect.x - 1f, totalRect.yMax - 17f, cupOuterRect.width + 2f, 16f);"
"1.6\Source\WRace\MooGirlMilked 挤奶相关的编程\Gizmo_MilkGauge.cs","72","NumericLiteral","","2f","Rect pctRect = new Rect(cupOuterRect.x - 1f, totalRect.yMax - 17f, cupOuterRect.width + 2f, 16f);"
"1.6\Source\WRace\MooGirlMilked 挤奶相关的编程\Gizmo_MilkGauge.cs","72","NumericLiteral","","16f","Rect pctRect = new Rect(cupOuterRect.x - 1f, totalRect.yMax - 17f, cupOuterRect.width + 2f, 16f);"
"1.6\Source\WRace\MooGirlMilked 挤奶相关的编程\Gizmo_MilkGauge.cs","97","FieldOrLocalAssignment","fillHeight","cupInnerRect.height * Mathf.Clamp01(fullness)","float fillHeight = cupInnerRect.height * Mathf.Clamp01(fullness);"
"1.6\Source\WRace\MooGirlMilked 挤奶相关的编程\Gizmo_MilkGauge.cs","98","NumericLiteral","","0f","if (fillHeight > 0f)"
"1.6\Source\WRace\MooGirlMilked 挤奶相关的编程\Gizmo_MilkGauge.cs","100","FieldOrLocalAssignment","fillRect","new Rect(cupInnerRect.x + 1f, cupInnerRect.yMax - fillHeight, cupInnerRect.width - 2f, fillHeight)","Rect fillRect = new Rect(cupInnerRect.x + 1f, cupInnerRect.yMax - fillHeight, cupInnerRect.width - 2f, fillHeight);"
"1.6\Source\WRace\MooGirlMilked 挤奶相关的编程\Gizmo_MilkGauge.cs","100","NumericLiteral","","1f","Rect fillRect = new Rect(cupInnerRect.x + 1f, cupInnerRect.yMax - fillHeight, cupInnerRect.width - 2f, fillHeight);"
"1.6\Source\WRace\MooGirlMilked 挤奶相关的编程\Gizmo_MilkGauge.cs","100","NumericLiteral","","2f","Rect fillRect = new Rect(cupInnerRect.x + 1f, cupInnerRect.yMax - fillHeight, cupInnerRect.width - 2f, fillHeight);"
"1.6\Source\WRace\MooGirlMilked 挤奶相关的编程\Gizmo_MilkGauge.cs","103","FieldOrLocalAssignment","surfaceRect","new Rect(fillRect.x, fillRect.y, fillRect.width, 2f)","Rect surfaceRect = new Rect(fillRect.x, fillRect.y, fillRect.width, 2f);"
"1.6\Source\WRace\MooGirlMilked 挤奶相关的编程\Gizmo_MilkGauge.cs","103","NumericLiteral","","2f","Rect surfaceRect = new Rect(fillRect.x, fillRect.y, fillRect.width, 2f);"
"1.6\Source\WRace\MooGirlMilked 挤奶相关的编程\Gizmo_MilkGauge.cs","110","FieldOrLocalAssignment","thresholdY","cupInnerRect.y + cupInnerRect.height * (1f - Mathf.Clamp01(threshold))","float thresholdY = cupInnerRect.y + cupInnerRect.height * (1f - Mathf.Clamp01(threshold));"
"1.6\Source\WRace\MooGirlMilked 挤奶相关的编程\Gizmo_MilkGauge.cs","110","NumericLiteral","","1f","float thresholdY = cupInnerRect.y + cupInnerRect.height * (1f - Mathf.Clamp01(threshold));"
"1.6\Source\WRace\MooGirlMilked 挤奶相关的编程\Gizmo_MilkGauge.cs","111","NumericLiteral","","3f","DrawSolidRect(new Rect(cupInnerRect.x - 3f, thresholdY - 1f, cupInnerRect.width + 6f, 2f), ThresholdColor);"
"1.6\Source\WRace\MooGirlMilked 挤奶相关的编程\Gizmo_MilkGauge.cs","111","NumericLiteral","","1f","DrawSolidRect(new Rect(cupInnerRect.x - 3f, thresholdY - 1f, cupInnerRect.width + 6f, 2f), ThresholdColor);"
"1.6\Source\WRace\MooGirlMilked 挤奶相关的编程\Gizmo_MilkGauge.cs","111","NumericLiteral","","6f","DrawSolidRect(new Rect(cupInnerRect.x - 3f, thresholdY - 1f, cupInnerRect.width + 6f, 2f), ThresholdColor);"
"1.6\Source\WRace\MooGirlMilked 挤奶相关的编程\Gizmo_MilkGauge.cs","111","NumericLiteral","","2f","DrawSolidRect(new Rect(cupInnerRect.x - 3f, thresholdY - 1f, cupInnerRect.width + 6f, 2f), ThresholdColor);"
"1.6\Source\WRace\MooGirlMilked 挤奶相关的编程\Gizmo_MilkGauge.cs","116","ConstAssignment","thickness","2f","const float thickness = 2f;"
"1.6\Source\WRace\MooGirlMilked 挤奶相关的编程\Gizmo_MilkGauge.cs","116","NumericLiteral","","2f","const float thickness = 2f;"
"1.6\Source\WRace\MooGirlMilked 挤奶相关的编程\Gizmo_MilkGauge.cs","117","FieldOrLocalAssignment","outlineRect","new Rect(cupInnerRect.x - 3f, cupInnerRect.y - 3f, cupInnerRect.width + 6f, cupInnerRect.height + 6f)","Rect outlineRect = new Rect(cupInnerRect.x - 3f, cupInnerRect.y - 3f, cupInnerRect.width + 6f, cupInnerRect.height + 6f);"
"1.6\Source\WRace\MooGirlMilked 挤奶相关的编程\Gizmo_MilkGauge.cs","117","NumericLiteral","","3f","Rect outlineRect = new Rect(cupInnerRect.x - 3f, cupInnerRect.y - 3f, cupInnerRect.width + 6f, cupInnerRect.height + 6f);"
"1.6\Source\WRace\MooGirlMilked 挤奶相关的编程\Gizmo_MilkGauge.cs","117","NumericLiteral","","3f","Rect outlineRect = new Rect(cupInnerRect.x - 3f, cupInnerRect.y - 3f, cupInnerRect.width + 6f, cupInnerRect.height + 6f);"
"1.6\Source\WRace\MooGirlMilked 挤奶相关的编程\Gizmo_MilkGauge.cs","117","NumericLiteral","","6f","Rect outlineRect = new Rect(cupInnerRect.x - 3f, cupInnerRect.y - 3f, cupInnerRect.width + 6f, cupInnerRect.height + 6f);"
"1.6\Source\WRace\MooGirlMilked 挤奶相关的编程\Gizmo_MilkGauge.cs","117","NumericLiteral","","6f","Rect outlineRect = new Rect(cupInnerRect.x - 3f, cupInnerRect.y - 3f, cupInnerRect.width + 6f, cupInnerRect.height + 6f);"
"1.6\Source\WRace\MooGirlMilked 挤奶相关的编程\Gizmo_MilkGauge.cs","124","NumericLiteral","","1f","DrawSolidRect(new Rect(cupInnerRect.x, cupInnerRect.y, cupInnerRect.width, 1f), CupLineDimColor);"
"1.6\Source\WRace\MooGirlMilked 挤奶相关的编程\Gizmo_MilkGauge.cs","125","NumericLiteral","","1f","DrawSolidRect(new Rect(cupInnerRect.x, cupInnerRect.yMax, cupInnerRect.width, 1f), CupLineDimColor);"
"1.6\Source\WRace\MooGirlMilked 挤奶相关的编程\Gizmo_MilkGauge.cs","130","NumericLiteral","","1","for (int i = 1; i <= 4; i++)"
"1.6\Source\WRace\MooGirlMilked 挤奶相关的编程\Gizmo_MilkGauge.cs","130","NumericLiteral","","4","for (int i = 1; i <= 4; i++)"
"1.6\Source\WRace\MooGirlMilked 挤奶相关的编程\Gizmo_MilkGauge.cs","132","FieldOrLocalAssignment","y","cupInnerRect.yMax - cupInnerRect.height * i / 4f","float y = cupInnerRect.yMax - cupInnerRect.height * i / 4f;"
"1.6\Source\WRace\MooGirlMilked 挤奶相关的编程\Gizmo_MilkGauge.cs","132","NumericLiteral","","4f","float y = cupInnerRect.yMax - cupInnerRect.height * i / 4f;"
"1.6\Source\WRace\MooGirlMilked 挤奶相关的编程\Gizmo_MilkGauge.cs","133","FieldOrLocalAssignment","tickWidth","i % 2 == 0 ? 18f : 10f","float tickWidth = i % 2 == 0 ? 18f : 10f;"
"1.6\Source\WRace\MooGirlMilked 挤奶相关的编程\Gizmo_MilkGauge.cs","133","NumericLiteral","","2","float tickWidth = i % 2 == 0 ? 18f : 10f;"
"1.6\Source\WRace\MooGirlMilked 挤奶相关的编程\Gizmo_MilkGauge.cs","133","NumericLiteral","","0","float tickWidth = i % 2 == 0 ? 18f : 10f;"
"1.6\Source\WRace\MooGirlMilked 挤奶相关的编程\Gizmo_MilkGauge.cs","133","NumericLiteral","","18f","float tickWidth = i % 2 == 0 ? 18f : 10f;"
"1.6\Source\WRace\MooGirlMilked 挤奶相关的编程\Gizmo_MilkGauge.cs","133","NumericLiteral","","10f","float tickWidth = i % 2 == 0 ? 18f : 10f;"
"1.6\Source\WRace\MooGirlMilked 挤奶相关的编程\Gizmo_MilkGauge.cs","134","NumericLiteral","","4f","DrawSolidRect(new Rect(cupInnerRect.x + 4f, y, tickWidth, 1f), TickColor);"
"1.6\Source\WRace\MooGirlMilked 挤奶相关的编程\Gizmo_MilkGauge.cs","134","NumericLiteral","","1f","DrawSolidRect(new Rect(cupInnerRect.x + 4f, y, tickWidth, 1f), TickColor);"
"1.6\Source\WRace\MooGirlMilked 挤奶相关的编程\Gizmo_MilkGauge.cs","140","FieldOrLocalAssignment","interacted","false","bool interacted = false;"
"1.6\Source\WRace\MooGirlMilked 挤奶相关的编程\Gizmo_MilkGauge.cs","142","FieldOrLocalAssignment","plusRect","new Rect(controlsRect.x, controlsRect.y + 3f, 24f, 20f)","Rect plusRect = new Rect(controlsRect.x, controlsRect.y + 3f, 24f, 20f);"
"1.6\Source\WRace\MooGirlMilked 挤奶相关的编程\Gizmo_MilkGauge.cs","142","NumericLiteral","","3f","Rect plusRect = new Rect(controlsRect.x, controlsRect.y + 3f, 24f, 20f);"
"1.6\Source\WRace\MooGirlMilked 挤奶相关的编程\Gizmo_MilkGauge.cs","142","NumericLiteral","","24f","Rect plusRect = new Rect(controlsRect.x, controlsRect.y + 3f, 24f, 20f);"
"1.6\Source\WRace\MooGirlMilked 挤奶相关的编程\Gizmo_MilkGauge.cs","142","NumericLiteral","","20f","Rect plusRect = new Rect(controlsRect.x, controlsRect.y + 3f, 24f, 20f);"
"1.6\Source\WRace\MooGirlMilked 挤奶相关的编程\Gizmo_MilkGauge.cs","143","FieldOrLocalAssignment","minusRect","new Rect(controlsRect.x, controlsRect.y + 28f, 24f, 20f)","Rect minusRect = new Rect(controlsRect.x, controlsRect.y + 28f, 24f, 20f);"
"1.6\Source\WRace\MooGirlMilked 挤奶相关的编程\Gizmo_MilkGauge.cs","143","NumericLiteral","","28f","Rect minusRect = new Rect(controlsRect.x, controlsRect.y + 28f, 24f, 20f);"
"1.6\Source\WRace\MooGirlMilked 挤奶相关的编程\Gizmo_MilkGauge.cs","143","NumericLiteral","","24f","Rect minusRect = new Rect(controlsRect.x, controlsRect.y + 28f, 24f, 20f);"
"1.6\Source\WRace\MooGirlMilked 挤奶相关的编程\Gizmo_MilkGauge.cs","143","NumericLiteral","","20f","Rect minusRect = new Rect(controlsRect.x, controlsRect.y + 28f, 24f, 20f);"
"1.6\Source\WRace\MooGirlMilked 挤奶相关的编程\Gizmo_MilkGauge.cs","148","NumericLiteral","","1f","comp.MilkThreshold = Mathf.Min(1f, comp.MilkThreshold + 0.1f);"
"1.6\Source\WRace\MooGirlMilked 挤奶相关的编程\Gizmo_MilkGauge.cs","148","NumericLiteral","","0.1f","comp.MilkThreshold = Mathf.Min(1f, comp.MilkThreshold + 0.1f);"
"1.6\Source\WRace\MooGirlMilked 挤奶相关的编程\Gizmo_MilkGauge.cs","154","NumericLiteral","","0.1f","comp.MilkThreshold = Mathf.Max(0.1f, comp.MilkThreshold - 0.1f);"
"1.6\Source\WRace\MooGirlMilked 挤奶相关的编程\Gizmo_MilkGauge.cs","154","NumericLiteral","","0.1f","comp.MilkThreshold = Mathf.Max(0.1f, comp.MilkThreshold - 0.1f);"
"1.6\Source\WRace\MooGirlMilked 挤奶相关的编程\Gizmo_MilkGauge.cs","185","NumericLiteral","","1f","""\n调整后: "" + Mathf.Min(1f, comp.MilkThreshold + 0.1f).ToStringPercent();"
"1.6\Source\WRace\MooGirlMilked 挤奶相关的编程\Gizmo_MilkGauge.cs","185","NumericLiteral","","0.1f","""\n调整后: "" + Mathf.Min(1f, comp.MilkThreshold + 0.1f).ToStringPercent();"
"1.6\Source\WRace\MooGirlMilked 挤奶相关的编程\Gizmo_MilkGauge.cs","191","NumericLiteral","","0.1f","""\n调整后: "" + Mathf.Max(0.1f, comp.MilkThreshold - 0.1f).ToStringPercent();"
"1.6\Source\WRace\MooGirlMilked 挤奶相关的编程\Gizmo_MilkGauge.cs","191","NumericLiteral","","0.1f","""\n调整后: "" + Mathf.Max(0.1f, comp.MilkThreshold - 0.1f).ToStringPercent();"
"1.6\Source\WRace\MooGirlMilked 挤奶相关的编程\Gizmo_MilkGauge.cs","201","FieldOrLocalAssignment","mouseOver","Mouse.IsOver(rect)","bool mouseOver = Mouse.IsOver(rect);"
"1.6\Source\WRace\MooGirlMilked 挤奶相关的编程\Gizmo_MilkGauge.cs","208","FieldOrLocalAssignment","centerX","rect.center.x","float centerX = rect.center.x;"
"1.6\Source\WRace\MooGirlMilked 挤奶相关的编程\Gizmo_MilkGauge.cs","209","FieldOrLocalAssignment","centerY","rect.center.y","float centerY = rect.center.y;"
"1.6\Source\WRace\MooGirlMilked 挤奶相关的编程\Gizmo_MilkGauge.cs","210","NumericLiteral","","5f","DrawSolidRect(new Rect(centerX - 5f, centerY - 1f, 10f, 2f), CupLineColor);"
"1.6\Source\WRace\MooGirlMilked 挤奶相关的编程\Gizmo_MilkGauge.cs","210","NumericLiteral","","1f","DrawSolidRect(new Rect(centerX - 5f, centerY - 1f, 10f, 2f), CupLineColor);"
"1.6\Source\WRace\MooGirlMilked 挤奶相关的编程\Gizmo_MilkGauge.cs","210","NumericLiteral","","10f","DrawSolidRect(new Rect(centerX - 5f, centerY - 1f, 10f, 2f), CupLineColor);"
"1.6\Source\WRace\MooGirlMilked 挤奶相关的编程\Gizmo_MilkGauge.cs","210","NumericLiteral","","2f","DrawSolidRect(new Rect(centerX - 5f, centerY - 1f, 10f, 2f), CupLineColor);"
"1.6\Source\WRace\MooGirlMilked 挤奶相关的编程\Gizmo_MilkGauge.cs","213","NumericLiteral","","1f","DrawSolidRect(new Rect(centerX - 1f, centerY - 5f, 2f, 10f), CupLineColor);"
"1.6\Source\WRace\MooGirlMilked 挤奶相关的编程\Gizmo_MilkGauge.cs","213","NumericLiteral","","5f","DrawSolidRect(new Rect(centerX - 1f, centerY - 5f, 2f, 10f), CupLineColor);"
"1.6\Source\WRace\MooGirlMilked 挤奶相关的编程\Gizmo_MilkGauge.cs","213","NumericLiteral","","2f","DrawSolidRect(new Rect(centerX - 1f, centerY - 5f, 2f, 10f), CupLineColor);"
"1.6\Source\WRace\MooGirlMilked 挤奶相关的编程\Gizmo_MilkGauge.cs","213","NumericLiteral","","10f","DrawSolidRect(new Rect(centerX - 1f, centerY - 5f, 2f, 10f), CupLineColor);"
"1.6\Source\WRace\MooGirlMilked 挤奶相关的编程\Gizmo_MilkGauge.cs","221","FieldOrLocalAssignment","oldColor","GUI.color","Color oldColor = GUI.color;"
"1.6\Source\WRace\MooGirlMilked 挤奶相关的编程\Harmony_FloatMenu_Milk.cs","11","ConstAssignment","MinMilkFullnessForMilking","0.05f","private const float MinMilkFullnessForMilking = 0.05f;"
"1.6\Source\WRace\MooGirlMilked 挤奶相关的编程\Harmony_FloatMenu_Milk.cs","11","NumericLiteral","","0.05f","private const float MinMilkFullnessForMilking = 0.05f;"
"1.6\Source\WRace\MooGirlMilked 挤奶相关的编程\Harmony_FloatMenu_Milk.cs","12","ConstAssignment","MinMilkFullnessForFeeding","0.05f","private const float MinMilkFullnessForFeeding = 0.05f;"
"1.6\Source\WRace\MooGirlMilked 挤奶相关的编程\Harmony_FloatMenu_Milk.cs","12","NumericLiteral","","0.05f","private const float MinMilkFullnessForFeeding = 0.05f;"
"1.6\Source\WRace\MooGirlMilked 挤奶相关的编程\Harmony_FloatMenu_Milk.cs","29","FieldOrLocalAssignment","comp","target.TryGetComp<CompMooMilkable>()","CompMooMilkable comp = target.TryGetComp<CompMooMilkable>();"
"1.6\Source\WRace\MooGirlMilked 挤奶相关的编程\Harmony_FloatMenu_Milk.cs","38","FieldOrLocalAssignment","pawn","context.FirstSelectedPawn","Pawn pawn = context.FirstSelectedPawn;"
"1.6\Source\WRace\MooGirlMilked 挤奶相关的编程\Harmony_FloatMenu_Milk.cs","39","FieldOrLocalAssignment","targetPawn","clickedPawn","Pawn targetPawn = clickedPawn;"
"1.6\Source\WRace\MooGirlMilked 挤奶相关的编程\Harmony_FloatMenu_Milk.cs","44","FieldOrLocalAssignment","selectedMilkComp","pawn.TryGetComp<CompMooMilkable>()","CompMooMilkable selectedMilkComp = pawn.TryGetComp<CompMooMilkable>();"
"1.6\Source\WRace\MooGirlMilked 挤奶相关的编程\Harmony_FloatMenu_Milk.cs","50","FieldOrLocalAssignment","comp","targetPawn.TryGetComp<CompMooMilkable>()","CompMooMilkable comp = targetPawn.TryGetComp<CompMooMilkable>();"
"1.6\Source\WRace\MooGirlMilked 挤奶相关的编程\Harmony_FloatMenu_Milk.cs","57","TranslateKey","","NoPath","yield return new FloatMenuOption(""榨乳 ("" + targetPawn.LabelShortCap + ""): "" + ""NoPath"".Translate().CapitalizeFirst(), null);"
"1.6\Source\WRace\MooGirlMilked 挤奶相关的编程\Harmony_FloatMenu_Milk.cs","65","FieldOrLocalAssignment","job","JobMaker.MakeJob(MooGirl_DefOf.Job_GatherMilk, targetPawn)","Job job = JobMaker.MakeJob(MooGirl_DefOf.Job_GatherMilk, targetPawn);"
"1.6\Source\WRace\MooGirlMilked 挤奶相关的编程\Harmony_FloatMenu_Milk.cs","70","FieldOrLocalAssignment","selectedPawnIsChild","!pawn.ageTracker.CurLifeStage.reproductive && pawn.RaceProps.Humanlike","bool selectedPawnIsChild = !pawn.ageTracker.CurLifeStage.reproductive && pawn.RaceProps.Humanlike;"
"1.6\Source\WRace\MooGirlMilked 挤奶相关的编程\Harmony_FloatMenu_Milk.cs","75","FieldOrLocalAssignment","drinkDef","DefDatabase<JobDef>.GetNamedSilentFail(""Job_DrinkMilkFromMooGirl"")","JobDef drinkDef = DefDatabase<JobDef>.GetNamedSilentFail(""Job_DrinkMilkFromMooGirl"");"
"1.6\Source\WRace\MooGirlMilked 挤奶相关的编程\Harmony_FloatMenu_Milk.cs","75","DefDatabaseStringLookup","JobDef","Job_DrinkMilkFromMooGirl","JobDef drinkDef = DefDatabase<JobDef>.GetNamedSilentFail(""Job_DrinkMilkFromMooGirl"");"
"1.6\Source\WRace\MooGirlMilked 挤奶相关的编程\Harmony_FloatMenu_Milk.cs","82","FieldOrLocalAssignment","job","JobMaker.MakeJob(drinkDef, targetPawn)","Job job = JobMaker.MakeJob(drinkDef, targetPawn);"
"1.6\Source\WRace\MooGirlMilked 挤奶相关的编程\Harmony_FloatMenu_Milk.cs","91","FieldOrLocalAssignment","breastfeedDef","DefDatabase<JobDef>.GetNamedSilentFail(""Job_Breastfeed"")","JobDef breastfeedDef = DefDatabase<JobDef>.GetNamedSilentFail(""Job_Breastfeed"");"
"1.6\Source\WRace\MooGirlMilked 挤奶相关的编程\Harmony_FloatMenu_Milk.cs","91","DefDatabaseStringLookup","JobDef","Job_Breastfeed","JobDef breastfeedDef = DefDatabase<JobDef>.GetNamedSilentFail(""Job_Breastfeed"");"
"1.6\Source\WRace\MooGirlMilked 挤奶相关的编程\Harmony_FloatMenu_Milk.cs","98","FieldOrLocalAssignment","job","JobMaker.MakeJob(breastfeedDef, targetPawn)","Job job = JobMaker.MakeJob(breastfeedDef, targetPawn);"
"1.6\Source\WRace\MooGirlMilked 挤奶相关的编程\Harmony_FloatMenu_Milk.cs","107","FieldOrLocalAssignment","label","""喂奶 ("" + target.LabelShortCap + "")""","string label = ""喂奶 ("" + target.LabelShortCap + "")"";"
"1.6\Source\WRace\MooGirlMilked 挤奶相关的编程\Harmony_FloatMenu_Milk.cs","109","FieldOrLocalAssignment","feedJobDef","DefDatabase<JobDef>.GetNamedSilentFail(""Job_FeedMilkToDowned"")","JobDef feedJobDef = DefDatabase<JobDef>.GetNamedSilentFail(""Job_FeedMilkToDowned"");"
"1.6\Source\WRace\MooGirlMilked 挤奶相关的编程\Harmony_FloatMenu_Milk.cs","109","DefDatabaseStringLookup","JobDef","Job_FeedMilkToDowned","JobDef feedJobDef = DefDatabase<JobDef>.GetNamedSilentFail(""Job_FeedMilkToDowned"");"
"1.6\Source\WRace\MooGirlMilked 挤奶相关的编程\Harmony_FloatMenu_Milk.cs","120","TranslateKey","","NoPath","return new FloatMenuOption(label + "": "" + ""NoPath"".Translate().CapitalizeFirst(), null);"
"1.6\Source\WRace\MooGirlMilked 挤奶相关的编程\Harmony_FloatMenu_Milk.cs","123","TranslateKey","","Reserved","return new FloatMenuOption(label + "": "" + ""Reserved"".Translate().CapitalizeFirst(), null);"
"1.6\Source\WRace\MooGirlMilked 挤奶相关的编程\Harmony_FloatMenu_Milk.cs","129","FieldOrLocalAssignment","job","JobMaker.MakeJob(feedJobDef, target)","Job job = JobMaker.MakeJob(feedJobDef, target);"
"1.6\Source\WRace\MooGirlMilked 挤奶相关的编程\Harmony_FloatMenu_Milk.cs","140","FieldOrLocalAssignment","pawn","context.FirstSelectedPawn","Pawn pawn = context.FirstSelectedPawn;"
"1.6\Source\WRace\MooGirlMilked 挤奶相关的编程\Harmony_MooGirlBabyFeeding.cs","11","ConstAssignment","MinBreastfeedNutrition","0.031f","private const float MinBreastfeedNutrition = 0.031f;"
"1.6\Source\WRace\MooGirlMilked 挤奶相关的编程\Harmony_MooGirlBabyFeeding.cs","11","NumericLiteral","","0.031f","private const float MinBreastfeedNutrition = 0.031f;"
"1.6\Source\WRace\MooGirlMilked 挤奶相关的编程\Harmony_MooGirlBabyFeeding.cs","71","NumericLiteral","","0f","return 0f;"
"1.6\Source\WRace\MooGirlMilked 挤奶相关的编程\Harmony_MooGirlBabyFeeding.cs","83","FieldOrLocalAssignment","nutritionWanted","baby.needs.food.NutritionWanted","float nutritionWanted = baby.needs.food.NutritionWanted;"
"1.6\Source\WRace\MooGirlMilked 挤奶相关的编程\Harmony_MooGirlBabyFeeding.cs","84","FieldOrLocalAssignment","desiredNutrition","Mathf.Min(baby.needs.food.MaxLevel / 5000f * (float)delta, nutritionWanted)","float desiredNutrition = Mathf.Min(baby.needs.food.MaxLevel / 5000f * (float)delta, nutritionWanted);"
"1.6\Source\WRace\MooGirlMilked 挤奶相关的编程\Harmony_MooGirlBabyFeeding.cs","84","NumericLiteral","","5000f","float desiredNutrition = Mathf.Min(baby.needs.food.MaxLevel / 5000f * (float)delta, nutritionWanted);"
"1.6\Source\WRace\MooGirlMilked 挤奶相关的编程\Harmony_MooGirlBabyFeeding.cs","85","FieldOrLocalAssignment","consumedNutrition","ConsumeMilkNutrition(milkComp, desiredNutrition)","float consumedNutrition = ConsumeMilkNutrition(milkComp, desiredNutrition);"
"1.6\Source\WRace\MooGirlMilked 挤奶相关的编程\Harmony_MooGirlBabyFeeding.cs","86","NumericLiteral","","0f","if (consumedNutrition <= 0f)"
"1.6\Source\WRace\MooGirlMilked 挤奶相关的编程\Harmony_MooGirlBabyFeeding.cs","94","FieldOrLocalAssignment","caravan","baby.GetCaravan()","Caravan caravan = baby.GetCaravan();"
"1.6\Source\WRace\MooGirlMilked 挤奶相关的编程\Harmony_MooGirlBabyFeeding.cs","110","NumericLiteral","","0f","if (desiredNutrition <= 0f)"
"1.6\Source\WRace\MooGirlMilked 挤奶相关的编程\Harmony_MooGirlBabyFeeding.cs","112","NumericLiteral","","0f","return 0f;"
"1.6\Source\WRace\MooGirlMilked 挤奶相关的编程\Harmony_MooGirlBabyFeeding.cs","115","FieldOrLocalAssignment","nutritionPerFullness","NutritionPerFullness(milkComp)","float nutritionPerFullness = NutritionPerFullness(milkComp);"
"1.6\Source\WRace\MooGirlMilked 挤奶相关的编程\Harmony_MooGirlBabyFeeding.cs","116","FieldOrLocalAssignment","consumedNutrition","Mathf.Min(desiredNutrition, AvailableMilkNutrition(milkComp))","float consumedNutrition = Mathf.Min(desiredNutrition, AvailableMilkNutrition(milkComp));"
"1.6\Source\WRace\MooGirlMilked 挤奶相关的编程\Harmony_MooGirlBabyFeeding.cs","117","NumericLiteral","","0f","if (consumedNutrition <= 0f)"
"1.6\Source\WRace\MooGirlMilked 挤奶相关的编程\Harmony_MooGirlBabyFeeding.cs","119","NumericLiteral","","0f","return 0f;"
"1.6\Source\WRace\MooGirlMilked 挤奶相关的编程\Harmony_MooGirlBabyFeeding.cs","128","FieldOrLocalAssignment","milkDef","milkComp?.Props?.milkDef","ThingDef milkDef = milkComp?.Props?.milkDef;"
"1.6\Source\WRace\MooGirlMilked 挤奶相关的编程\Harmony_MooGirlBabyFeeding.cs","131","NumericLiteral","","10f","return 10f;"
"1.6\Source\WRace\MooGirlMilked 挤奶相关的编程\Harmony_MooGirlBabyFeeding.cs","134","NumericLiteral","","0.001f","return Mathf.Max(0.001f, milkDef.GetStatValueAbstract(StatDefOf.Nutrition) * 100f);"
"1.6\Source\WRace\MooGirlMilked 挤奶相关的编程\Harmony_MooGirlBabyFeeding.cs","134","NumericLiteral","","100f","return Mathf.Max(0.001f, milkDef.GetStatValueAbstract(StatDefOf.Nutrition) * 100f);"
"1.6\Source\WRace\MooGirlMilked 挤奶相关的编程\Harmony_MooGirlBabyFeeding.cs","188","NumericLiteral","","0f","if (MooGirlBabyFeedingUtility.AvailableMilkNutrition(milkComp) <= 0f)"
"1.6\Source\WRace\MooGirlMilked 挤奶相关的编程\HediffComp_CureFoodEffects.cs","9","FieldOrLocalAssignment","removeHediffs","new List<string>()","public List<string> removeHediffs = new List<string>();"
"1.6\Source\WRace\MooGirlMilked 挤奶相关的编程\HediffComp_CureFoodEffects.cs","21","FieldOrLocalAssignment","CureProps","> (HediffCompProperties_CureFoodEffects)props","public HediffCompProperties_CureFoodEffects CureProps => (HediffCompProperties_CureFoodEffects)props;"
"1.6\Source\WRace\MooGirlMilked 挤奶相关的编程\HediffComp_CureFoodEffects.cs","45","NumericLiteral","","0","if (Pawn != null && CureProps.removeHediffs != null && CureProps.removeHediffs.Count > 0)"
"1.6\Source\WRace\MooGirlMilked 挤奶相关的编程\HediffComp_CureFoodEffects.cs","67","ScribeDefault","applied","false","Scribe_Values.Look(ref applied, ""applied"", false);"
"1.6\Source\WRace\MooGirlMilked 挤奶相关的编程\HediffComp_CureFoodEffects.cs","73","FieldOrLocalAssignment","removeHediffs","new List<string>()","public List<string> removeHediffs = new List<string>();"
"1.6\Source\WRace\MooGirlMilked 挤奶相关的编程\HediffComp_CureFoodEffects.cs","84","FieldOrLocalAssignment","severity","-1f","public float severity = -1f;"
"1.6\Source\WRace\MooGirlMilked 挤奶相关的编程\HediffComp_CureFoodEffects.cs","84","NumericLiteral","","-1f","public float severity = -1f;"
"1.6\Source\WRace\MooGirlMilked 挤奶相关的编程\HediffComp_CureFoodEffects.cs","90","FieldOrLocalAssignment","hediff","pawn.health.hediffSet.GetFirstHediffOfDef(hediffDef)","Hediff hediff = pawn.health.hediffSet.GetFirstHediffOfDef(hediffDef);"
"1.6\Source\WRace\MooGirlMilked 挤奶相关的编程\HediffComp_CureFoodEffects.cs","94","NumericLiteral","","0f","if (severity > 0f)"
"1.6\Source\WRace\MooGirlMilked 挤奶相关的编程\HediffComp_CureFoodEffects.cs","100","NumericLiteral","","0f","else if (severity > 0f && hediff.Severity < severity)"
"1.6\Source\WRace\MooGirlMilked 挤奶相关的编程\HediffComp_CureFoodEffects.cs","105","FieldOrLocalAssignment","disappears","hediff.TryGetComp<HediffComp_Disappears>()","HediffComp_Disappears disappears = hediff.TryGetComp<HediffComp_Disappears>();"
"1.6\Source\WRace\MooGirlMilked 挤奶相关的编程\HediffComp_CureFoodEffects.cs","111","FieldOrLocalAssignment","cure","hediff.TryGetComp<HediffComp_CureFoodEffects>()","HediffComp_CureFoodEffects cure = hediff.TryGetComp<HediffComp_CureFoodEffects>();"
"1.6\Source\WRace\MooGirlMilked 挤奶相关的编程\HediffComp_CureFoodEffects.cs","123","NumericLiteral","","0","if (pawn == null || removeHediffs == null || removeHediffs.Count == 0) return;"
"1.6\Source\WRace\MooGirlMilked 挤奶相关的编程\HediffComp_CureFoodEffects.cs","125","NumericLiteral","","0","for (int i = 0; i < removeHediffs.Count; i++)"
"1.6\Source\WRace\MooGirlMilked 挤奶相关的编程\HediffComp_CureFoodEffects.cs","127","FieldOrLocalAssignment","hediffDef","DefDatabase<HediffDef>.GetNamedSilentFail(removeHediffs[i])","HediffDef hediffDef = DefDatabase<HediffDef>.GetNamedSilentFail(removeHediffs[i]);"
"1.6\Source\WRace\MooGirlMilked 挤奶相关的编程\HediffComp_Lactation.cs","15","FieldOrLocalAssignment","baseProductionMultiplier","1.0f","public float baseProductionMultiplier = 1.0f;"
"1.6\Source\WRace\MooGirlMilked 挤奶相关的编程\HediffComp_Lactation.cs","15","NumericLiteral","","1.0f","public float baseProductionMultiplier = 1.0f;"
"1.6\Source\WRace\MooGirlMilked 挤奶相关的编程\HediffComp_Lactation.cs","16","FieldOrLocalAssignment","postpartumBoostDays","7f","public float postpartumBoostDays = 7f;"
"1.6\Source\WRace\MooGirlMilked 挤奶相关的编程\HediffComp_Lactation.cs","16","NumericLiteral","","7f","public float postpartumBoostDays = 7f;"
"1.6\Source\WRace\MooGirlMilked 挤奶相关的编程\HediffComp_Lactation.cs","17","FieldOrLocalAssignment","postpartumMultiplier","2.5f","public float postpartumMultiplier = 2.5f;"
"1.6\Source\WRace\MooGirlMilked 挤奶相关的编程\HediffComp_Lactation.cs","17","NumericLiteral","","2.5f","public float postpartumMultiplier = 2.5f;"
"1.6\Source\WRace\MooGirlMilked 挤奶相关的编程\HediffComp_Lactation.cs","18","FieldOrLocalAssignment","malnourishedPenalty","0.3f","public float malnourishedPenalty = 0.3f;"
"1.6\Source\WRace\MooGirlMilked 挤奶相关的编程\HediffComp_Lactation.cs","18","NumericLiteral","","0.3f","public float malnourishedPenalty = 0.3f;"
"1.6\Source\WRace\MooGirlMilked 挤奶相关的编程\HediffComp_Lactation.cs","24","FieldOrLocalAssignment","lastBirthTick","-1f","private float lastBirthTick = -1f;"
"1.6\Source\WRace\MooGirlMilked 挤奶相关的编程\HediffComp_Lactation.cs","24","NumericLiteral","","-1f","private float lastBirthTick = -1f;"
"1.6\Source\WRace\MooGirlMilked 挤奶相关的编程\HediffComp_Lactation.cs","26","FieldOrLocalAssignment","Props","> (CompProperties_Lactation)props","public CompProperties_Lactation Props => (CompProperties_Lactation)props;"
"1.6\Source\WRace\MooGirlMilked 挤奶相关的编程\HediffComp_Lactation.cs","32","FieldOrLocalAssignment","multiplier","Props.baseProductionMultiplier","float multiplier = Props.baseProductionMultiplier;"
"1.6\Source\WRace\MooGirlMilked 挤奶相关的编程\HediffComp_Lactation.cs","34","NumericLiteral","","0","if (lastBirthTick > 0)"
"1.6\Source\WRace\MooGirlMilked 挤奶相关的编程\HediffComp_Lactation.cs","36","FieldOrLocalAssignment","daysSinceBirth","(Find.TickManager.TicksGame - lastBirthTick) / 60000f","float daysSinceBirth = (Find.TickManager.TicksGame - lastBirthTick) / 60000f;"
"1.6\Source\WRace\MooGirlMilked 挤奶相关的编程\HediffComp_Lactation.cs","36","NumericLiteral","","60000f","float daysSinceBirth = (Find.TickManager.TicksGame - lastBirthTick) / 60000f;"
"1.6\Source\WRace\MooGirlMilked 挤奶相关的编程\HediffComp_Lactation.cs","61","ScribeDefault","lastBirthTick","-1f","Scribe_Values.Look(ref lastBirthTick, ""lastBirthTick"", -1f);"
"1.6\Source\WRace\MooGirlMilked 挤奶相关的编程\HediffComp_Lactation.cs","61","NumericLiteral","","-1f","Scribe_Values.Look(ref lastBirthTick, ""lastBirthTick"", -1f);"
"1.6\Source\WRace\MooGirlMilked 挤奶相关的编程\HediffCompProperties_WhileHavingThoughts.cs","17","FieldOrLocalAssignment","thoughtDefs","new List<ThoughtDef>()","public List<ThoughtDef> thoughtDefs = new List<ThoughtDef>();"
"1.6\Source\WRace\MooGirlMilked 挤奶相关的编程\HediffCompProperties_WhileHavingThoughts.cs","20","FieldOrLocalAssignment","removeThoughtDefs","new List<ThoughtDef>()","public List<ThoughtDef> removeThoughtDefs = new List<ThoughtDef>();"
"1.6\Source\WRace\MooGirlMilked 挤奶相关的编程\HediffCompProperties_WhileHavingThoughts.cs","23","FieldOrLocalAssignment","hediffReduction","""""","public string hediffReduction = """";"
"1.6\Source\WRace\MooGirlMilked 挤奶相关的编程\HediffCompProperties_WhileHavingThoughts.cs","26","FieldOrLocalAssignment","reductionAmount","0f","public float reductionAmount = 0f;"
"1.6\Source\WRace\MooGirlMilked 挤奶相关的编程\HediffCompProperties_WhileHavingThoughts.cs","26","NumericLiteral","","0f","public float reductionAmount = 0f;"
"1.6\Source\WRace\MooGirlMilked 挤奶相关的编程\HediffCompProperties_WhileHavingThoughts.cs","29","FieldOrLocalAssignment","resurrectionEffect","false","public bool resurrectionEffect = false;"
"1.6\Source\WRace\MooGirlMilked 挤奶相关的编程\HediffCompProperties_WhileHavingThoughts.cs","57","FieldOrLocalAssignment","flag","this.Props.hediffReduction != """"","bool flag = this.Props.hediffReduction != """";"
"1.6\Source\WRace\MooGirlMilked 挤奶相关的编程\HediffCompProperties_WhileHavingThoughts.cs","61","FieldOrLocalAssignment","flag2","DefDatabase<HediffDef>.GetNamed(this.Props.hediffReduction, false) != null","bool flag2 = DefDatabase<HediffDef>.GetNamed(this.Props.hediffReduction, false) != null;"
"1.6\Source\WRace\MooGirlMilked 挤奶相关的编程\HediffCompProperties_WhileHavingThoughts.cs","65","FieldOrLocalAssignment","firstHediffOfDef","base.Pawn.health.hediffSet.GetFirstHediffOfDef(HediffDef.Named(this.Props.hediffReduction), false)","Hediff firstHediffOfDef = base.Pawn.health.hediffSet.GetFirstHediffOfDef(HediffDef.Named(this.Props.hediffReduction), false);"
"1.6\Source\WRace\MooGirlMilked 挤奶相关的编程\HediffCompProperties_WhileHavingThoughts.cs","66","FieldOrLocalAssignment","flag3","firstHediffOfDef != null","bool flag3 = firstHediffOfDef != null;"
"1.6\Source\WRace\MooGirlMilked 挤奶相关的编程\HediffCompProperties_WhileHavingThoughts.cs","85","FieldOrLocalAssignment","flag","this.checkingCounter > this.checkingInterval","bool flag = this.checkingCounter > this.checkingInterval;"
"1.6\Source\WRace\MooGirlMilked 挤奶相关的编程\HediffCompProperties_WhileHavingThoughts.cs","89","FieldOrLocalAssignment","flag2","this.Props.thoughtDefs.Count > 0","bool flag2 = this.Props.thoughtDefs.Count > 0;"
"1.6\Source\WRace\MooGirlMilked 挤奶相关的编程\HediffCompProperties_WhileHavingThoughts.cs","89","NumericLiteral","","0","bool flag2 = this.Props.thoughtDefs.Count > 0;"
"1.6\Source\WRace\MooGirlMilked 挤奶相关的编程\HediffCompProperties_WhileHavingThoughts.cs","97","FieldOrLocalAssignment","flag3","base.Pawn.needs.mood.thoughts.memories.GetFirstMemoryOfDef(def) != null","bool flag3 = base.Pawn.needs.mood.thoughts.memories.GetFirstMemoryOfDef(def) != null;"
"1.6\Source\WRace\MooGirlMilked 挤奶相关的编程\HediffCompProperties_WhileHavingThoughts.cs","107","FieldOrLocalAssignment","flag4","this.Props.removeThoughtDefs.Count > 0","bool flag4 = this.Props.removeThoughtDefs.Count > 0;"
"1.6\Source\WRace\MooGirlMilked 挤奶相关的编程\HediffCompProperties_WhileHavingThoughts.cs","107","NumericLiteral","","0","bool flag4 = this.Props.removeThoughtDefs.Count > 0;"
"1.6\Source\WRace\MooGirlMilked 挤奶相关的编程\HediffCompProperties_WhileHavingThoughts.cs","114","FieldOrLocalAssignment","flag5","base.Pawn.needs.mood.thoughts.memories.GetFirstMemoryOfDef(def2) != null","bool flag5 = base.Pawn.needs.mood.thoughts.memories.GetFirstMemoryOfDef(def2) != null;"
"1.6\Source\WRace\MooGirlMilked 挤奶相关的编程\HediffCompProperties_WhileHavingThoughts.cs","118","NumericLiteral","","0f","base.Pawn.needs.mood.thoughts.memories.GetFirstMemoryOfDef(def2).moodPowerFactor = 0f;"
"1.6\Source\WRace\MooGirlMilked 挤奶相关的编程\HediffCompProperties_WhileHavingThoughts.cs","124","FieldOrLocalAssignment","flag6","!this.flagAmIThinking","bool flag6 = !this.flagAmIThinking;"
"1.6\Source\WRace\MooGirlMilked 挤奶相关的编程\HediffCompProperties_WhileHavingThoughts.cs","132","NumericLiteral","","0","this.checkingCounter = 0;"
"1.6\Source\WRace\MooGirlMilked 挤奶相关的编程\HediffCompProperties_WhileHavingThoughts.cs","137","FieldOrLocalAssignment","flagAmIThinking","false","public bool flagAmIThinking = false;"
"1.6\Source\WRace\MooGirlMilked 挤奶相关的编程\HediffCompProperties_WhileHavingThoughts.cs","140","FieldOrLocalAssignment","checkingInterval","600","public int checkingInterval = 600;"
"1.6\Source\WRace\MooGirlMilked 挤奶相关的编程\HediffCompProperties_WhileHavingThoughts.cs","140","NumericLiteral","","600","public int checkingInterval = 600;"
"1.6\Source\WRace\MooGirlMilked 挤奶相关的编程\HediffCompProperties_WhileHavingThoughts.cs","143","FieldOrLocalAssignment","checkingCounter","600","public int checkingCounter = 600;"
"1.6\Source\WRace\MooGirlMilked 挤奶相关的编程\HediffCompProperties_WhileHavingThoughts.cs","143","NumericLiteral","","600","public int checkingCounter = 600;"
"1.6\Source\WRace\MooGirlMilked 挤奶相关的编程\JobDriver_Breastfeed.cs","11","ConstAssignment","MooInd","TargetIndex.A","private const TargetIndex MooInd = TargetIndex.A;"
"1.6\Source\WRace\MooGirlMilked 挤奶相关的编程\JobDriver_Breastfeed.cs","13","FieldOrLocalAssignment","MooPawn","> (Pawn)job.GetTarget(MooInd).Thing","private Pawn MooPawn => (Pawn)job.GetTarget(MooInd).Thing;"
"1.6\Source\WRace\MooGirlMilked 挤奶相关的编程\JobDriver_Breastfeed.cs","14","FieldOrLocalAssignment","Child","> pawn","private Pawn Child => pawn;"
"1.6\Source\WRace\MooGirlMilked 挤奶相关的编程\JobDriver_Breastfeed.cs","18","NumericLiteral","","1","return pawn.Reserve(MooPawn, job, 1, -1, null, errorOnFailed);"
"1.6\Source\WRace\MooGirlMilked 挤奶相关的编程\JobDriver_Breastfeed.cs","18","NumericLiteral","","-1","return pawn.Reserve(MooPawn, job, 1, -1, null, errorOnFailed);"
"1.6\Source\WRace\MooGirlMilked 挤奶相关的编程\JobDriver_Breastfeed.cs","27","FieldOrLocalAssignment","feed","Toils_General.Wait(500, MooInd)","Toil feed = Toils_General.Wait(500, MooInd);"
"1.6\Source\WRace\MooGirlMilked 挤奶相关的编程\JobDriver_Breastfeed.cs","27","NumericLiteral","","500","Toil feed = Toils_General.Wait(500, MooInd);"
"1.6\Source\WRace\MooGirlMilked 挤奶相关的编程\JobDriver_Breastfeed.cs","39","NumericLiteral","","0.5f","Child.needs.food.CurLevel += 0.5f;"
"1.6\Source\WRace\MooGirlMilked 挤奶相关的编程\JobDriver_Breastfeed.cs","42","FieldOrLocalAssignment","drinkThought","DefDatabase<ThoughtDef>.GetNamedSilentFail(""MooGirl_DrankMilk"")","ThoughtDef drinkThought = DefDatabase<ThoughtDef>.GetNamedSilentFail(""MooGirl_DrankMilk"");"
"1.6\Source\WRace\MooGirlMilked 挤奶相关的编程\JobDriver_Breastfeed.cs","42","DefDatabaseStringLookup","ThoughtDef","MooGirl_DrankMilk","ThoughtDef drinkThought = DefDatabase<ThoughtDef>.GetNamedSilentFail(""MooGirl_DrankMilk"");"
"1.6\Source\WRace\MooGirlMilked 挤奶相关的编程\JobDriver_Breastfeed.cs","48","FieldOrLocalAssignment","milkThought","DefDatabase<ThoughtDef>.GetNamedSilentFail(""Consumed_MooGirlMilk"")","ThoughtDef milkThought = DefDatabase<ThoughtDef>.GetNamedSilentFail(""Consumed_MooGirlMilk"");"
"1.6\Source\WRace\MooGirlMilked 挤奶相关的编程\JobDriver_Breastfeed.cs","48","DefDatabaseStringLookup","ThoughtDef","Consumed_MooGirlMilk","ThoughtDef milkThought = DefDatabase<ThoughtDef>.GetNamedSilentFail(""Consumed_MooGirlMilk"");"
"1.6\Source\WRace\MooGirlMilked 挤奶相关的编程\JobDriver_Breastfeed.cs","57","FieldOrLocalAssignment","comp","MooPawn.TryGetComp<CompMooMilkable>()","CompMooMilkable comp = MooPawn.TryGetComp<CompMooMilkable>();"
"1.6\Source\WRace\MooGirlMilked 挤奶相关的编程\JobDriver_Breastfeed.cs","58","NumericLiteral","","0.3f","comp?.ConsumePercentage(0.3f);"
"1.6\Source\WRace\MooGirlMilked 挤奶相关的编程\JobDriver_DrinkMilkFromMooGirl.cs","11","ConstAssignment","MooInd","TargetIndex.A","private const TargetIndex MooInd = TargetIndex.A;"
"1.6\Source\WRace\MooGirlMilked 挤奶相关的编程\JobDriver_DrinkMilkFromMooGirl.cs","13","FieldOrLocalAssignment","MooPawn","> (Pawn)job.GetTarget(MooInd).Thing","private Pawn MooPawn => (Pawn)job.GetTarget(MooInd).Thing;"
"1.6\Source\WRace\MooGirlMilked 挤奶相关的编程\JobDriver_DrinkMilkFromMooGirl.cs","14","FieldOrLocalAssignment","Drinker","> pawn","private Pawn Drinker => pawn;"
"1.6\Source\WRace\MooGirlMilked 挤奶相关的编程\JobDriver_DrinkMilkFromMooGirl.cs","18","NumericLiteral","","1","return pawn.Reserve(MooPawn, job, 1, -1, null, errorOnFailed);"
"1.6\Source\WRace\MooGirlMilked 挤奶相关的编程\JobDriver_DrinkMilkFromMooGirl.cs","18","NumericLiteral","","-1","return pawn.Reserve(MooPawn, job, 1, -1, null, errorOnFailed);"
"1.6\Source\WRace\MooGirlMilked 挤奶相关的编程\JobDriver_DrinkMilkFromMooGirl.cs","27","FieldOrLocalAssignment","drink","Toils_General.Wait(400, MooInd)","Toil drink = Toils_General.Wait(400, MooInd);"
"1.6\Source\WRace\MooGirlMilked 挤奶相关的编程\JobDriver_DrinkMilkFromMooGirl.cs","27","NumericLiteral","","400","Toil drink = Toils_General.Wait(400, MooInd);"
"1.6\Source\WRace\MooGirlMilked 挤奶相关的编程\JobDriver_DrinkMilkFromMooGirl.cs","40","NumericLiteral","","0.5f","Drinker.needs.food.CurLevel += 0.5f;"
"1.6\Source\WRace\MooGirlMilked 挤奶相关的编程\JobDriver_DrinkMilkFromMooGirl.cs","44","FieldOrLocalAssignment","drinkThought","DefDatabase<ThoughtDef>.GetNamed(""MooGirl_DrankMilk"")","ThoughtDef drinkThought = DefDatabase<ThoughtDef>.GetNamed(""MooGirl_DrankMilk"");"
"1.6\Source\WRace\MooGirlMilked 挤奶相关的编程\JobDriver_DrinkMilkFromMooGirl.cs","44","DefDatabaseStringLookup","ThoughtDef","MooGirl_DrankMilk","ThoughtDef drinkThought = DefDatabase<ThoughtDef>.GetNamed(""MooGirl_DrankMilk"");"
"1.6\Source\WRace\MooGirlMilked 挤奶相关的编程\JobDriver_DrinkMilkFromMooGirl.cs","51","FieldOrLocalAssignment","milkThought","DefDatabase<ThoughtDef>.GetNamed(""Consumed_MooGirlMilk"")","ThoughtDef milkThought = DefDatabase<ThoughtDef>.GetNamed(""Consumed_MooGirlMilk"");"
"1.6\Source\WRace\MooGirlMilked 挤奶相关的编程\JobDriver_DrinkMilkFromMooGirl.cs","51","DefDatabaseStringLookup","ThoughtDef","Consumed_MooGirlMilk","ThoughtDef milkThought = DefDatabase<ThoughtDef>.GetNamed(""Consumed_MooGirlMilk"");"
"1.6\Source\WRace\MooGirlMilked 挤奶相关的编程\JobDriver_DrinkMilkFromMooGirl.cs","60","FieldOrLocalAssignment","healingDef","DefDatabase<HediffDef>.GetNamed(""MooGirl_MilkHealing"")","HediffDef healingDef = DefDatabase<HediffDef>.GetNamed(""MooGirl_MilkHealing"");"
"1.6\Source\WRace\MooGirlMilked 挤奶相关的编程\JobDriver_DrinkMilkFromMooGirl.cs","60","DefDatabaseStringLookup","HediffDef","MooGirl_MilkHealing","HediffDef healingDef = DefDatabase<HediffDef>.GetNamed(""MooGirl_MilkHealing"");"
"1.6\Source\WRace\MooGirlMilked 挤奶相关的编程\JobDriver_DrinkMilkFromMooGirl.cs","68","FieldOrLocalAssignment","comp","MooPawn.TryGetComp<CompMooMilkable>()","CompMooMilkable comp = MooPawn.TryGetComp<CompMooMilkable>();"
"1.6\Source\WRace\MooGirlMilked 挤奶相关的编程\JobDriver_DrinkMilkFromMooGirl.cs","69","NumericLiteral","","0.05f","comp?.ConsumePercentage(0.05f);"
"1.6\Source\WRace\MooGirlMilked 挤奶相关的编程\JobDriver_FeedMilkToDowned.cs","11","ConstAssignment","DownedInd","TargetIndex.A","private const TargetIndex DownedInd = TargetIndex.A;"
"1.6\Source\WRace\MooGirlMilked 挤奶相关的编程\JobDriver_FeedMilkToDowned.cs","12","ConstAssignment","MinMilkFullness","0.05f","private const float MinMilkFullness = 0.05f;"
"1.6\Source\WRace\MooGirlMilked 挤奶相关的编程\JobDriver_FeedMilkToDowned.cs","12","NumericLiteral","","0.05f","private const float MinMilkFullness = 0.05f;"
"1.6\Source\WRace\MooGirlMilked 挤奶相关的编程\JobDriver_FeedMilkToDowned.cs","14","FieldOrLocalAssignment","DownedPawn","> (Pawn)job.GetTarget(DownedInd).Thing","private Pawn DownedPawn => (Pawn)job.GetTarget(DownedInd).Thing;"
"1.6\Source\WRace\MooGirlMilked 挤奶相关的编程\JobDriver_FeedMilkToDowned.cs","15","FieldOrLocalAssignment","MooPawn","> pawn","private Pawn MooPawn => pawn;"
"1.6\Source\WRace\MooGirlMilked 挤奶相关的编程\JobDriver_FeedMilkToDowned.cs","19","NumericLiteral","","1","return CanFeedMilkNow(MooPawn, DownedPawn) && pawn.Reserve(DownedPawn, job, 1, -1, null, errorOnFailed);"
"1.6\Source\WRace\MooGirlMilked 挤奶相关的编程\JobDriver_FeedMilkToDowned.cs","19","NumericLiteral","","-1","return CanFeedMilkNow(MooPawn, DownedPawn) && pawn.Reserve(DownedPawn, job, 1, -1, null, errorOnFailed);"
"1.6\Source\WRace\MooGirlMilked 挤奶相关的编程\JobDriver_FeedMilkToDowned.cs","29","FieldOrLocalAssignment","feed","Toils_General.Wait(400, DownedInd)","Toil feed = Toils_General.Wait(400, DownedInd);"
"1.6\Source\WRace\MooGirlMilked 挤奶相关的编程\JobDriver_FeedMilkToDowned.cs","29","NumericLiteral","","400","Toil feed = Toils_General.Wait(400, DownedInd);"
"1.6\Source\WRace\MooGirlMilked 挤奶相关的编程\JobDriver_FeedMilkToDowned.cs","40","FieldOrLocalAssignment","healingDef","DefDatabase<HediffDef>.GetNamed(""MooGirl_MilkHealing"")","HediffDef healingDef = DefDatabase<HediffDef>.GetNamed(""MooGirl_MilkHealing"");"
"1.6\Source\WRace\MooGirlMilked 挤奶相关的编程\JobDriver_FeedMilkToDowned.cs","40","DefDatabaseStringLookup","HediffDef","MooGirl_MilkHealing","HediffDef healingDef = DefDatabase<HediffDef>.GetNamed(""MooGirl_MilkHealing"");"
"1.6\Source\WRace\MooGirlMilked 挤奶相关的编程\JobDriver_FeedMilkToDowned.cs","47","FieldOrLocalAssignment","milkThought","DefDatabase<ThoughtDef>.GetNamed(""Consumed_MooGirlMilk"")","ThoughtDef milkThought = DefDatabase<ThoughtDef>.GetNamed(""Consumed_MooGirlMilk"");"
"1.6\Source\WRace\MooGirlMilked 挤奶相关的编程\JobDriver_FeedMilkToDowned.cs","47","DefDatabaseStringLookup","ThoughtDef","Consumed_MooGirlMilk","ThoughtDef milkThought = DefDatabase<ThoughtDef>.GetNamed(""Consumed_MooGirlMilk"");"
"1.6\Source\WRace\MooGirlMilked 挤奶相关的编程\JobDriver_FeedMilkToDowned.cs","54","FieldOrLocalAssignment","fedThought","DefDatabase<ThoughtDef>.GetNamed(""MooGirl_FedMilk"")","ThoughtDef fedThought = DefDatabase<ThoughtDef>.GetNamed(""MooGirl_FedMilk"");"
"1.6\Source\WRace\MooGirlMilked 挤奶相关的编程\JobDriver_FeedMilkToDowned.cs","54","DefDatabaseStringLookup","ThoughtDef","MooGirl_FedMilk","ThoughtDef fedThought = DefDatabase<ThoughtDef>.GetNamed(""MooGirl_FedMilk"");"
"1.6\Source\WRace\MooGirlMilked 挤奶相关的编程\JobDriver_FeedMilkToDowned.cs","63","NumericLiteral","","0.5f","DownedPawn.needs.food.CurLevel += 0.5f;"
"1.6\Source\WRace\MooGirlMilked 挤奶相关的编程\JobDriver_FeedMilkToDowned.cs","67","FieldOrLocalAssignment","comp","MooPawn.TryGetComp<CompMooMilkable>()","CompMooMilkable comp = MooPawn.TryGetComp<CompMooMilkable>();"
"1.6\Source\WRace\MooGirlMilked 挤奶相关的编程\JobDriver_FeedMilkToDowned.cs","68","NumericLiteral","","0.05f","comp?.ConsumePercentage(0.05f);"
"1.6\Source\WRace\MooGirlMilked 挤奶相关的编程\JobDriver_FeedMilkToDowned.cs","83","FieldOrLocalAssignment","comp","feeder.TryGetComp<CompMooMilkable>()","CompMooMilkable comp = feeder.TryGetComp<CompMooMilkable>();"
"1.6\Source\WRace\MooGirlMilked 挤奶相关的编程\JobDriver_GatherBodyResources.cs","18","ConstAssignment","AnimalInd","TargetIndex.A","protected const TargetIndex AnimalInd = TargetIndex.A;"
"1.6\Source\WRace\MooGirlMilked 挤奶相关的编程\JobDriver_GatherBodyResources.cs","30","NumericLiteral","","0f","Scribe_Values.Look<float>(ref this.gatherProgress, ""gatherProgress"", 0f, false);"
"1.6\Source\WRace\MooGirlMilked 挤奶相关的编程\JobDriver_GatherBodyResources.cs","36","FieldOrLocalAssignment","actor","this.pawn","Pawn actor = this.pawn;"
"1.6\Source\WRace\MooGirlMilked 挤奶相关的编程\JobDriver_GatherBodyResources.cs","42","FieldOrLocalAssignment","target","this.job.GetTarget(TargetIndex.A)","LocalTargetInfo target = this.job.GetTarget(TargetIndex.A);"
"1.6\Source\WRace\MooGirlMilked 挤奶相关的编程\JobDriver_GatherBodyResources.cs","43","FieldOrLocalAssignment","job","this.job","Job job = this.job;"
"1.6\Source\WRace\MooGirlMilked 挤奶相关的编程\JobDriver_GatherBodyResources.cs","44","NumericLiteral","","1","return ReservationUtility.Reserve(actor, target, job, 1, 1, null, errorOnFailed);"
"1.6\Source\WRace\MooGirlMilked 挤奶相关的编程\JobDriver_GatherBodyResources.cs","44","NumericLiteral","","1","return ReservationUtility.Reserve(actor, target, job, 1, 1, null, errorOnFailed);"
"1.6\Source\WRace\MooGirlMilked 挤奶相关的编程\JobDriver_GatherBodyResources.cs","54","FieldOrLocalAssignment","targetPawn","(Pawn)this.job.GetTarget(TargetIndex.A).Thing","Pawn targetPawn = (Pawn)this.job.GetTarget(TargetIndex.A).Thing;"
"1.6\Source\WRace\MooGirlMilked 挤奶相关的编程\JobDriver_GatherBodyResources.cs","67","FieldOrLocalAssignment","wait","new Toil()","Toil wait = new Toil();"
"1.6\Source\WRace\MooGirlMilked 挤奶相关的编程\JobDriver_GatherBodyResources.cs","75","FieldOrLocalAssignment","actor","wait.actor","Pawn actor = wait.actor;"
"1.6\Source\WRace\MooGirlMilked 挤奶相关的编程\JobDriver_GatherBodyResources.cs","83","NumericLiteral","","0.13f","actor.skills.Learn(SkillDefOf.Animals, 0.13f, false);  // 增加动物技能经验"
"1.6\Source\WRace\MooGirlMilked 挤奶相关的编程\JobDriver_GatherBodyResources.cs","84","FieldOrLocalAssignment","comp","GetComp(targetPawn)","CompMooHasBodyResource comp = GetComp(targetPawn);"
"1.6\Source\WRace\MooGirlMilked 挤奶相关的编程\JobDriver_GatherBodyResources.cs","108","FieldOrLocalAssignment","comp","GetComp((Pawn)((Thing)this.job.GetTarget(TargetIndex.A)))","CompMooHasBodyResource comp = GetComp((Pawn)((Thing)this.job.GetTarget(TargetIndex.A)));"
"1.6\Source\WRace\MooGirlMilked 挤奶相关的编程\JobDriver_GatherBodyResources.cs","117","NumericLiteral","","-0.5f","ToilEffects.WithProgressBar(wait, TargetIndex.A, () => this.gatherProgress / this.WorkTotal, false, -0.5f); // 显示进度条"
"1.6\Source\WRace\MooGirlMilked 挤奶相关的编程\JobDriver_GatherBodyResources.cs","128","FieldOrLocalAssignment","wait","new Toil()","Toil wait = new Toil();"
"1.6\Source\WRace\MooGirlMilked 挤奶相关的编程\JobDriver_GatherBodyResources.cs","131","FieldOrLocalAssignment","actor","wait.actor","Pawn actor = wait.actor;"
"1.6\Source\WRace\MooGirlMilked 挤奶相关的编程\JobDriver_GatherBodyResources.cs","133","NumericLiteral","","15000","PawnUtility.ForceWait(targetPawn, 15000, actor, true);  // 强制目标等待并面向榨乳者"
"1.6\Source\WRace\MooGirlMilked 挤奶相关的编程\JobDriver_GatherBodyResources.cs","139","FieldOrLocalAssignment","actor","wait.actor","Pawn actor = wait.actor;"
"1.6\Source\WRace\MooGirlMilked 挤奶相关的编程\JobDriver_GatherBodyResources.cs","147","NumericLiteral","","0.13f","actor.skills.Learn(SkillDefOf.Animals, 0.13f, false);  // 增加动物技能经验"
"1.6\Source\WRace\MooGirlMilked 挤奶相关的编程\JobDriver_GatherBodyResources.cs","148","FieldOrLocalAssignment","comp","GetComp(targetPawn)","CompMooHasBodyResource comp = GetComp(targetPawn);"
"1.6\Source\WRace\MooGirlMilked 挤奶相关的编程\JobDriver_GatherBodyResources.cs","170","FieldOrLocalAssignment","comp","GetComp((Pawn)((Thing)this.job.GetTarget(TargetIndex.A)))","CompMooHasBodyResource comp = GetComp((Pawn)((Thing)this.job.GetTarget(TargetIndex.A)));"
"1.6\Source\WRace\MooGirlMilked 挤奶相关的编程\JobDriver_GatherBodyResources.cs","179","NumericLiteral","","-0.5f","ToilEffects.WithProgressBar(wait, TargetIndex.A, () => this.gatherProgress / this.WorkTotal, false, -0.5f);"
"1.6\Source\WRace\MooGirlMilked 挤奶相关的编程\JobDriver_GatherBodyResources.cs","214","FieldOrLocalAssignment","cleanupTarget","target ?? activeGatherTarget","Pawn cleanupTarget = target ?? activeGatherTarget;"
"1.6\Source\WRace\MooGirlMilked 挤奶相关的编程\JobDriver_GatherBodyResources.cs","215","FieldOrLocalAssignment","wasActive","gatherEffectsActive","bool wasActive = gatherEffectsActive;"
"1.6\Source\WRace\MooGirlMilked 挤奶相关的编程\JobDriver_GatherBodyResources.cs","231","NumericLiteral","","1f","return 1f;"
"1.6\Source\WRace\MooGirlMilked 挤奶相关的编程\JobDriver_GatherBodyResources.cs","243","NumericLiteral","","0f","return comp.Fullness > 0f;"
"1.6\Source\WRace\MooGirlMilked 挤奶相关的编程\JobDriver_GatherMilk.cs","13","FieldOrLocalAssignment","WorktickSelf","600f","public float WorktickSelf = 600f;"
"1.6\Source\WRace\MooGirlMilked 挤奶相关的编程\JobDriver_GatherMilk.cs","13","NumericLiteral","","600f","public float WorktickSelf = 600f;"
"1.6\Source\WRace\MooGirlMilked 挤奶相关的编程\JobDriver_GatherMilk.cs","15","FieldOrLocalAssignment","WorktickOther","600f","public float WorktickOther = 600f;"
"1.6\Source\WRace\MooGirlMilked 挤奶相关的编程\JobDriver_GatherMilk.cs","15","NumericLiteral","","600f","public float WorktickOther = 600f;"
"1.6\Source\WRace\MooGirlMilked 挤奶相关的编程\JobDriver_GatherMilk.cs","17","ConstAssignment","FastMilkingWorkTicks","60f","private const float FastMilkingWorkTicks = 60f;"
"1.6\Source\WRace\MooGirlMilked 挤奶相关的编程\JobDriver_GatherMilk.cs","17","NumericLiteral","","60f","private const float FastMilkingWorkTicks = 60f;"
"1.6\Source\WRace\MooGirlMilked 挤奶相关的编程\JobDriver_GatherMilk.cs","66","FieldOrLocalAssignment","comp","GetComp((Pawn)((Thing)job.GetTarget(TargetIndex.A))) as CompMooMilkable","CompMooMilkable comp = GetComp((Pawn)((Thing)job.GetTarget(TargetIndex.A))) as CompMooMilkable;"
"1.6\Source\WRace\MooGirlMilked 挤奶相关的编程\JobDriver_GatherMilk.cs","69","NumericLiteral","","0","if (comp.GatheredFixed(doer, out int milkAmount) && milkAmount > 0)"
"1.6\Source\WRace\MooGirlMilked 挤奶相关的编程\JobDriver_GatherMilk.cs","71","FieldOrLocalAssignment","milkDef","MooGirl_DefOf.MooGirl_Milk","ThingDef milkDef = MooGirl_DefOf.MooGirl_Milk;"
"1.6\Source\WRace\MooGirlMilked 挤奶相关的编程\JobDriver_GatherMilk.cs","72","NumericLiteral","","0","while (milkAmount > 0)"
"1.6\Source\WRace\MooGirlMilked 挤奶相关的编程\JobDriver_GatherMilk.cs","74","FieldOrLocalAssignment","stack","Mathf.Clamp(milkAmount, 1, milkDef.stackLimit)","int stack = Mathf.Clamp(milkAmount, 1, milkDef.stackLimit);"
"1.6\Source\WRace\MooGirlMilked 挤奶相关的编程\JobDriver_GatherMilk.cs","74","NumericLiteral","","1","int stack = Mathf.Clamp(milkAmount, 1, milkDef.stackLimit);"
"1.6\Source\WRace\MooGirlMilked 挤奶相关的编程\JobDriver_GatherMilk.cs","76","FieldOrLocalAssignment","thing","ThingMaker.MakeThing(milkDef)","Thing thing = ThingMaker.MakeThing(milkDef);"
"1.6\Source\WRace\MooGirlMilked 挤奶相关的编程\MooGirlMilkingAnimation.cs","19","ConstAssignment","PulseDurationTicks","18","private const int PulseDurationTicks = 18;"
"1.6\Source\WRace\MooGirlMilked 挤奶相关的编程\MooGirlMilkingAnimation.cs","19","NumericLiteral","","18","private const int PulseDurationTicks = 18;"
"1.6\Source\WRace\MooGirlMilked 挤奶相关的编程\MooGirlMilkingAnimation.cs","20","ConstAssignment","StaleAfterTicks","6","private const int StaleAfterTicks = 6;"
"1.6\Source\WRace\MooGirlMilked 挤奶相关的编程\MooGirlMilkingAnimation.cs","20","NumericLiteral","","6","private const int StaleAfterTicks = 6;"
"1.6\Source\WRace\MooGirlMilked 挤奶相关的编程\MooGirlMilkingAnimation.cs","31","FieldOrLocalAssignment","pulseStartTick","-99999","public int pulseStartTick = -99999;"
"1.6\Source\WRace\MooGirlMilked 挤奶相关的编程\MooGirlMilkingAnimation.cs","31","NumericLiteral","","-99999","public int pulseStartTick = -99999;"
"1.6\Source\WRace\MooGirlMilked 挤奶相关的编程\MooGirlMilkingAnimation.cs","42","FieldOrLocalAssignment","now","Find.TickManager.TicksGame","int now = Find.TickManager.TicksGame;"
"1.6\Source\WRace\MooGirlMilked 挤奶相关的编程\MooGirlMilkingAnimation.cs","66","FieldOrLocalAssignment","now","Find.TickManager.TicksGame","int now = Find.TickManager.TicksGame;"
"1.6\Source\WRace\MooGirlMilked 挤奶相关的编程\MooGirlMilkingAnimation.cs","69","FieldOrLocalAssignment","state","EnsureState(target, null, MooGirlMilkingVisualRole.SelfMilking, now)","MilkingVisualState state = EnsureState(target, null, MooGirlMilkingVisualRole.SelfMilking, now);"
"1.6\Source\WRace\MooGirlMilked 挤奶相关的编程\MooGirlMilkingAnimation.cs","74","NumericLiteral","","65","state.nextPulseTick = now + Rand.RangeInclusive(65, 120);"
"1.6\Source\WRace\MooGirlMilked 挤奶相关的编程\MooGirlMilkingAnimation.cs","74","NumericLiteral","","120","state.nextPulseTick = now + Rand.RangeInclusive(65, 120);"
"1.6\Source\WRace\MooGirlMilked 挤奶相关的编程\MooGirlMilkingAnimation.cs","80","FieldOrLocalAssignment","targetState","EnsureState(target, doer, MooGirlMilkingVisualRole.AssistedTarget, now)","MilkingVisualState targetState = EnsureState(target, doer, MooGirlMilkingVisualRole.AssistedTarget, now);"
"1.6\Source\WRace\MooGirlMilked 挤奶相关的编程\MooGirlMilkingAnimation.cs","81","FieldOrLocalAssignment","helperState","EnsureState(doer, target, MooGirlMilkingVisualRole.Helper, now)","MilkingVisualState helperState = EnsureState(doer, target, MooGirlMilkingVisualRole.Helper, now);"
"1.6\Source\WRace\MooGirlMilked 挤奶相关的编程\MooGirlMilkingAnimation.cs","89","FieldOrLocalAssignment","next","now + Rand.RangeInclusive(45, 85)","int next = now + Rand.RangeInclusive(45, 85);"
"1.6\Source\WRace\MooGirlMilked 挤奶相关的编程\MooGirlMilkingAnimation.cs","89","NumericLiteral","","45","int next = now + Rand.RangeInclusive(45, 85);"
"1.6\Source\WRace\MooGirlMilked 挤奶相关的编程\MooGirlMilkingAnimation.cs","89","NumericLiteral","","85","int next = now + Rand.RangeInclusive(45, 85);"
"1.6\Source\WRace\MooGirlMilked 挤奶相关的编程\MooGirlMilkingAnimation.cs","96","FieldOrLocalAssignment","state","EnsureState(target, null, MooGirlMilkingVisualRole.SelfMilking, now)","MilkingVisualState state = EnsureState(target, null, MooGirlMilkingVisualRole.SelfMilking, now);"
"1.6\Source\WRace\MooGirlMilked 挤奶相关的编程\MooGirlMilkingAnimation.cs","101","NumericLiteral","","65","state.nextPulseTick = now + Rand.RangeInclusive(65, 120);"
"1.6\Source\WRace\MooGirlMilked 挤奶相关的编程\MooGirlMilkingAnimation.cs","101","NumericLiteral","","120","state.nextPulseTick = now + Rand.RangeInclusive(65, 120);"
"1.6\Source\WRace\MooGirlMilked 挤奶相关的编程\MooGirlMilkingAnimation.cs","139","FieldOrLocalAssignment","now","Find.TickManager.TicksGame","int now = Find.TickManager.TicksGame;"
"1.6\Source\WRace\MooGirlMilked 挤奶相关的编程\MooGirlMilkingAnimation.cs","140","FieldOrLocalAssignment","age","Mathf.Max(0, now - state.startTick)","int age = Mathf.Max(0, now - state.startTick);"
"1.6\Source\WRace\MooGirlMilked 挤奶相关的编程\MooGirlMilkingAnimation.cs","140","NumericLiteral","","0","int age = Mathf.Max(0, now - state.startTick);"
"1.6\Source\WRace\MooGirlMilked 挤奶相关的编程\MooGirlMilkingAnimation.cs","145","NumericLiteral","","1f","AddPulseTransform(state, 1f, ref offset, ref scale);"
"1.6\Source\WRace\MooGirlMilked 挤奶相关的编程\MooGirlMilkingAnimation.cs","149","FieldOrLocalAssignment","toHelper","DirectionToPartner(state)","Vector3 toHelper = DirectionToPartner(state);"
"1.6\Source\WRace\MooGirlMilked 挤奶相关的编程\MooGirlMilkingAnimation.cs","150","NumericLiteral","","0.13f","offset += toHelper * 0.13f + new Vector3(0f, 0f, -0.08f);"
"1.6\Source\WRace\MooGirlMilked 挤奶相关的编程\MooGirlMilkingAnimation.cs","150","NumericLiteral","","0f","offset += toHelper * 0.13f + new Vector3(0f, 0f, -0.08f);"
"1.6\Source\WRace\MooGirlMilked 挤奶相关的编程\MooGirlMilkingAnimation.cs","150","NumericLiteral","","0f","offset += toHelper * 0.13f + new Vector3(0f, 0f, -0.08f);"
"1.6\Source\WRace\MooGirlMilked 挤奶相关的编程\MooGirlMilkingAnimation.cs","150","NumericLiteral","","-0.08f","offset += toHelper * 0.13f + new Vector3(0f, 0f, -0.08f);"
"1.6\Source\WRace\MooGirlMilked 挤奶相关的编程\MooGirlMilkingAnimation.cs","151","NumericLiteral","","0.13f","offset += Vector3.right * (Mathf.Sin(age * 0.13f + pawn.thingIDNumber * 0.17f) * 0.014f);"
"1.6\Source\WRace\MooGirlMilked 挤奶相关的编程\MooGirlMilkingAnimation.cs","151","NumericLiteral","","0.17f","offset += Vector3.right * (Mathf.Sin(age * 0.13f + pawn.thingIDNumber * 0.17f) * 0.014f);"
"1.6\Source\WRace\MooGirlMilked 挤奶相关的编程\MooGirlMilkingAnimation.cs","151","NumericLiteral","","0.014f","offset += Vector3.right * (Mathf.Sin(age * 0.13f + pawn.thingIDNumber * 0.17f) * 0.014f);"
"1.6\Source\WRace\MooGirlMilked 挤奶相关的编程\MooGirlMilkingAnimation.cs","152","NumericLiteral","","7f","rotation *= Quaternion.AngleAxis(LeanAngleForDirection(toHelper, 7f), Vector3.up);"
"1.6\Source\WRace\MooGirlMilked 挤奶相关的编程\MooGirlMilkingAnimation.cs","153","NumericLiteral","","1f","AddPulseTransform(state, 1f, ref offset, ref scale);"
"1.6\Source\WRace\MooGirlMilked 挤奶相关的编程\MooGirlMilkingAnimation.cs","157","FieldOrLocalAssignment","toTarget","DirectionToPartner(state)","Vector3 toTarget = DirectionToPartner(state);"
"1.6\Source\WRace\MooGirlMilked 挤奶相关的编程\MooGirlMilkingAnimation.cs","158","NumericLiteral","","0.08f","offset += toTarget * 0.08f;"
"1.6\Source\WRace\MooGirlMilked 挤奶相关的编程\MooGirlMilkingAnimation.cs","159","NumericLiteral","","3f","rotation *= Quaternion.AngleAxis(-LeanAngleForDirection(toTarget, 3f), Vector3.up);"
"1.6\Source\WRace\MooGirlMilked 挤奶相关的编程\MooGirlMilkingAnimation.cs","160","NumericLiteral","","0.45f","AddPulseTransform(state, 0.45f, ref offset, ref scale);"
"1.6\Source\WRace\MooGirlMilked 挤奶相关的编程\MooGirlMilkingAnimation.cs","169","FieldOrLocalAssignment","counterSway","Mathf.Sin(age * 0.15f + 1.2f)","float counterSway = Mathf.Sin(age * 0.15f + 1.2f);"
"1.6\Source\WRace\MooGirlMilked 挤奶相关的编程\MooGirlMilkingAnimation.cs","169","NumericLiteral","","0.15f","float counterSway = Mathf.Sin(age * 0.15f + 1.2f);"
"1.6\Source\WRace\MooGirlMilked 挤奶相关的编程\MooGirlMilkingAnimation.cs","169","NumericLiteral","","1.2f","float counterSway = Mathf.Sin(age * 0.15f + 1.2f);"
"1.6\Source\WRace\MooGirlMilked 挤奶相关的编程\MooGirlMilkingAnimation.cs","170","FieldOrLocalAssignment","pulse","PulseEnvelope(state)","float pulse = PulseEnvelope(state);"
"1.6\Source\WRace\MooGirlMilked 挤奶相关的编程\MooGirlMilkingAnimation.cs","172","NumericLiteral","","0f","offset += new Vector3(0f, 0f, -0.018f + Mathf.Sin(age * 0.05f) * 0.012f);"
"1.6\Source\WRace\MooGirlMilked 挤奶相关的编程\MooGirlMilkingAnimation.cs","172","NumericLiteral","","0f","offset += new Vector3(0f, 0f, -0.018f + Mathf.Sin(age * 0.05f) * 0.012f);"
"1.6\Source\WRace\MooGirlMilked 挤奶相关的编程\MooGirlMilkingAnimation.cs","172","NumericLiteral","","-0.018f","offset += new Vector3(0f, 0f, -0.018f + Mathf.Sin(age * 0.05f) * 0.012f);"
"1.6\Source\WRace\MooGirlMilked 挤奶相关的编程\MooGirlMilkingAnimation.cs","172","NumericLiteral","","0.05f","offset += new Vector3(0f, 0f, -0.018f + Mathf.Sin(age * 0.05f) * 0.012f);"
"1.6\Source\WRace\MooGirlMilked 挤奶相关的编程\MooGirlMilkingAnimation.cs","172","NumericLiteral","","0.012f","offset += new Vector3(0f, 0f, -0.018f + Mathf.Sin(age * 0.05f) * 0.012f);"
"1.6\Source\WRace\MooGirlMilked 挤奶相关的编程\MooGirlMilkingAnimation.cs","174","NumericLiteral","","1f","scale.x * (1f + counterSway * 0.012f - pulse * 0.018f),"
"1.6\Source\WRace\MooGirlMilked 挤奶相关的编程\MooGirlMilkingAnimation.cs","174","NumericLiteral","","0.012f","scale.x * (1f + counterSway * 0.012f - pulse * 0.018f),"
"1.6\Source\WRace\MooGirlMilked 挤奶相关的编程\MooGirlMilkingAnimation.cs","174","NumericLiteral","","0.018f","scale.x * (1f + counterSway * 0.012f - pulse * 0.018f),"
"1.6\Source\WRace\MooGirlMilked 挤奶相关的编程\MooGirlMilkingAnimation.cs","176","NumericLiteral","","1f","scale.z * (1f - counterSway * 0.01f + pulse * 0.028f));"
"1.6\Source\WRace\MooGirlMilked 挤奶相关的编程\MooGirlMilkingAnimation.cs","176","NumericLiteral","","0.01f","scale.z * (1f - counterSway * 0.01f + pulse * 0.028f));"
"1.6\Source\WRace\MooGirlMilked 挤奶相关的编程\MooGirlMilkingAnimation.cs","176","NumericLiteral","","0.028f","scale.z * (1f - counterSway * 0.01f + pulse * 0.028f));"
"1.6\Source\WRace\MooGirlMilked 挤奶相关的编程\MooGirlMilkingAnimation.cs","196","FieldOrLocalAssignment","tagDef","node.Props?.tagDef","PawnRenderNodeTagDef tagDef = node.Props?.tagDef;"
"1.6\Source\WRace\MooGirlMilked 挤奶相关的编程\MooGirlMilkingAnimation.cs","218","FieldOrLocalAssignment","age","Mathf.Max(0, Find.TickManager.TicksGame - state.startTick)","int age = Mathf.Max(0, Find.TickManager.TicksGame - state.startTick);"
"1.6\Source\WRace\MooGirlMilked 挤奶相关的编程\MooGirlMilkingAnimation.cs","218","NumericLiteral","","0","int age = Mathf.Max(0, Find.TickManager.TicksGame - state.startTick);"
"1.6\Source\WRace\MooGirlMilked 挤奶相关的编程\MooGirlMilkingAnimation.cs","219","FieldOrLocalAssignment","toTarget","DirectionToPartner(state)","Vector3 toTarget = DirectionToPartner(state);"
"1.6\Source\WRace\MooGirlMilked 挤奶相关的编程\MooGirlMilkingAnimation.cs","220","NumericLiteral","","0f","offset += new Vector3(0f, 0f, 0.045f + Mathf.Sin(age * 0.12f) * 0.01f);"
"1.6\Source\WRace\MooGirlMilked 挤奶相关的编程\MooGirlMilkingAnimation.cs","220","NumericLiteral","","0f","offset += new Vector3(0f, 0f, 0.045f + Mathf.Sin(age * 0.12f) * 0.01f);"
"1.6\Source\WRace\MooGirlMilked 挤奶相关的编程\MooGirlMilkingAnimation.cs","220","NumericLiteral","","0.045f","offset += new Vector3(0f, 0f, 0.045f + Mathf.Sin(age * 0.12f) * 0.01f);"
"1.6\Source\WRace\MooGirlMilked 挤奶相关的编程\MooGirlMilkingAnimation.cs","220","NumericLiteral","","0.12f","offset += new Vector3(0f, 0f, 0.045f + Mathf.Sin(age * 0.12f) * 0.01f);"
"1.6\Source\WRace\MooGirlMilked 挤奶相关的编程\MooGirlMilkingAnimation.cs","220","NumericLiteral","","0.01f","offset += new Vector3(0f, 0f, 0.045f + Mathf.Sin(age * 0.12f) * 0.01f);"
"1.6\Source\WRace\MooGirlMilked 挤奶相关的编程\MooGirlMilkingAnimation.cs","221","NumericLiteral","","0.025f","offset += toTarget * 0.025f;"
"1.6\Source\WRace\MooGirlMilked 挤奶相关的编程\MooGirlMilkingAnimation.cs","222","NumericLiteral","","6f","rotation *= Quaternion.AngleAxis(-LeanAngleForDirection(toTarget, 6f), Vector3.up);"
"1.6\Source\WRace\MooGirlMilked 挤奶相关的编程\MooGirlMilkingAnimation.cs","223","NumericLiteral","","0.985f","scale = new Vector3(scale.x * 0.985f, scale.y, scale.z * 1.025f);"
"1.6\Source\WRace\MooGirlMilked 挤奶相关的编程\MooGirlMilkingAnimation.cs","223","NumericLiteral","","1.025f","scale = new Vector3(scale.x * 0.985f, scale.y, scale.z * 1.025f);"
"1.6\Source\WRace\MooGirlMilked 挤奶相关的编程\MooGirlMilkingAnimation.cs","228","FieldOrLocalAssignment","age","Mathf.Max(0, Find.TickManager.TicksGame - state.startTick)","int age = Mathf.Max(0, Find.TickManager.TicksGame - state.startTick);"
"1.6\Source\WRace\MooGirlMilked 挤奶相关的编程\MooGirlMilkingAnimation.cs","228","NumericLiteral","","0","int age = Mathf.Max(0, Find.TickManager.TicksGame - state.startTick);"
"1.6\Source\WRace\MooGirlMilked 挤奶相关的编程\MooGirlMilkingAnimation.cs","229","FieldOrLocalAssignment","wave","Mathf.Sin(age * 0.075f)","float wave = Mathf.Sin(age * 0.075f);"
"1.6\Source\WRace\MooGirlMilked 挤奶相关的编程\MooGirlMilkingAnimation.cs","229","NumericLiteral","","0.075f","float wave = Mathf.Sin(age * 0.075f);"
"1.6\Source\WRace\MooGirlMilked 挤奶相关的编程\MooGirlMilkingAnimation.cs","230","FieldOrLocalAssignment","pulse","PulseEnvelope(state)","float pulse = PulseEnvelope(state);"
"1.6\Source\WRace\MooGirlMilked 挤奶相关的编程\MooGirlMilkingAnimation.cs","231","FieldOrLocalAssignment","beat","wave * 0.55f + pulse","float beat = wave * 0.55f + pulse;"
"1.6\Source\WRace\MooGirlMilked 挤奶相关的编程\MooGirlMilkingAnimation.cs","231","NumericLiteral","","0.55f","float beat = wave * 0.55f + pulse;"
"1.6\Source\WRace\MooGirlMilked 挤奶相关的编程\MooGirlMilkingAnimation.cs","235","NumericLiteral","","0f","offset += new Vector3(0f, 0f, wave * 0.012f + pulse * 0.03f);"
"1.6\Source\WRace\MooGirlMilked 挤奶相关的编程\MooGirlMilkingAnimation.cs","235","NumericLiteral","","0f","offset += new Vector3(0f, 0f, wave * 0.012f + pulse * 0.03f);"
"1.6\Source\WRace\MooGirlMilked 挤奶相关的编程\MooGirlMilkingAnimation.cs","235","NumericLiteral","","0.012f","offset += new Vector3(0f, 0f, wave * 0.012f + pulse * 0.03f);"
"1.6\Source\WRace\MooGirlMilked 挤奶相关的编程\MooGirlMilkingAnimation.cs","235","NumericLiteral","","0.03f","offset += new Vector3(0f, 0f, wave * 0.012f + pulse * 0.03f);"
"1.6\Source\WRace\MooGirlMilked 挤奶相关的编程\MooGirlMilkingAnimation.cs","239","FieldOrLocalAssignment","sideSign","parms.facing == Rot4.East ? -1f : 1f","float sideSign = parms.facing == Rot4.East ? -1f : 1f;"
"1.6\Source\WRace\MooGirlMilked 挤奶相关的编程\MooGirlMilkingAnimation.cs","239","NumericLiteral","","-1f","float sideSign = parms.facing == Rot4.East ? -1f : 1f;"
"1.6\Source\WRace\MooGirlMilked 挤奶相关的编程\MooGirlMilkingAnimation.cs","239","NumericLiteral","","1f","float sideSign = parms.facing == Rot4.East ? -1f : 1f;"
"1.6\Source\WRace\MooGirlMilked 挤奶相关的编程\MooGirlMilkingAnimation.cs","240","NumericLiteral","","0f","pivot += new Vector3(0f, 0f, -0.08f);"
"1.6\Source\WRace\MooGirlMilked 挤奶相关的编程\MooGirlMilkingAnimation.cs","240","NumericLiteral","","0f","pivot += new Vector3(0f, 0f, -0.08f);"
"1.6\Source\WRace\MooGirlMilked 挤奶相关的编程\MooGirlMilkingAnimation.cs","240","NumericLiteral","","-0.08f","pivot += new Vector3(0f, 0f, -0.08f);"
"1.6\Source\WRace\MooGirlMilked 挤奶相关的编程\MooGirlMilkingAnimation.cs","241","NumericLiteral","","5.5f","rotation *= Quaternion.AngleAxis(sideSign * beat * 5.5f, Vector3.up);"
"1.6\Source\WRace\MooGirlMilked 挤奶相关的编程\MooGirlMilkingAnimation.cs","242","NumericLiteral","","0f","offset += new Vector3(0f, 0f, pulse * 0.012f);"
"1.6\Source\WRace\MooGirlMilked 挤奶相关的编程\MooGirlMilkingAnimation.cs","242","NumericLiteral","","0f","offset += new Vector3(0f, 0f, pulse * 0.012f);"
"1.6\Source\WRace\MooGirlMilked 挤奶相关的编程\MooGirlMilkingAnimation.cs","242","NumericLiteral","","0.012f","offset += new Vector3(0f, 0f, pulse * 0.012f);"
"1.6\Source\WRace\MooGirlMilked 挤奶相关的编程\MooGirlMilkingAnimation.cs","248","FieldOrLocalAssignment","key","pawn.thingIDNumber","int key = pawn.thingIDNumber;"
"1.6\Source\WRace\MooGirlMilked 挤奶相关的编程\MooGirlMilkingAnimation.cs","258","NumericLiteral","","35","nextPulseTick = now + ((role == MooGirlMilkingVisualRole.SelfMilking) ? Rand.RangeInclusive(35, 70) : Rand.RangeInclusive(25, 55))"
"1.6\Source\WRace\MooGirlMilked 挤奶相关的编程\MooGirlMilkingAnimation.cs","258","NumericLiteral","","70","nextPulseTick = now + ((role == MooGirlMilkingVisualRole.SelfMilking) ? Rand.RangeInclusive(35, 70) : Rand.RangeInclusive(25, 55))"
"1.6\Source\WRace\MooGirlMilked 挤奶相关的编程\MooGirlMilkingAnimation.cs","258","NumericLiteral","","25","nextPulseTick = now + ((role == MooGirlMilkingVisualRole.SelfMilking) ? Rand.RangeInclusive(35, 70) : Rand.RangeInclusive(25, 55))"
"1.6\Source\WRace\MooGirlMilked 挤奶相关的编程\MooGirlMilkingAnimation.cs","258","NumericLiteral","","55","nextPulseTick = now + ((role == MooGirlMilkingVisualRole.SelfMilking) ? Rand.RangeInclusive(35, 70) : Rand.RangeInclusive(25, 55))"
"1.6\Source\WRace\MooGirlMilked 挤奶相关的编程\MooGirlMilkingAnimation.cs","279","FieldOrLocalAssignment","now","Find.TickManager.TicksGame","int now = Find.TickManager.TicksGame;"
"1.6\Source\WRace\MooGirlMilked 挤奶相关的编程\MooGirlMilkingAnimation.cs","292","FieldOrLocalAssignment","now","Find.TickManager.TicksGame","int now = Find.TickManager.TicksGame;"
"1.6\Source\WRace\MooGirlMilked 挤奶相关的编程\MooGirlMilkingAnimation.cs","304","FieldOrLocalAssignment","pulseAge","Find.TickManager.TicksGame - state.pulseStartTick","int pulseAge = Find.TickManager.TicksGame - state.pulseStartTick;"
"1.6\Source\WRace\MooGirlMilked 挤奶相关的编程\MooGirlMilkingAnimation.cs","305","NumericLiteral","","0","if (pulseAge < 0 || pulseAge >= PulseDurationTicks)"
"1.6\Source\WRace\MooGirlMilked 挤奶相关的编程\MooGirlMilkingAnimation.cs","310","FieldOrLocalAssignment","progress","pulseAge / (float)PulseDurationTicks","float progress = pulseAge / (float)PulseDurationTicks;"
"1.6\Source\WRace\MooGirlMilked 挤奶相关的编程\MooGirlMilkingAnimation.cs","311","FieldOrLocalAssignment","envelope","PulseEnvelope(state)","float envelope = PulseEnvelope(state);"
"1.6\Source\WRace\MooGirlMilked 挤奶相关的编程\MooGirlMilkingAnimation.cs","312","FieldOrLocalAssignment","stretch","Mathf.Sin(progress * Mathf.PI * 2f)","float stretch = Mathf.Sin(progress * Mathf.PI * 2f);"
"1.6\Source\WRace\MooGirlMilked 挤奶相关的编程\MooGirlMilkingAnimation.cs","312","NumericLiteral","","2f","float stretch = Mathf.Sin(progress * Mathf.PI * 2f);"
"1.6\Source\WRace\MooGirlMilked 挤奶相关的编程\MooGirlMilkingAnimation.cs","314","NumericLiteral","","1f","scale.x * (1f - stretch * 0.035f * strength),"
"1.6\Source\WRace\MooGirlMilked 挤奶相关的编程\MooGirlMilkingAnimation.cs","314","NumericLiteral","","0.035f","scale.x * (1f - stretch * 0.035f * strength),"
"1.6\Source\WRace\MooGirlMilked 挤奶相关的编程\MooGirlMilkingAnimation.cs","316","NumericLiteral","","1f","scale.z * (1f + stretch * 0.075f * strength));"
"1.6\Source\WRace\MooGirlMilked 挤奶相关的编程\MooGirlMilkingAnimation.cs","316","NumericLiteral","","0.075f","scale.z * (1f + stretch * 0.075f * strength));"
"1.6\Source\WRace\MooGirlMilked 挤奶相关的编程\MooGirlMilkingAnimation.cs","318","FieldOrLocalAssignment","jitterStep","pulseAge / 2","int jitterStep = pulseAge / 2;"
"1.6\Source\WRace\MooGirlMilked 挤奶相关的编程\MooGirlMilkingAnimation.cs","318","NumericLiteral","","2","int jitterStep = pulseAge / 2;"
"1.6\Source\WRace\MooGirlMilked 挤奶相关的编程\MooGirlMilkingAnimation.cs","320","NumericLiteral","","92821","NoiseSigned(state.pulseSeed + jitterStep * 92821),"
"1.6\Source\WRace\MooGirlMilked 挤奶相关的编程\MooGirlMilkingAnimation.cs","321","NumericLiteral","","0f","0f,"
"1.6\Source\WRace\MooGirlMilked 挤奶相关的编程\MooGirlMilkingAnimation.cs","322","NumericLiteral","","17137","NoiseSigned(state.pulseSeed + jitterStep * 17137));"
"1.6\Source\WRace\MooGirlMilked 挤奶相关的编程\MooGirlMilkingAnimation.cs","323","NumericLiteral","","0.0001f","if (jitter.sqrMagnitude > 0.0001f)"
"1.6\Source\WRace\MooGirlMilked 挤奶相关的编程\MooGirlMilkingAnimation.cs","325","NumericLiteral","","0.045f","offset += jitter.normalized * (envelope * 0.045f * strength);"
"1.6\Source\WRace\MooGirlMilked 挤奶相关的编程\MooGirlMilkingAnimation.cs","331","FieldOrLocalAssignment","pulseAge","Find.TickManager.TicksGame - state.pulseStartTick","int pulseAge = Find.TickManager.TicksGame - state.pulseStartTick;"
"1.6\Source\WRace\MooGirlMilked 挤奶相关的编程\MooGirlMilkingAnimation.cs","332","NumericLiteral","","0","if (pulseAge < 0 || pulseAge >= PulseDurationTicks)"
"1.6\Source\WRace\MooGirlMilked 挤奶相关的编程\MooGirlMilkingAnimation.cs","334","NumericLiteral","","0f","return 0f;"
"1.6\Source\WRace\MooGirlMilked 挤奶相关的编程\MooGirlMilkingAnimation.cs","346","FieldOrLocalAssignment","foamSpray","DefDatabase<FleckDef>.GetNamedSilentFail(""FoamSpray"")","FleckDef foamSpray = DefDatabase<FleckDef>.GetNamedSilentFail(""FoamSpray"");"
"1.6\Source\WRace\MooGirlMilked 挤奶相关的编程\MooGirlMilkingAnimation.cs","346","DefDatabaseStringLookup","FleckDef","FoamSpray","FleckDef foamSpray = DefDatabase<FleckDef>.GetNamedSilentFail(""FoamSpray"");"
"1.6\Source\WRace\MooGirlMilked 挤奶相关的编程\MooGirlMilkingAnimation.cs","347","DefDatabaseStringLookup","FleckDef","MooGirl_MilkSpray","FleckDef fallbackSplash = DefDatabase<FleckDef>.GetNamedSilentFail(""MooGirl_MilkSpray"")"
"1.6\Source\WRace\MooGirlMilked 挤奶相关的编程\MooGirlMilkingAnimation.cs","348","DefDatabaseStringLookup","FleckDef","GroundWaterSplash","?? DefDatabase<FleckDef>.GetNamedSilentFail(""GroundWaterSplash"");"
"1.6\Source\WRace\MooGirlMilked 挤奶相关的编程\MooGirlMilkingAnimation.cs","350","FieldOrLocalAssignment","mainFleck","foamSpray ?? fallbackSplash","FleckDef mainFleck = foamSpray ?? fallbackSplash;"
"1.6\Source\WRace\MooGirlMilked 挤奶相关的编程\MooGirlMilkingAnimation.cs","356","FieldOrLocalAssignment","facing","pawn.Rotation.FacingCell.ToVector3()","Vector3 facing = pawn.Rotation.FacingCell.ToVector3();"
"1.6\Source\WRace\MooGirlMilked 挤奶相关的编程\MooGirlMilkingAnimation.cs","357","FieldOrLocalAssignment","side","new Vector3(facing.z, 0f, -facing.x)","Vector3 side = new Vector3(facing.z, 0f, -facing.x);"
"1.6\Source\WRace\MooGirlMilked 挤奶相关的编程\MooGirlMilkingAnimation.cs","357","NumericLiteral","","0f","Vector3 side = new Vector3(facing.z, 0f, -facing.x);"
"1.6\Source\WRace\MooGirlMilked 挤奶相关的编程\MooGirlMilkingAnimation.cs","358","FieldOrLocalAssignment","frontLift","pawn.Rotation == Rot4.South ? 0.07f : 0f","float frontLift = pawn.Rotation == Rot4.South ? 0.07f : 0f;"
"1.6\Source\WRace\MooGirlMilked 挤奶相关的编程\MooGirlMilkingAnimation.cs","358","NumericLiteral","","0.07f","float frontLift = pawn.Rotation == Rot4.South ? 0.07f : 0f;"
"1.6\Source\WRace\MooGirlMilked 挤奶相关的编程\MooGirlMilkingAnimation.cs","358","NumericLiteral","","0f","float frontLift = pawn.Rotation == Rot4.South ? 0.07f : 0f;"
"1.6\Source\WRace\MooGirlMilked 挤奶相关的编程\MooGirlMilkingAnimation.cs","359","FieldOrLocalAssignment","basePos","pawn.DrawPos + facing * 0.16f + new Vector3(0f, 0f, -0.13f + frontLift)","Vector3 basePos = pawn.DrawPos + facing * 0.16f + new Vector3(0f, 0f, -0.13f + frontLift);"
"1.6\Source\WRace\MooGirlMilked 挤奶相关的编程\MooGirlMilkingAnimation.cs","359","NumericLiteral","","0.16f","Vector3 basePos = pawn.DrawPos + facing * 0.16f + new Vector3(0f, 0f, -0.13f + frontLift);"
"1.6\Source\WRace\MooGirlMilked 挤奶相关的编程\MooGirlMilkingAnimation.cs","359","NumericLiteral","","0f","Vector3 basePos = pawn.DrawPos + facing * 0.16f + new Vector3(0f, 0f, -0.13f + frontLift);"
"1.6\Source\WRace\MooGirlMilked 挤奶相关的编程\MooGirlMilkingAnimation.cs","359","NumericLiteral","","0f","Vector3 basePos = pawn.DrawPos + facing * 0.16f + new Vector3(0f, 0f, -0.13f + frontLift);"
"1.6\Source\WRace\MooGirlMilked 挤奶相关的编程\MooGirlMilkingAnimation.cs","359","NumericLiteral","","-0.13f","Vector3 basePos = pawn.DrawPos + facing * 0.16f + new Vector3(0f, 0f, -0.13f + frontLift);"
"1.6\Source\WRace\MooGirlMilked 挤奶相关的编程\MooGirlMilkingAnimation.cs","360","FieldOrLocalAssignment","baseAngle","pawn.Rotation.AsAngle","float baseAngle = pawn.Rotation.AsAngle;"
"1.6\Source\WRace\MooGirlMilked 挤奶相关的编程\MooGirlMilkingAnimation.cs","362","NumericLiteral","","0","for (int i = 0; i < Rand.RangeInclusive(6, 9); i++)"
"1.6\Source\WRace\MooGirlMilked 挤奶相关的编程\MooGirlMilkingAnimation.cs","362","NumericLiteral","","6","for (int i = 0; i < Rand.RangeInclusive(6, 9); i++)"
"1.6\Source\WRace\MooGirlMilked 挤奶相关的编程\MooGirlMilkingAnimation.cs","362","NumericLiteral","","9","for (int i = 0; i < Rand.RangeInclusive(6, 9); i++)"
"1.6\Source\WRace\MooGirlMilked 挤奶相关的编程\MooGirlMilkingAnimation.cs","364","FieldOrLocalAssignment","start","basePos + side * Rand.Range(-0.08f, 0.08f) + facing * Rand.Range(0f, 0.18f)","Vector3 start = basePos + side * Rand.Range(-0.08f, 0.08f) + facing * Rand.Range(0f, 0.18f);"
"1.6\Source\WRace\MooGirlMilked 挤奶相关的编程\MooGirlMilkingAnimation.cs","364","NumericLiteral","","-0.08f","Vector3 start = basePos + side * Rand.Range(-0.08f, 0.08f) + facing * Rand.Range(0f, 0.18f);"
"1.6\Source\WRace\MooGirlMilked 挤奶相关的编程\MooGirlMilkingAnimation.cs","364","NumericLiteral","","0.08f","Vector3 start = basePos + side * Rand.Range(-0.08f, 0.08f) + facing * Rand.Range(0f, 0.18f);"
"1.6\Source\WRace\MooGirlMilked 挤奶相关的编程\MooGirlMilkingAnimation.cs","364","NumericLiteral","","0f","Vector3 start = basePos + side * Rand.Range(-0.08f, 0.08f) + facing * Rand.Range(0f, 0.18f);"
"1.6\Source\WRace\MooGirlMilked 挤奶相关的编程\MooGirlMilkingAnimation.cs","364","NumericLiteral","","0.18f","Vector3 start = basePos + side * Rand.Range(-0.08f, 0.08f) + facing * Rand.Range(0f, 0.18f);"
"1.6\Source\WRace\MooGirlMilked 挤奶相关的编程\MooGirlMilkingAnimation.cs","365","FieldOrLocalAssignment","data","FleckMaker.GetDataStatic(start, pawn.Map, mainFleck, Rand.Range(0.45f, 0.8f))","FleckCreationData data = FleckMaker.GetDataStatic(start, pawn.Map, mainFleck, Rand.Range(0.45f, 0.8f));"
"1.6\Source\WRace\MooGirlMilked 挤奶相关的编程\MooGirlMilkingAnimation.cs","365","NumericLiteral","","0.45f","FleckCreationData data = FleckMaker.GetDataStatic(start, pawn.Map, mainFleck, Rand.Range(0.45f, 0.8f));"
"1.6\Source\WRace\MooGirlMilked 挤奶相关的编程\MooGirlMilkingAnimation.cs","365","NumericLiteral","","0.8f","FleckCreationData data = FleckMaker.GetDataStatic(start, pawn.Map, mainFleck, Rand.Range(0.45f, 0.8f));"
"1.6\Source\WRace\MooGirlMilked 挤奶相关的编程\MooGirlMilkingAnimation.cs","366","NumericLiteral","","1f","data.instanceColor = new Color(1f, 1f, 1f, Rand.Range(0.72f, 0.95f));"
"1.6\Source\WRace\MooGirlMilked 挤奶相关的编程\MooGirlMilkingAnimation.cs","366","NumericLiteral","","1f","data.instanceColor = new Color(1f, 1f, 1f, Rand.Range(0.72f, 0.95f));"
"1.6\Source\WRace\MooGirlMilked 挤奶相关的编程\MooGirlMilkingAnimation.cs","366","NumericLiteral","","1f","data.instanceColor = new Color(1f, 1f, 1f, Rand.Range(0.72f, 0.95f));"
"1.6\Source\WRace\MooGirlMilked 挤奶相关的编程\MooGirlMilkingAnimation.cs","366","NumericLiteral","","0.72f","data.instanceColor = new Color(1f, 1f, 1f, Rand.Range(0.72f, 0.95f));"
"1.6\Source\WRace\MooGirlMilked 挤奶相关的编程\MooGirlMilkingAnimation.cs","366","NumericLiteral","","0.95f","data.instanceColor = new Color(1f, 1f, 1f, Rand.Range(0.72f, 0.95f));"
"1.6\Source\WRace\MooGirlMilked 挤奶相关的编程\MooGirlMilkingAnimation.cs","367","NumericLiteral","","-18f","data.velocityAngle = baseAngle + Rand.Range(-18f, 18f);"
"1.6\Source\WRace\MooGirlMilked 挤奶相关的编程\MooGirlMilkingAnimation.cs","367","NumericLiteral","","18f","data.velocityAngle = baseAngle + Rand.Range(-18f, 18f);"
"1.6\Source\WRace\MooGirlMilked 挤奶相关的编程\MooGirlMilkingAnimation.cs","368","NumericLiteral","","0.45f","data.velocitySpeed = Rand.Range(0.45f, 0.82f);"
"1.6\Source\WRace\MooGirlMilked 挤奶相关的编程\MooGirlMilkingAnimation.cs","368","NumericLiteral","","0.82f","data.velocitySpeed = Rand.Range(0.45f, 0.82f);"
"1.6\Source\WRace\MooGirlMilked 挤奶相关的编程\MooGirlMilkingAnimation.cs","369","NumericLiteral","","-60f","data.rotationRate = Rand.Range(-60f, 60f);"
"1.6\Source\WRace\MooGirlMilked 挤奶相关的编程\MooGirlMilkingAnimation.cs","369","NumericLiteral","","60f","data.rotationRate = Rand.Range(-60f, 60f);"
"1.6\Source\WRace\MooGirlMilked 挤奶相关的编程\MooGirlMilkingAnimation.cs","370","NumericLiteral","","0.22f","data.airTimeLeft = Rand.Range(0.22f, 0.42f);"
"1.6\Source\WRace\MooGirlMilked 挤奶相关的编程\MooGirlMilkingAnimation.cs","370","NumericLiteral","","0.42f","data.airTimeLeft = Rand.Range(0.22f, 0.42f);"
"1.6\Source\WRace\MooGirlMilked 挤奶相关的编程\MooGirlMilkingAnimation.cs","386","FieldOrLocalAssignment","direction","state.partner.DrawPos - state.pawn.DrawPos","Vector3 direction = state.partner.DrawPos - state.pawn.DrawPos;"
"1.6\Source\WRace\MooGirlMilked 挤奶相关的编程\MooGirlMilkingAnimation.cs","387","NumericLiteral","","0f","direction.y = 0f;"
"1.6\Source\WRace\MooGirlMilked 挤奶相关的编程\MooGirlMilkingAnimation.cs","388","NumericLiteral","","0.0001f","if (direction.sqrMagnitude < 0.0001f)"
"1.6\Source\WRace\MooGirlMilked 挤奶相关的编程\MooGirlMilkingAnimation.cs","391","NumericLiteral","","0f","direction.y = 0f;"
"1.6\Source\WRace\MooGirlMilked 挤奶相关的编程\MooGirlMilkingAnimation.cs","393","NumericLiteral","","0.0001f","if (direction.sqrMagnitude < 0.0001f)"
"1.6\Source\WRace\MooGirlMilked 挤奶相关的编程\MooGirlMilkingAnimation.cs","420","FieldOrLocalAssignment","direction","state.partner.DrawPos - state.pawn.DrawPos","Vector3 direction = state.partner.DrawPos - state.pawn.DrawPos;"
"1.6\Source\WRace\MooGirlMilked 挤奶相关的编程\MooGirlMilkingAnimation.cs","421","NumericLiteral","","0f","direction.y = 0f;"
"1.6\Source\WRace\MooGirlMilked 挤奶相关的编程\MooGirlMilkingAnimation.cs","422","NumericLiteral","","0.0001f","if (direction.sqrMagnitude < 0.0001f)"
"1.6\Source\WRace\MooGirlMilked 挤奶相关的编程\MooGirlMilkingAnimation.cs","433","NumericLiteral","","0f","return 0f;"
"1.6\Source\WRace\MooGirlMilked 挤奶相关的编程\MooGirlMilkingAnimation.cs","435","NumericLiteral","","0f","return Mathf.Clamp(0f - direction.x * maxAngle, 0f - maxAngle, maxAngle);"
"1.6\Source\WRace\MooGirlMilked 挤奶相关的编程\MooGirlMilkingAnimation.cs","435","NumericLiteral","","0f","return Mathf.Clamp(0f - direction.x * maxAngle, 0f - maxAngle, maxAngle);"
"1.6\Source\WRace\MooGirlMilked 挤奶相关的编程\MooGirlMilkingAnimation.cs","442","FieldOrLocalAssignment","x","(uint)seed","uint x = (uint)seed;"
"1.6\Source\WRace\MooGirlMilked 挤奶相关的编程\MooGirlMilkingAnimation.cs","443","NumericLiteral","","16","x ^= x >> 16;"
"1.6\Source\WRace\MooGirlMilked 挤奶相关的编程\MooGirlMilkingAnimation.cs","445","NumericLiteral","","15","x ^= x >> 15;"
"1.6\Source\WRace\MooGirlMilked 挤奶相关的编程\MooGirlMilkingAnimation.cs","447","NumericLiteral","","16","x ^= x >> 16;"
"1.6\Source\WRace\MooGirlMilked 挤奶相关的编程\MooGirlMilkingAnimation.cs","448","NumericLiteral","","32767.5f","return ((x & 65535U) / 32767.5f) - 1f;"
"1.6\Source\WRace\MooGirlMilked 挤奶相关的编程\MooGirlMilkingAnimation.cs","448","NumericLiteral","","1f","return ((x & 65535U) / 32767.5f) - 1f;"
"1.6\Source\WRace\MooGirlMilked 挤奶相关的编程\MooGirlMilkingAnimation.cs","466","FieldOrLocalAssignment","PawnField","AccessTools.Field(typeof(PawnRenderer), ""pawn"")","private static readonly FieldInfo PawnField = AccessTools.Field(typeof(PawnRenderer), ""pawn"");"
"1.6\Source\WRace\MooGirlMilked 挤奶相关的编程\MooGirlMilkingAnimation.cs","475","FieldOrLocalAssignment","pawn","PawnField.GetValue(__instance) as Pawn","Pawn pawn = PawnField.GetValue(__instance) as Pawn;"
"1.6\Source\WRace\MooGirlMilked 挤奶相关的编程\MooGirlMilkingAnimation.cs","486","FieldOrLocalAssignment","PawnField","AccessTools.Field(typeof(PawnRenderer), ""pawn"")","private static readonly FieldInfo PawnField = AccessTools.Field(typeof(PawnRenderer), ""pawn"");"
"1.6\Source\WRace\MooGirlMilked 挤奶相关的编程\MooGirlNurtureUtility.cs","14","ConstAssignment","ChildInteractionProgressMin","0.07f","public const float ChildInteractionProgressMin = 0.07f;"
"1.6\Source\WRace\MooGirlMilked 挤奶相关的编程\MooGirlNurtureUtility.cs","14","NumericLiteral","","0.07f","public const float ChildInteractionProgressMin = 0.07f;"
"1.6\Source\WRace\MooGirlMilked 挤奶相关的编程\MooGirlNurtureUtility.cs","15","ConstAssignment","ChildInteractionProgressMax","0.10f","public const float ChildInteractionProgressMax = 0.10f;"
"1.6\Source\WRace\MooGirlMilked 挤奶相关的编程\MooGirlNurtureUtility.cs","15","NumericLiteral","","0.10f","public const float ChildInteractionProgressMax = 0.10f;"
"1.6\Source\WRace\MooGirlMilked 挤奶相关的编程\MooGirlNurtureUtility.cs","16","ConstAssignment","BabyFullFeedProgress","0.04f","public const float BabyFullFeedProgress = 0.04f;"
"1.6\Source\WRace\MooGirlMilked 挤奶相关的编程\MooGirlNurtureUtility.cs","16","NumericLiteral","","0.04f","public const float BabyFullFeedProgress = 0.04f;"
"1.6\Source\WRace\MooGirlMilked 挤奶相关的编程\MooGirlNurtureUtility.cs","17","ConstAssignment","AfterglowTicks","27000000","public const int AfterglowTicks = 27000000;"
"1.6\Source\WRace\MooGirlMilked 挤奶相关的编程\MooGirlNurtureUtility.cs","17","NumericLiteral","","27000000","public const int AfterglowTicks = 27000000;"
"1.6\Source\WRace\MooGirlMilked 挤奶相关的编程\MooGirlNurtureUtility.cs","19","FieldOrLocalAssignment","SkillPassionField","AccessTools.Field(typeof(SkillRecord), ""passion"")","private static readonly FieldInfo SkillPassionField = AccessTools.Field(typeof(SkillRecord), ""passion"");"
"1.6\Source\WRace\MooGirlMilked 挤奶相关的编程\MooGirlNurtureUtility.cs","25","FieldOrLocalAssignment","MotherlyNurtureDef","> motherlyNurtureDef ?? (motherlyNurtureDef = DefDatabase<HediffDef>.GetNamedSilentFail(""MooGirl_MotherlyNurture""))","public static HediffDef MotherlyNurtureDef => motherlyNurtureDef ?? (motherlyNurtureDef = DefDatabase<HediffDef>.GetNamedSilentFail(""MooGirl_MotherlyNurture""));"
"1.6\Source\WRace\MooGirlMilked 挤奶相关的编程\MooGirlNurtureUtility.cs","25","DefDatabaseStringLookup","HediffDef","MooGirl_MotherlyNurture","public static HediffDef MotherlyNurtureDef => motherlyNurtureDef ?? (motherlyNurtureDef = DefDatabase<HediffDef>.GetNamedSilentFail(""MooGirl_MotherlyNurture""));"
"1.6\Source\WRace\MooGirlMilked 挤奶相关的编程\MooGirlNurtureUtility.cs","26","FieldOrLocalAssignment","NurtureAfterglowDef","> nurtureAfterglowDef ?? (nurtureAfterglowDef = DefDatabase<HediffDef>.GetNamedSilentFail(""MooGirl_NurtureAfterglow""))","public static HediffDef NurtureAfterglowDef => nurtureAfterglowDef ?? (nurtureAfterglowDef = DefDatabase<HediffDef>.GetNamedSilentFail(""MooGirl_NurtureAfterglow""));"
"1.6\Source\WRace\MooGirlMilked 挤奶相关的编程\MooGirlNurtureUtility.cs","26","DefDatabaseStringLookup","HediffDef","MooGirl_NurtureAfterglow","public static HediffDef NurtureAfterglowDef => nurtureAfterglowDef ?? (nurtureAfterglowDef = DefDatabase<HediffDef>.GetNamedSilentFail(""MooGirl_NurtureAfterglow""));"
"1.6\Source\WRace\MooGirlMilked 挤奶相关的编程\MooGirlNurtureUtility.cs","27","FieldOrLocalAssignment","NurturedTraitDef","> nurturedTraitDef ?? (nurturedTraitDef = DefDatabase<TraitDef>.GetNamedSilentFail(""MooGirl_NurturedByMooGirl""))","public static TraitDef NurturedTraitDef => nurturedTraitDef ?? (nurturedTraitDef = DefDatabase<TraitDef>.GetNamedSilentFail(""MooGirl_NurturedByMooGirl""));"
"1.6\Source\WRace\MooGirlMilked 挤奶相关的编程\MooGirlNurtureUtility.cs","27","DefDatabaseStringLookup","TraitDef","MooGirl_NurturedByMooGirl","public static TraitDef NurturedTraitDef => nurturedTraitDef ?? (nurturedTraitDef = DefDatabase<TraitDef>.GetNamedSilentFail(""MooGirl_NurturedByMooGirl""));"
"1.6\Source\WRace\MooGirlMilked 挤奶相关的编程\MooGirlNurtureUtility.cs","36","FieldOrLocalAssignment","afterglow","NurtureAfterglowDef","HediffDef afterglow = NurtureAfterglowDef;"
"1.6\Source\WRace\MooGirlMilked 挤奶相关的编程\MooGirlNurtureUtility.cs","37","FieldOrLocalAssignment","afterglow","= null || !pawn.health.hediffSet.HasHediff(afterglow)","return afterglow == null || !pawn.health.hediffSet.HasHediff(afterglow);"
"1.6\Source\WRace\MooGirlMilked 挤奶相关的编程\MooGirlNurtureUtility.cs","47","FieldOrLocalAssignment","fullFeedTicks","Mathf.Max(1f, ChildcareUtility.FullFeedSessionTicks)","float fullFeedTicks = Mathf.Max(1f, ChildcareUtility.FullFeedSessionTicks);"
"1.6\Source\WRace\MooGirlMilked 挤奶相关的编程\MooGirlNurtureUtility.cs","47","NumericLiteral","","1f","float fullFeedTicks = Mathf.Max(1f, ChildcareUtility.FullFeedSessionTicks);"
"1.6\Source\WRace\MooGirlMilked 挤奶相关的编程\MooGirlNurtureUtility.cs","48","NumericLiteral","","1","AddNurtureProgress(baby, BabyFullFeedProgress * Mathf.Max(1, delta) / fullFeedTicks, feeder);"
"1.6\Source\WRace\MooGirlMilked 挤奶相关的编程\MooGirlNurtureUtility.cs","53","NumericLiteral","","0f","if (pawn?.health == null || amount <= 0f || !CanStartNurture(pawn))"
"1.6\Source\WRace\MooGirlMilked 挤奶相关的编程\MooGirlNurtureUtility.cs","58","FieldOrLocalAssignment","def","MotherlyNurtureDef","HediffDef def = MotherlyNurtureDef;"
"1.6\Source\WRace\MooGirlMilked 挤奶相关的编程\MooGirlNurtureUtility.cs","64","FieldOrLocalAssignment","hediff","pawn.health.hediffSet.GetFirstHediffOfDef(def)","Hediff hediff = pawn.health.hediffSet.GetFirstHediffOfDef(def);"
"1.6\Source\WRace\MooGirlMilked 挤奶相关的编程\MooGirlNurtureUtility.cs","68","NumericLiteral","","0.001f","hediff.Severity = 0.001f;"
"1.6\Source\WRace\MooGirlMilked 挤奶相关的编程\MooGirlNurtureUtility.cs","83","FieldOrLocalAssignment","afterglow","NurtureAfterglowDef","HediffDef afterglow = NurtureAfterglowDef;"
"1.6\Source\WRace\MooGirlMilked 挤奶相关的编程\MooGirlNurtureUtility.cs","93","FieldOrLocalAssignment","traitDef","NurturedTraitDef","TraitDef traitDef = NurturedTraitDef;"
"1.6\Source\WRace\MooGirlMilked 挤奶相关的编程\MooGirlNurtureUtility.cs","103","FieldOrLocalAssignment","afterglowHediff","HediffMaker.MakeHediff(afterglow, pawn)","Hediff afterglowHediff = HediffMaker.MakeHediff(afterglow, pawn);"
"1.6\Source\WRace\MooGirlMilked 挤奶相关的编程\MooGirlNurtureUtility.cs","112","TranslateKey","","MooGirl.Nurture.Completed","Messages.Message(""MooGirl.Nurture.Completed"".Translate(pawn.Named(""PAWN"")), pawn, MessageTypeDefOf.PositiveEvent);"
"1.6\Source\WRace\MooGirlMilked 挤奶相关的编程\MooGirlNurtureUtility.cs","112","MessageOrLog","","","Messages.Message(""MooGirl.Nurture.Completed"".Translate(pawn.Named(""PAWN"")), pawn, MessageTypeDefOf.PositiveEvent);"
"1.6\Source\WRace\MooGirlMilked 挤奶相关的编程\MooGirlNurtureUtility.cs","126","NumericLiteral","","2",".Take(2);"
"1.6\Source\WRace\MooGirlMilked 挤奶相关的编程\MooGirlNurtureUtility.cs","130","FieldOrLocalAssignment","next","skill.passion == Passion.None ? Passion.Minor : Passion.Major","Passion next = skill.passion == Passion.None ? Passion.Minor : Passion.Major;"
"1.6\Source\WRace\MooGirlMilked 挤奶相关的编程\MooGirlNurtureUtility.cs","172","ScribeDefault","completed","false","Scribe_Values.Look(ref completed, ""completed"", false);"
"1.6\Source\WRace\MooGirlMilked 挤奶相关的编程\MooGirlNurtureUtility.cs","179","FieldOrLocalAssignment","PawnField","AccessTools.Field(typeof(Pawn_AgeTracker), ""pawn"")","private static readonly FieldInfo PawnField = AccessTools.Field(typeof(Pawn_AgeTracker), ""pawn"");"
"1.6\Source\WRace\MooGirlMilked 挤奶相关的编程\MooGirlNurtureUtility.cs","183","NumericLiteral","","0f","if (__result <= 0f)"
"1.6\Source\WRace\MooGirlMilked 挤奶相关的编程\MooGirlNurtureUtility.cs","188","FieldOrLocalAssignment","pawn","PawnField?.GetValue(__instance) as Pawn","Pawn pawn = PawnField?.GetValue(__instance) as Pawn;"
"1.6\Source\WRace\MooGirlMilked 挤奶相关的编程\MooGirlNurtureUtility.cs","191","NumericLiteral","","2.5f","__result *= 2.5f;"
"1.6\Source\WRace\MooGirlMilked 挤奶相关的编程\MooGirlNurtureUtility.cs","195","FieldOrLocalAssignment","nurture","pawn?.health?.hediffSet?.GetFirstHediffOfDef(MooGirlNurtureUtility.MotherlyNurtureDef)","Hediff nurture = pawn?.health?.hediffSet?.GetFirstHediffOfDef(MooGirlNurtureUtility.MotherlyNurtureDef);"
"1.6\Source\WRace\MooGirlMilked 挤奶相关的编程\MooGirlNurtureUtility.cs","206","NumericLiteral","","0.70f","if (severity >= 0.70f)"
"1.6\Source\WRace\MooGirlMilked 挤奶相关的编程\MooGirlNurtureUtility.cs","208","NumericLiteral","","2.5f","return 2.5f;"
"1.6\Source\WRace\MooGirlMilked 挤奶相关的编程\MooGirlNurtureUtility.cs","210","NumericLiteral","","0.40f","if (severity >= 0.40f)"
"1.6\Source\WRace\MooGirlMilked 挤奶相关的编程\MooGirlNurtureUtility.cs","212","NumericLiteral","","2f","return 2f;"
"1.6\Source\WRace\MooGirlMilked 挤奶相关的编程\MooGirlNurtureUtility.cs","214","NumericLiteral","","1.5f","return 1.5f;"
"1.6\Source\WRace\MooGirlMilked 挤奶相关的编程\MooGirlNurtureUtility.cs","221","FieldOrLocalAssignment","PawnField","AccessTools.Field(typeof(SkillRecord), ""pawn"")","private static readonly FieldInfo PawnField = AccessTools.Field(typeof(SkillRecord), ""pawn"");"
"1.6\Source\WRace\MooGirlMilked 挤奶相关的编程\MooGirlNurtureUtility.cs","222","FieldOrLocalAssignment","XpSinceMidnightField","AccessTools.Field(typeof(SkillRecord), ""xpSinceMidnight"")","private static readonly FieldInfo XpSinceMidnightField = AccessTools.Field(typeof(SkillRecord), ""xpSinceMidnight"");"
"1.6\Source\WRace\MooGirlMilked 挤奶相关的编程\MooGirlNurtureUtility.cs","223","FieldOrLocalAssignment","MaxFullRateXpPerDayField","AccessTools.Field(typeof(SkillRecord), ""MaxFullRateXpPerDay"")","private static readonly FieldInfo MaxFullRateXpPerDayField = AccessTools.Field(typeof(SkillRecord), ""MaxFullRateXpPerDay"");"
"1.6\Source\WRace\MooGirlMilked 挤奶相关的编程\MooGirlNurtureUtility.cs","227","FieldOrLocalAssignment","pawn","PawnField?.GetValue(__instance) as Pawn","Pawn pawn = PawnField?.GetValue(__instance) as Pawn;"
"1.6\Source\WRace\MooGirlMilked 挤奶相关的编程\MooGirlNurtureUtility.cs","238","FieldOrLocalAssignment","xpSinceMidnight","(float)XpSinceMidnightField.GetValue(__instance)","float xpSinceMidnight = (float)XpSinceMidnightField.GetValue(__instance);"
"1.6\Source\WRace\MooGirlMilked 挤奶相关的编程\MooGirlNurtureUtility.cs","239","FieldOrLocalAssignment","baseCap","(int)MaxFullRateXpPerDayField.GetValue(null)","int baseCap = (int)MaxFullRateXpPerDayField.GetValue(null);"
"1.6\Source\WRace\MooGirlMilked 挤奶相关的编程\MooGirlNurtureUtility.cs","240","FieldOrLocalAssignment","extraCap","baseCap * 1.5f","float extraCap = baseCap * 1.5f;"
"1.6\Source\WRace\MooGirlMilked 挤奶相关的编程\MooGirlNurtureUtility.cs","240","NumericLiteral","","1.5f","float extraCap = baseCap * 1.5f;"
"1.6\Source\WRace\MooGirlMilked 挤奶相关的编程\Thought_Hediff.cs","11","FieldOrLocalAssignment","added","false","public bool added = false;"
"1.6\Source\WRace\MooGirlMilked 挤奶相关的编程\Thought_Hediff.cs","23","FieldOrLocalAssignment","flag","!this.added","bool flag = !this.added;"
"1.6\Source\WRace\MooGirlMilked 挤奶相关的编程\Thought_Hediff.cs","27","FieldOrLocalAssignment","flag2","!ThoughtUtility.ThoughtNullified(this.pawn, this.def)","bool flag2 = !ThoughtUtility.ThoughtNullified(this.pawn, this.def);"
"1.6\Source\WRace\MooGirlMilked 挤奶相关的编程\Thought_Hediff.cs","31","FieldOrLocalAssignment","flag3","this.def.hediff != null","bool flag3 = this.def.hediff != null;"
"1.6\Source\WRace\MooGirlMilked 挤奶相关的编程\Thought_Hediff.cs","38","FieldOrLocalAssignment","flag4","this.def.HasModExtension<Thought_Hediff_Extension>()","bool flag4 = this.def.HasModExtension<Thought_Hediff_Extension>();"
"1.6\Source\WRace\MooGirlMilked 挤奶相关的编程\Thought_Hediff.cs","42","FieldOrLocalAssignment","modExtension","this.def.GetModExtension<Thought_Hediff_Extension>()","Thought_Hediff_Extension modExtension = this.def.GetModExtension<Thought_Hediff_Extension>();"
"1.6\Source\WRace\MooGirlMilked 挤奶相关的编程\Thought_Hediff.cs","45","FieldOrLocalAssignment","flag5","modExtension.hediffToAffect != null","bool flag5 = modExtension.hediffToAffect != null;"
"1.6\Source\WRace\MooGirlMilked 挤奶相关的编程\Thought_Hediff.cs","49","FieldOrLocalAssignment","part","this.pawn.RaceProps.body.GetPartsWithDef(modExtension.partToAffect).FirstOrDefault<BodyPartRecord>()","BodyPartRecord part = this.pawn.RaceProps.body.GetPartsWithDef(modExtension.partToAffect).FirstOrDefault<BodyPartRecord>();"
"1.6\Source\WRace\MooGirlMilked 挤奶相关的编程\Thought_Hediff.cs","56","FieldOrLocalAssignment","flag6","modExtension.secondHediffToAffect != null","bool flag6 = modExtension.secondHediffToAffect != null;"
"1.6\Source\WRace\MooGirlMilked 挤奶相关的编程\Thought_Hediff.cs","60","FieldOrLocalAssignment","part2","this.pawn.RaceProps.body.GetPartsWithDef(modExtension.secondPartToAffect).FirstOrDefault<BodyPartRecord>()","BodyPartRecord part2 = this.pawn.RaceProps.body.GetPartsWithDef(modExtension.secondPartToAffect).FirstOrDefault<BodyPartRecord>();"
"1.6\Source\WRace\MooGirlMilked 挤奶相关的编程\Thought_Hediff.cs","67","FieldOrLocalAssignment","increaseJoy","modExtension.increaseJoy","bool increaseJoy = modExtension.increaseJoy;"
"1.6\Source\WRace\MooGirlMilked 挤奶相关的编程\Thought_Hediff.cs","83","FieldOrLocalAssignment","merged","base.TryMergeWithExistingMemory(out showBubble)","bool merged = base.TryMergeWithExistingMemory(out showBubble);"
"1.6\Source\WRace\MooGirlMilked 挤奶相关的编程\Thought_Hediff.cs","93","FieldOrLocalAssignment","hediff","this.pawn.health.hediffSet.GetFirstHediffOfDef(this.def.hediff, false)","Hediff hediff = this.pawn.health.hediffSet.GetFirstHediffOfDef(this.def.hediff, false);"
"1.6\Source\WRace\MooGirlMilked 挤奶相关的编程\Thought_Hediff.cs","99","FieldOrLocalAssignment","disappears","hediff.TryGetComp<HediffComp_Disappears>()","HediffComp_Disappears disappears = hediff.TryGetComp<HediffComp_Disappears>();"
"1.6\Source\WRace\MooGirlMilked 挤奶相关的编程\Thought_Hediff.cs","105","FieldOrLocalAssignment","cure","hediff.TryGetComp<HediffComp_CureFoodEffects>()","HediffComp_CureFoodEffects cure = hediff.TryGetComp<HediffComp_CureFoodEffects>();"
"1.6\Source\WRace\MooGirlMilked 挤奶相关的编程\Thought_Hediff.cs","117","FieldOrLocalAssignment","hediffToAffect","null","public HediffDef hediffToAffect = null;"
"1.6\Source\WRace\MooGirlMilked 挤奶相关的编程\Thought_Hediff.cs","119","FieldOrLocalAssignment","partToAffect","null","public BodyPartDef partToAffect = null;"
"1.6\Source\WRace\MooGirlMilked 挤奶相关的编程\Thought_Hediff.cs","121","FieldOrLocalAssignment","percentage","1f","public float percentage = 1f;"
"1.6\Source\WRace\MooGirlMilked 挤奶相关的编程\Thought_Hediff.cs","121","NumericLiteral","","1f","public float percentage = 1f;"
"1.6\Source\WRace\MooGirlMilked 挤奶相关的编程\Thought_Hediff.cs","124","FieldOrLocalAssignment","secondHediffToAffect","null","public HediffDef secondHediffToAffect = null;"
"1.6\Source\WRace\MooGirlMilked 挤奶相关的编程\Thought_Hediff.cs","126","FieldOrLocalAssignment","secondPartToAffect","null","public BodyPartDef secondPartToAffect = null;"
"1.6\Source\WRace\MooGirlMilked 挤奶相关的编程\Thought_Hediff.cs","128","FieldOrLocalAssignment","secondPercentage","1f","public float secondPercentage = 1f;"
"1.6\Source\WRace\MooGirlMilked 挤奶相关的编程\Thought_Hediff.cs","128","NumericLiteral","","1f","public float secondPercentage = 1f;"
"1.6\Source\WRace\MooGirlMilked 挤奶相关的编程\Thought_Hediff.cs","131","FieldOrLocalAssignment","increaseJoy","false","public bool increaseJoy = false;"
"1.6\Source\WRace\MooGirlMilked 挤奶相关的编程\Thought_Hediff.cs","133","FieldOrLocalAssignment","extraJoy","0f","public float extraJoy = 0f;"
"1.6\Source\WRace\MooGirlMilked 挤奶相关的编程\Thought_Hediff.cs","133","NumericLiteral","","0f","public float extraJoy = 0f;"
"1.6\Source\WRace\MooGirlMilked 挤奶相关的编程\WorkGiver_GatherBodyResources.cs","51","FieldOrLocalAssignment","pawn2","thing as Pawn","Pawn pawn2 = thing as Pawn;"
"1.6\Source\WRace\MooGirlMilked 挤奶相关的编程\WorkGiver_GatherBodyResources.cs","59","FieldOrLocalAssignment","comp","GetComp(pawn2)","CompMooHasBodyResource comp = GetComp(pawn2);"
"1.6\Source\WRace\MooGirlMilked 挤奶相关的编程\WorkGiver_GatherBodyResources.cs","75","NumericLiteral","","0f","if (comp.Fullness <= 0f)"
"1.6\Source\WRace\MooGirlMilked 挤奶相关的编程\WorkGiver_GatherBodyResources.cs","87","FieldOrLocalAssignment","localTargetInfo","pawn2","LocalTargetInfo localTargetInfo = pawn2;"
"1.6\Source\WRace\MooGirlMilked 挤奶相关的编程\WorkGiver_GatherBodyResources.cs","88","NumericLiteral","","1","if (ReservationUtility.CanReserve(pawn, localTargetInfo, 1, -1, null, forced))"
"1.6\Source\WRace\MooGirlMilked 挤奶相关的编程\WorkGiver_GatherBodyResources.cs","88","NumericLiteral","","-1","if (ReservationUtility.CanReserve(pawn, localTargetInfo, 1, -1, null, forced))"
"1.6\Source\WRace\MooGirlMilked 挤奶相关的编程\WorkGiver_GatherBodyResources.cs","106","FieldOrLocalAssignment","job","JobMaker.MakeJob(JobDef, t)","Job job = JobMaker.MakeJob(JobDef, t);"
"1.6\Source\WRace\MooGirlMilked 挤奶相关的编程\WorkGiver_GatherMilk.cs","24","FieldOrLocalAssignment","target","thing as Pawn","Pawn target = thing as Pawn;"
"1.6\Source\WRace\MooGirlMilked 挤奶相关的编程\WorkGiver_GatherMilk.cs","25","FieldOrLocalAssignment","comp","target?.TryGetComp<CompMooMilkable>()","CompMooMilkable comp = target?.TryGetComp<CompMooMilkable>();"
"1.6\Source\WRace\MooGirlsJoins加入方式的编程\用于管理与坠机任务相关的游戏状态和逻辑MooGirl_GameCom.cs","9","ConstAssignment","CourierRaidInitialDelayTicks","5 * 60000","private const int CourierRaidInitialDelayTicks = 5 * 60000;"
"1.6\Source\WRace\MooGirlsJoins加入方式的编程\用于管理与坠机任务相关的游戏状态和逻辑MooGirl_GameCom.cs","9","NumericLiteral","","5","private const int CourierRaidInitialDelayTicks = 5 * 60000;"
"1.6\Source\WRace\MooGirlsJoins加入方式的编程\用于管理与坠机任务相关的游戏状态和逻辑MooGirl_GameCom.cs","9","NumericLiteral","","60000","private const int CourierRaidInitialDelayTicks = 5 * 60000;"
"1.6\Source\WRace\MooGirlsJoins加入方式的编程\用于管理与坠机任务相关的游戏状态和逻辑MooGirl_GameCom.cs","11","FieldOrLocalAssignment","MooGirl_Structural_crash_mission_variables","false","public bool MooGirl_Structural_crash_mission_variables = false;"
"1.6\Source\WRace\MooGirlsJoins加入方式的编程\用于管理与坠机任务相关的游戏状态和逻辑MooGirl_GameCom.cs","12","FieldOrLocalAssignment","structuralCrashCheckTimer","360","public int structuralCrashCheckTimer = 360;"
"1.6\Source\WRace\MooGirlsJoins加入方式的编程\用于管理与坠机任务相关的游戏状态和逻辑MooGirl_GameCom.cs","12","NumericLiteral","","360","public int structuralCrashCheckTimer = 360;"
"1.6\Source\WRace\MooGirlsJoins加入方式的编程\用于管理与坠机任务相关的游戏状态和逻辑MooGirl_GameCom.cs","15","FieldOrLocalAssignment","courierRaidTriggered","false","public bool courierRaidTriggered = false;"
"1.6\Source\WRace\MooGirlsJoins加入方式的编程\用于管理与坠机任务相关的游戏状态和逻辑MooGirl_GameCom.cs","16","FieldOrLocalAssignment","courierRaidTimer","CourierRaidInitialDelayTicks","public int courierRaidTimer = CourierRaidInitialDelayTicks;"
"1.6\Source\WRace\MooGirlsJoins加入方式的编程\用于管理与坠机任务相关的游戏状态和逻辑MooGirl_GameCom.cs","17","FieldOrLocalAssignment","courierRaidQuestStarted","false","public bool courierRaidQuestStarted = false;"
"1.6\Source\WRace\MooGirlsJoins加入方式的编程\用于管理与坠机任务相关的游戏状态和逻辑MooGirl_GameCom.cs","18","FieldOrLocalAssignment","courierRaidLegacyFixApplied","false","public bool courierRaidLegacyFixApplied = false;"
"1.6\Source\WRace\MooGirlsJoins加入方式的编程\用于管理与坠机任务相关的游戏状态和逻辑MooGirl_GameCom.cs","19","FieldOrLocalAssignment","legacySaveUpgradeApplied","false","public bool legacySaveUpgradeApplied = false;"
"1.6\Source\WRace\MooGirlsJoins加入方式的编程\用于管理与坠机任务相关的游戏状态和逻辑MooGirl_GameCom.cs","54","NumericLiteral","","0","if (structuralCrashCheckTimer > 0)"
"1.6\Source\WRace\MooGirlsJoins加入方式的编程\用于管理与坠机任务相关的游戏状态和逻辑MooGirl_GameCom.cs","58","NumericLiteral","","0","else if (structuralCrashCheckTimer == 0)"
"1.6\Source\WRace\MooGirlsJoins加入方式的编程\用于管理与坠机任务相关的游戏状态和逻辑MooGirl_GameCom.cs","60","FieldOrLocalAssignment","giantCorpFaction","Find.FactionManager.FirstFactionOfDef(AiGenerated_DefOf.MooGirl_GiantCorporations_Hostile)","Faction giantCorpFaction = Find.FactionManager.FirstFactionOfDef(AiGenerated_DefOf.MooGirl_GiantCorporations_Hostile);"
"1.6\Source\WRace\MooGirlsJoins加入方式的编程\用于管理与坠机任务相关的游戏状态和逻辑MooGirl_GameCom.cs","65","FieldOrLocalAssignment","questDef","MooGirl_DefOf.MooGirl_SlaveOpeningPodCrash","QuestScriptDef questDef = MooGirl_DefOf.MooGirl_SlaveOpeningPodCrash;"
"1.6\Source\WRace\MooGirlsJoins加入方式的编程\用于管理与坠机任务相关的游戏状态和逻辑MooGirl_GameCom.cs","66","NumericLiteral","","10000.0f","QuestUtility.GenerateQuestAndMakeAvailable(questDef, 10000.0f);"
"1.6\Source\WRace\MooGirlsJoins加入方式的编程\用于管理与坠机任务相关的游戏状态和逻辑MooGirl_GameCom.cs","71","NumericLiteral","","1000","structuralCrashCheckTimer = 1000;"
"1.6\Source\WRace\MooGirlsJoins加入方式的编程\用于管理与坠机任务相关的游戏状态和逻辑MooGirl_GameCom.cs","73","NumericLiteral","","-1","structuralCrashCheckTimer = -1;"
"1.6\Source\WRace\MooGirlsJoins加入方式的编程\用于管理与坠机任务相关的游戏状态和逻辑MooGirl_GameCom.cs","84","NumericLiteral","","0","if (courierRaidTimer <= 0)"
"1.6\Source\WRace\MooGirlsJoins加入方式的编程\用于管理与坠机任务相关的游戏状态和逻辑MooGirl_GameCom.cs","89","FieldOrLocalAssignment","giantCorp","Find.FactionManager.FirstFactionOfDef(AiGenerated_DefOf.MooGirl_GiantCorporations_Hostile)","Faction giantCorp = Find.FactionManager.FirstFactionOfDef(AiGenerated_DefOf.MooGirl_GiantCorporations_Hostile);"
"1.6\Source\WRace\MooGirlsJoins加入方式的编程\用于管理与坠机任务相关的游戏状态和逻辑MooGirl_GameCom.cs","92","NumericLiteral","","200f","QuestUtility.GenerateQuestAndMakeAvailable(AiGenerated_DefOf.MooGirl_CourierRaid, 200f);"
"1.6\Source\WRace\MooGirlsJoins加入方式的编程\用于管理与坠机任务相关的游戏状态和逻辑MooGirl_GameCom.cs","104","FieldOrLocalAssignment","changed","MooGirlJuvenileGraphicUtility.NormalizeLoadedPawns()","int changed = MooGirlJuvenileGraphicUtility.NormalizeLoadedPawns();"
"1.6\Source\WRace\MooGirlsJoins加入方式的编程\用于管理与坠机任务相关的游戏状态和逻辑MooGirl_GameCom.cs","105","NumericLiteral","","0","if (changed > 0)"
"1.6\Source\WRace\MooGirlsJoins加入方式的编程\用于管理与坠机任务相关的游戏状态和逻辑MooGirl_GameCom.cs","107","MessageOrLog","","","Log.Message(""[MooGirl] Corrected juvenile MooGirl body types: "" + changed + ""."");"
"1.6\Source\WRace\MooGirlsJoins加入方式的编程\用于管理与坠机任务相关的游戏状态和逻辑MooGirl_GameCom.cs","113","FieldOrLocalAssignment","rescuePawnsPrepared","0","int rescuePawnsPrepared = 0;"
"1.6\Source\WRace\MooGirlsJoins加入方式的编程\用于管理与坠机任务相关的游戏状态和逻辑MooGirl_GameCom.cs","113","NumericLiteral","","0","int rescuePawnsPrepared = 0;"
"1.6\Source\WRace\MooGirlsJoins加入方式的编程\用于管理与坠机任务相关的游戏状态和逻辑MooGirl_GameCom.cs","114","FieldOrLocalAssignment","migratedLegacyFaction","false","bool migratedLegacyFaction = false;"
"1.6\Source\WRace\MooGirlsJoins加入方式的编程\用于管理与坠机任务相关的游戏状态和逻辑MooGirl_GameCom.cs","115","FieldOrLocalAssignment","createdHostileFaction","false","bool createdHostileFaction = false;"
"1.6\Source\WRace\MooGirlsJoins加入方式的编程\用于管理与坠机任务相关的游戏状态和逻辑MooGirl_GameCom.cs","122","FieldOrLocalAssignment","hostileFactionDef","AiGenerated_DefOf.MooGirl_GiantCorporations_Hostile","FactionDef hostileFactionDef = AiGenerated_DefOf.MooGirl_GiantCorporations_Hostile;"
"1.6\Source\WRace\MooGirlsJoins加入方式的编程\用于管理与坠机任务相关的游戏状态和逻辑MooGirl_GameCom.cs","143","NumericLiteral","","0","if (migratedLegacyFaction || createdHostileFaction || rescuePawnsPrepared > 0)"
"1.6\Source\WRace\MooGirlsJoins加入方式的编程\用于管理与坠机任务相关的游戏状态和逻辑MooGirl_GameCom.cs","145","MessageOrLog","","","Log.Message(""[MooGirl] Applied one-time legacy save upgrade. """
"1.6\Source\WRace\MooGirlsJoins加入方式的编程\用于管理与坠机任务相关的游戏状态和逻辑MooGirl_GameCom.cs","153","MessageOrLog","","","Log.Error(""[MooGirl] Error while applying one-time legacy save upgrade:\n"" + ex);"
"1.6\Source\WRace\MooGirlsJoins加入方式的编程\用于管理与坠机任务相关的游戏状态和逻辑MooGirl_GameCom.cs","163","FieldOrLocalAssignment","preparedCount","0","int preparedCount = 0;"
"1.6\Source\WRace\MooGirlsJoins加入方式的编程\用于管理与坠机任务相关的游戏状态和逻辑MooGirl_GameCom.cs","163","NumericLiteral","","0","int preparedCount = 0;"
"1.6\Source\WRace\MooGirlsJoins加入方式的编程\用于管理与坠机任务相关的游戏状态和逻辑MooGirl_GameCom.cs","164","FieldOrLocalAssignment","pawns","PawnsFinder.AllMapsWorldAndTemporary_Alive","List<Pawn> pawns = PawnsFinder.AllMapsWorldAndTemporary_Alive;"
"1.6\Source\WRace\MooGirlsJoins加入方式的编程\用于管理与坠机任务相关的游戏状态和逻辑MooGirl_GameCom.cs","165","NumericLiteral","","0","for (int i = 0; i < pawns.Count; i++)"
"1.6\Source\WRace\MooGirlsJoins加入方式的编程\用于管理与坠机任务相关的游戏状态和逻辑MooGirl_GameCom.cs","167","FieldOrLocalAssignment","pawn","pawns[i]","Pawn pawn = pawns[i];"
"1.6\Source\WRace\MooGirlsJoins加入方式的编程\用于管理与坠机任务相关的游戏状态和逻辑MooGirl_GameCom.cs","216","FieldOrLocalAssignment","quests","Find.QuestManager.ActiveQuestsListForReading","List<Quest> quests = Find.QuestManager.ActiveQuestsListForReading;"
"1.6\Source\WRace\MooGirlsJoins加入方式的编程\用于管理与坠机任务相关的游戏状态和逻辑MooGirl_GameCom.cs","217","NumericLiteral","","0","for (int i = 0; i < quests.Count; i++)"
"1.6\Source\WRace\MooGirlsJoins加入方式的编程\用于管理与坠机任务相关的游戏状态和逻辑MooGirl_GameCom.cs","219","FieldOrLocalAssignment","quest","quests[i]","Quest quest = quests[i];"
"1.6\Source\WRace\MooGirlsJoins加入方式的编程\用于管理与坠机任务相关的游戏状态和逻辑MooGirl_GameCom.cs","225","FieldOrLocalAssignment","spawnSignal","QuestSignal(quest, ""CourierRaid_Spawn"")","string spawnSignal = QuestSignal(quest, ""CourierRaid_Spawn"");"
"1.6\Source\WRace\MooGirlsJoins加入方式的编程\用于管理与坠机任务相关的游戏状态和逻辑MooGirl_GameCom.cs","226","FieldOrLocalAssignment","demandSignal","QuestSignal(quest, ""CourierRaid_Demand"")","string demandSignal = QuestSignal(quest, ""CourierRaid_Demand"");"
"1.6\Source\WRace\MooGirlsJoins加入方式的编程\用于管理与坠机任务相关的游戏状态和逻辑MooGirl_GameCom.cs","227","FieldOrLocalAssignment","repairedSignals","RepairCourierRaidQuestSignals(quest, spawnSignal, demandSignal)","bool repairedSignals = RepairCourierRaidQuestSignals(quest, spawnSignal, demandSignal);"
"1.6\Source\WRace\MooGirlsJoins加入方式的编程\用于管理与坠机任务相关的游戏状态和逻辑MooGirl_GameCom.cs","228","FieldOrLocalAssignment","spawnPart","FindCourierSpawnPart(quest)","QuestPart_SpawnCourier spawnPart = FindCourierSpawnPart(quest);"
"1.6\Source\WRace\MooGirlsJoins加入方式的编程\用于管理与坠机任务相关的游戏状态和逻辑MooGirl_GameCom.cs","229","FieldOrLocalAssignment","needsCourierSpawn","spawnPart != null && (spawnPart.courier == null || spawnPart.courier.Destroyed)","bool needsCourierSpawn = spawnPart != null && (spawnPart.courier == null || spawnPart.courier.Destroyed);"
"1.6\Source\WRace\MooGirlsJoins加入方式的编程\用于管理与坠机任务相关的游戏状态和逻辑MooGirl_GameCom.cs","239","MessageOrLog","","","Log.Message(""[MooGirl] Recovered a legacy courier raid quest that was generated but never started."");"
"1.6\Source\WRace\MooGirlsJoins加入方式的编程\用于管理与坠机任务相关的游戏状态和逻辑MooGirl_GameCom.cs","249","FieldOrLocalAssignment","repaired","false","bool repaired = false;"
"1.6\Source\WRace\MooGirlsJoins加入方式的编程\用于管理与坠机任务相关的游戏状态和逻辑MooGirl_GameCom.cs","250","FieldOrLocalAssignment","parts","quest.PartsListForReading","List<QuestPart> parts = quest.PartsListForReading;"
"1.6\Source\WRace\MooGirlsJoins加入方式的编程\用于管理与坠机任务相关的游戏状态和逻辑MooGirl_GameCom.cs","251","NumericLiteral","","0","for (int i = 0; i < parts.Count; i++)"
"1.6\Source\WRace\MooGirlsJoins加入方式的编程\用于管理与坠机任务相关的游戏状态和逻辑MooGirl_GameCom.cs","278","FieldOrLocalAssignment","spawnPart","FindCourierSpawnPart(quest)","QuestPart_SpawnCourier spawnPart = FindCourierSpawnPart(quest);"
"1.6\Source\WRace\MooGirlsJoins加入方式的编程\用于管理与坠机任务相关的游戏状态和逻辑MooGirl_GameCom.cs","285","FieldOrLocalAssignment","demandPart","FindCourierDemandPart(quest)","QuestPart_CourierDemand demandPart = FindCourierDemandPart(quest);"
"1.6\Source\WRace\MooGirlsJoins加入方式的编程\用于管理与坠机任务相关的游戏状态和逻辑MooGirl_GameCom.cs","302","NumericLiteral","","0","for (int i = 0; i < signals.Count; i++)"
"1.6\Source\WRace\MooGirlsJoins加入方式的编程\用于管理与坠机任务相关的游戏状态和逻辑MooGirl_GameCom.cs","304","FieldOrLocalAssignment","existing","signals[i]","string existing = signals[i];"
"1.6\Source\WRace\MooGirlsJoins加入方式的编程\用于管理与坠机任务相关的游戏状态和逻辑MooGirl_GameCom.cs","315","FieldOrLocalAssignment","replaced","false","bool replaced = false;"
"1.6\Source\WRace\MooGirlsJoins加入方式的编程\用于管理与坠机任务相关的游戏状态和逻辑MooGirl_GameCom.cs","316","NumericLiteral","","0","for (int i = 0; i < signals.Count; i++)"
"1.6\Source\WRace\MooGirlsJoins加入方式的编程\用于管理与坠机任务相关的游戏状态和逻辑MooGirl_GameCom.cs","318","FieldOrLocalAssignment","existing","signals[i]","string existing = signals[i];"
"1.6\Source\WRace\MooGirlsJoins加入方式的编程\用于管理与坠机任务相关的游戏状态和逻辑MooGirl_GameCom.cs","330","FieldOrLocalAssignment","parts","quest.PartsListForReading","List<QuestPart> parts = quest.PartsListForReading;"
"1.6\Source\WRace\MooGirlsJoins加入方式的编程\用于管理与坠机任务相关的游戏状态和逻辑MooGirl_GameCom.cs","331","NumericLiteral","","0","for (int i = 0; i < parts.Count; i++)"
"1.6\Source\WRace\MooGirlsJoins加入方式的编程\用于管理与坠机任务相关的游戏状态和逻辑MooGirl_GameCom.cs","343","FieldOrLocalAssignment","parts","quest.PartsListForReading","List<QuestPart> parts = quest.PartsListForReading;"
"1.6\Source\WRace\MooGirlsJoins加入方式的编程\用于管理与坠机任务相关的游戏状态和逻辑MooGirl_GameCom.cs","344","NumericLiteral","","0","for (int i = 0; i < parts.Count; i++)"
"1.6\Source\WRace\MooGirlsJoins加入方式的编程\用于管理与坠机任务相关的游戏状态和逻辑MooGirl_GameCom.cs","358","ScribeDefault","courierRaidTriggered","false","Scribe_Values.Look(ref courierRaidTriggered, ""courierRaidTriggered"", false);"
"1.6\Source\WRace\MooGirlsJoins加入方式的编程\用于管理与坠机任务相关的游戏状态和逻辑MooGirl_GameCom.cs","359","ScribeDefault","courierRaidTimer","CourierRaidInitialDelayTicks","Scribe_Values.Look(ref courierRaidTimer, ""courierRaidTimer"", CourierRaidInitialDelayTicks);"
"1.6\Source\WRace\MooGirlsJoins加入方式的编程\用于管理与坠机任务相关的游戏状态和逻辑MooGirl_GameCom.cs","360","ScribeDefault","courierRaidQuestStarted","false","Scribe_Values.Look(ref courierRaidQuestStarted, ""courierRaidQuestStarted"", false);"
"1.6\Source\WRace\MooGirlsJoins加入方式的编程\用于管理与坠机任务相关的游戏状态和逻辑MooGirl_GameCom.cs","361","ScribeDefault","courierRaidLegacyFixApplied","false","Scribe_Values.Look(ref courierRaidLegacyFixApplied, ""courierRaidLegacyFixApplied"", false);"
"1.6\Source\WRace\MooGirlsJoins加入方式的编程\用于管理与坠机任务相关的游戏状态和逻辑MooGirl_GameCom.cs","362","ScribeDefault","legacySaveUpgradeApplied","false","Scribe_Values.Look(ref legacySaveUpgradeApplied, ""legacySaveUpgradeApplied"", false);"
"1.6\Source\WRace\MooGirlsJoins加入方式的编程\用于管理与坠机任务相关的游戏状态和逻辑MooGirl_GameCom.cs","376","ConstAssignment","CheckInterval","240","private const int CheckInterval = 240;"
"1.6\Source\WRace\MooGirlsJoins加入方式的编程\用于管理与坠机任务相关的游戏状态和逻辑MooGirl_GameCom.cs","376","NumericLiteral","","240","private const int CheckInterval = 240;"
"1.6\Source\WRace\MooGirlsJoins加入方式的编程\用于管理与坠机任务相关的游戏状态和逻辑MooGirl_GameCom.cs","389","FieldOrLocalAssignment","pawn","parent.pawn","Pawn pawn = parent.pawn;"
"1.6\Source\WRace\MooGirlsJoins加入方式的编程\用于管理与坠机任务相关的游戏状态和逻辑MooGirl_GameCom.cs","397","NumericLiteral","","0","if (ticksUntilNextCheck > 0)"
"1.6\Source\WRace\MooGirlsJoins加入方式的编程\用于管理与坠机任务相关的游戏状态和逻辑MooGirl_GameCom.cs","417","ScribeDefault","ticksUntilNextCheck","0","Scribe_Values.Look(ref ticksUntilNextCheck, ""ticksUntilNextCheck"", 0);"
"1.6\Source\WRace\MooGirlsJoins加入方式的编程\用于管理与坠机任务相关的游戏状态和逻辑MooGirl_GameCom.cs","417","NumericLiteral","","0","Scribe_Values.Look(ref ticksUntilNextCheck, ""ticksUntilNextCheck"", 0);"
"1.6\Source\WRace\MooGirlsJoins加入方式的编程\用于管理与坠机任务相关的游戏状态和逻辑MooGirl_GameCom.cs","418","ScribeDefault","joinedAlready","false","Scribe_Values.Look(ref joinedAlready, ""joinedAlready"", false);"
"1.6\Source\WRace\MooGirlsJoins加入方式的编程\用于管理与坠机任务相关的游戏状态和逻辑MooGirl_GameCom.cs","428","FieldOrLocalAssignment","comp","Current.Game.GetComponent<MooGirl_GameComp>()","var comp = Current.Game.GetComponent<MooGirl_GameComp>();"
"1.6\Source\WRace\MooGirlsJoins加入方式的编程\用于管理与坠机任务相关的游戏状态和逻辑MooGirl_GameCom.cs","429","NumericLiteral","","1f","if (GenDate.DaysPassedFloat < 1f) return false;"
"1.6\Source\WRace\MooGirlsJoins加入方式的编程\CompReadableBook.cs","10","FieldOrLocalAssignment","bookTitle","""日记本""","public string bookTitle = ""日记本"";"
"1.6\Source\WRace\MooGirlsJoins加入方式的编程\CompReadableBook.cs","20","FieldOrLocalAssignment","Props","> (CompProperties_ReadableBook)props","public CompProperties_ReadableBook Props => (CompProperties_ReadableBook)props;"
"1.6\Source\WRace\MooGirlsJoins加入方式的编程\CompReadableBook.cs","26","FieldOrLocalAssignment","job","JobMaker.MakeJob(AiGenerated_DefOf.MooGirl_ReadCourierDiary, parent)","Job job = JobMaker.MakeJob(AiGenerated_DefOf.MooGirl_ReadCourierDiary, parent);"
"1.6\Source\WRace\MooGirlsJoins加入方式的编程\CompReadableBook.cs","42","FieldOrLocalAssignment","Diary","> job.GetTarget(TargetIndex.A).Thing","private Thing Diary => job.GetTarget(TargetIndex.A).Thing;"
"1.6\Source\WRace\MooGirlsJoins加入方式的编程\CompReadableBook.cs","46","NumericLiteral","","1","return pawn.Reserve(Diary, job, 1, -1, null, errorOnFailed);"
"1.6\Source\WRace\MooGirlsJoins加入方式的编程\CompReadableBook.cs","46","NumericLiteral","","-1","return pawn.Reserve(Diary, job, 1, -1, null, errorOnFailed);"
"1.6\Source\WRace\MooGirlsJoins加入方式的编程\CompReadableBook.cs","58","FieldOrLocalAssignment","comp","Diary.TryGetComp<CompReadableBook>()","CompReadableBook comp = Diary.TryGetComp<CompReadableBook>();"
"1.6\Source\WRace\MooGirlsJoins加入方式的编程\Dialog_ReadBook.cs","12","FieldOrLocalAssignment","currentPage","0","private int currentPage = 0;"
"1.6\Source\WRace\MooGirlsJoins加入方式的编程\Dialog_ReadBook.cs","12","NumericLiteral","","0","private int currentPage = 0;"
"1.6\Source\WRace\MooGirlsJoins加入方式的编程\Dialog_ReadBook.cs","36","NumericLiteral","","600f","public override Vector2 InitialSize => new Vector2(600f, 520f);"
"1.6\Source\WRace\MooGirlsJoins加入方式的编程\Dialog_ReadBook.cs","36","NumericLiteral","","520f","public override Vector2 InitialSize => new Vector2(600f, 520f);"
"1.6\Source\WRace\MooGirlsJoins加入方式的编程\Dialog_ReadBook.cs","40","FieldOrLocalAssignment","y","0f","float y = 0f;"
"1.6\Source\WRace\MooGirlsJoins加入方式的编程\Dialog_ReadBook.cs","40","NumericLiteral","","0f","float y = 0f;"
"1.6\Source\WRace\MooGirlsJoins加入方式的编程\Dialog_ReadBook.cs","43","NumericLiteral","","0f","Widgets.Label(new Rect(0f, y, inRect.width, 40f), title);"
"1.6\Source\WRace\MooGirlsJoins加入方式的编程\Dialog_ReadBook.cs","43","NumericLiteral","","40f","Widgets.Label(new Rect(0f, y, inRect.width, 40f), title);"
"1.6\Source\WRace\MooGirlsJoins加入方式的编程\Dialog_ReadBook.cs","44","NumericLiteral","","50f","y += 50f;"
"1.6\Source\WRace\MooGirlsJoins加入方式的编程\Dialog_ReadBook.cs","49","NumericLiteral","","0f","Widgets.Label(new Rect(0f, y, inRect.width, 25f),"
"1.6\Source\WRace\MooGirlsJoins加入方式的编程\Dialog_ReadBook.cs","49","NumericLiteral","","25f","Widgets.Label(new Rect(0f, y, inRect.width, 25f),"
"1.6\Source\WRace\MooGirlsJoins加入方式的编程\Dialog_ReadBook.cs","50","NumericLiteral","","1","""第"" + (currentPage + 1).ToString() + ""页 / 共"" + defaultPages.Length.ToString() + ""页"");"
"1.6\Source\WRace\MooGirlsJoins加入方式的编程\Dialog_ReadBook.cs","51","NumericLiteral","","30f","y += 30f;"
"1.6\Source\WRace\MooGirlsJoins加入方式的编程\Dialog_ReadBook.cs","54","FieldOrLocalAssignment","contentRect","new Rect(0f, y, inRect.width - 20f, inRect.height - y - 60f)","Rect contentRect = new Rect(0f, y, inRect.width - 20f, inRect.height - y - 60f);"
"1.6\Source\WRace\MooGirlsJoins加入方式的编程\Dialog_ReadBook.cs","54","NumericLiteral","","0f","Rect contentRect = new Rect(0f, y, inRect.width - 20f, inRect.height - y - 60f);"
"1.6\Source\WRace\MooGirlsJoins加入方式的编程\Dialog_ReadBook.cs","54","NumericLiteral","","20f","Rect contentRect = new Rect(0f, y, inRect.width - 20f, inRect.height - y - 60f);"
"1.6\Source\WRace\MooGirlsJoins加入方式的编程\Dialog_ReadBook.cs","54","NumericLiteral","","60f","Rect contentRect = new Rect(0f, y, inRect.width - 20f, inRect.height - y - 60f);"
"1.6\Source\WRace\MooGirlsJoins加入方式的编程\Dialog_ReadBook.cs","57","NumericLiteral","","55f","y = inRect.height - 55f;"
"1.6\Source\WRace\MooGirlsJoins加入方式的编程\Dialog_ReadBook.cs","60","NumericLiteral","","0","if (currentPage > 0)"
"1.6\Source\WRace\MooGirlsJoins加入方式的编程\Dialog_ReadBook.cs","62","NumericLiteral","","0f","if (Widgets.ButtonText(new Rect(0f, y, 100f, 35f), ""上一页""))"
"1.6\Source\WRace\MooGirlsJoins加入方式的编程\Dialog_ReadBook.cs","62","NumericLiteral","","100f","if (Widgets.ButtonText(new Rect(0f, y, 100f, 35f), ""上一页""))"
"1.6\Source\WRace\MooGirlsJoins加入方式的编程\Dialog_ReadBook.cs","62","NumericLiteral","","35f","if (Widgets.ButtonText(new Rect(0f, y, 100f, 35f), ""上一页""))"
"1.6\Source\WRace\MooGirlsJoins加入方式的编程\Dialog_ReadBook.cs","69","NumericLiteral","","1","if (currentPage < defaultPages.Length - 1)"
"1.6\Source\WRace\MooGirlsJoins加入方式的编程\Dialog_ReadBook.cs","71","NumericLiteral","","120f","if (Widgets.ButtonText(new Rect(inRect.width - 120f, y, 100f, 35f), ""下一页""))"
"1.6\Source\WRace\MooGirlsJoins加入方式的编程\Dialog_ReadBook.cs","71","NumericLiteral","","100f","if (Widgets.ButtonText(new Rect(inRect.width - 120f, y, 100f, 35f), ""下一页""))"
"1.6\Source\WRace\MooGirlsJoins加入方式的编程\Dialog_ReadBook.cs","71","NumericLiteral","","35f","if (Widgets.ButtonText(new Rect(inRect.width - 120f, y, 100f, 35f), ""下一页""))"
"1.6\Source\WRace\MooGirlsJoins加入方式的编程\Dialog_ReadBook.cs","78","NumericLiteral","","100f","if (Widgets.ButtonText(new Rect((inRect.width - 100f) / 2f, y, 100f, 35f), ""关闭""))"
"1.6\Source\WRace\MooGirlsJoins加入方式的编程\Dialog_ReadBook.cs","78","NumericLiteral","","2f","if (Widgets.ButtonText(new Rect((inRect.width - 100f) / 2f, y, 100f, 35f), ""关闭""))"
"1.6\Source\WRace\MooGirlsJoins加入方式的编程\Dialog_ReadBook.cs","78","NumericLiteral","","100f","if (Widgets.ButtonText(new Rect((inRect.width - 100f) / 2f, y, 100f, 35f), ""关闭""))"
"1.6\Source\WRace\MooGirlsJoins加入方式的编程\Dialog_ReadBook.cs","78","NumericLiteral","","35f","if (Widgets.ButtonText(new Rect((inRect.width - 100f) / 2f, y, 100f, 35f), ""关闭""))"
"1.6\Source\WRace\MooGirlsJoins加入方式的编程\Harmony_DesignatorTame.cs","33","FieldOrLocalAssignment","pawn","t as Pawn","Pawn pawn = t as Pawn;"
"1.6\Source\WRace\MooGirlsJoins加入方式的编程\Harmony_GiantCorpRaidTiers.cs","9","ConstAssignment","LowMax","2000f","private const float LowMax = 2000f;"
"1.6\Source\WRace\MooGirlsJoins加入方式的编程\Harmony_GiantCorpRaidTiers.cs","9","NumericLiteral","","2000f","private const float LowMax = 2000f;"
"1.6\Source\WRace\MooGirlsJoins加入方式的编程\Harmony_GiantCorpRaidTiers.cs","10","ConstAssignment","LowerMiddleMax","4000f","private const float LowerMiddleMax = 4000f;"
"1.6\Source\WRace\MooGirlsJoins加入方式的编程\Harmony_GiantCorpRaidTiers.cs","10","NumericLiteral","","4000f","private const float LowerMiddleMax = 4000f;"
"1.6\Source\WRace\MooGirlsJoins加入方式的编程\Harmony_GiantCorpRaidTiers.cs","11","ConstAssignment","HighMax","6500f","private const float HighMax = 6500f;"
"1.6\Source\WRace\MooGirlsJoins加入方式的编程\Harmony_GiantCorpRaidTiers.cs","11","NumericLiteral","","6500f","private const float HighMax = 6500f;"
"1.6\Source\WRace\MooGirlsJoins加入方式的编程\Harmony_GiantCorpRaidTiers.cs","12","ConstAssignment","TopMax","10000f","private const float TopMax = 10000f;"
"1.6\Source\WRace\MooGirlsJoins加入方式的编程\Harmony_GiantCorpRaidTiers.cs","12","NumericLiteral","","10000f","private const float TopMax = 10000f;"
"1.6\Source\WRace\MooGirlsJoins加入方式的编程\Harmony_GiantCorpRaidTiers.cs","26","FieldOrLocalAssignment","points","parms.points","float points = parms.points;"
"1.6\Source\WRace\MooGirlsJoins加入方式的编程\Harmony_GiantCorpRaidTiers.cs","27","FieldOrLocalAssignment","max","__instance.maxTotalPoints","float max = __instance.maxTotalPoints;"
"1.6\Source\WRace\MooGirlsJoins加入方式的编程\Harmony_GiantCorpRaidTiers.cs","31","NumericLiteral","","0f","__result = points >= 0f && points <= LowMax;"
"1.6\Source\WRace\MooGirlsJoins加入方式的编程\IncidentWorker_MooGirl_CourierRaid.cs","19","FieldOrLocalAssignment","faction","Find.FactionManager.FirstFactionOfDef(AiGenerated_DefOf.MooGirl_GiantCorporations_Hostile)","Faction faction = Find.FactionManager.FirstFactionOfDef(AiGenerated_DefOf.MooGirl_GiantCorporations_Hostile);"
"1.6\Source\WRace\MooGirlsJoins加入方式的编程\IncidentWorker_MooGirl_CourierRaid.cs","22","FieldOrLocalAssignment","points","parms.points > 0f ? Mathf.Min(parms.points, 200f) : 200f","float points = parms.points > 0f ? Mathf.Min(parms.points, 200f) : 200f;"
"1.6\Source\WRace\MooGirlsJoins加入方式的编程\IncidentWorker_MooGirl_CourierRaid.cs","22","NumericLiteral","","0f","float points = parms.points > 0f ? Mathf.Min(parms.points, 200f) : 200f;"
"1.6\Source\WRace\MooGirlsJoins加入方式的编程\IncidentWorker_MooGirl_CourierRaid.cs","22","NumericLiteral","","200f","float points = parms.points > 0f ? Mathf.Min(parms.points, 200f) : 200f;"
"1.6\Source\WRace\MooGirlsJoins加入方式的编程\IncidentWorker_MooGirl_CourierRaid.cs","22","NumericLiteral","","200f","float points = parms.points > 0f ? Mathf.Min(parms.points, 200f) : 200f;"
"1.6\Source\WRace\MooGirlsJoins加入方式的编程\IncidentWorker_MooGirl_WildManWandersIn.cs","16","FieldOrLocalAssignment","map","(Map)parms.target","Map map = (Map)parms.target;"
"1.6\Source\WRace\MooGirlsJoins加入方式的编程\IncidentWorker_MooGirl_WildManWandersIn.cs","22","FieldOrLocalAssignment","faction","null","Faction faction = null;"
"1.6\Source\WRace\MooGirlsJoins加入方式的编程\IncidentWorker_MooGirl_WildManWandersIn.cs","43","FieldOrLocalAssignment","pawn","PawnGenerator.GeneratePawn(request)","Pawn pawn = PawnGenerator.GeneratePawn(request);"
"1.6\Source\WRace\MooGirlsJoins加入方式的编程\IncidentWorker_MooGirl_WildManWandersIn.cs","46","FieldOrLocalAssignment","allowApparelRequirements","false","bool allowApparelRequirements = false;"
"1.6\Source\WRace\MooGirlsJoins加入方式的编程\IncidentWorker_MooGirl_WildManWandersIn.cs","61","NumericLiteral","","0","if (allowApparelRequirements && pawn.kindDef.apparelTags != null && pawn.kindDef.apparelTags.Count > 0)"
"1.6\Source\WRace\MooGirlsJoins加入方式的编程\IncidentWorker_MooGirl_WildManWandersIn.cs","63","FieldOrLocalAssignment","apparelTags","pawn.kindDef.apparelTags.ToList()","List<string> apparelTags = pawn.kindDef.apparelTags.ToList();"
"1.6\Source\WRace\MooGirlsJoins加入方式的编程\IncidentWorker_MooGirl_WildManWandersIn.cs","76","NumericLiteral","","0","if (candidates.Count > 0)"
"1.6\Source\WRace\MooGirlsJoins加入方式的编程\IncidentWorker_MooGirl_WildManWandersIn.cs","79","FieldOrLocalAssignment","chosenDef","candidates.RandomElement()","ThingDef chosenDef = candidates.RandomElement();"
"1.6\Source\WRace\MooGirlsJoins加入方式的编程\IncidentWorker_MooGirl_WildManWandersIn.cs","85","FieldOrLocalAssignment","stuff","GenStuff.RandomStuffFor(chosenDef)","ThingDef stuff = GenStuff.RandomStuffFor(chosenDef);"
"1.6\Source\WRace\MooGirlsJoins加入方式的编程\IncidentWorker_MooGirl_WildManWandersIn.cs","94","FieldOrLocalAssignment","shouldLock","newApparel is AdvancedSlaveApparel || newApparel is BrainWashSlaveApparel","bool shouldLock = newApparel is AdvancedSlaveApparel || newApparel is BrainWashSlaveApparel;"
"1.6\Source\WRace\MooGirlsJoins加入方式的编程\IncidentWorker_MooGirl_WildManWandersIn.cs","106","FieldOrLocalAssignment","value","pawn.DevelopmentalStage.Child() ? ""MooGirl.FeralChild"".Translate().ToString() : pawn.KindLabel","string value = pawn.DevelopmentalStage.Child() ? ""MooGirl.FeralChild"".Translate().ToString() : pawn.KindLabel;"
"1.6\Source\WRace\MooGirlsJoins加入方式的编程\IncidentWorker_MooGirl_WildManWandersIn.cs","106","TranslateKey","","MooGirl.FeralChild","string value = pawn.DevelopmentalStage.Child() ? ""MooGirl.FeralChild"".Translate().ToString() : pawn.KindLabel;"
"1.6\Source\WRace\MooGirlsJoins加入方式的编程\IncidentWorker_MooGirl_WildManWandersIn.cs","107","FieldOrLocalAssignment","value2","pawn.DevelopmentalStage.Child() ? ""MooGirl.Child"".Translate() : ""MooGirl.Person"".Translate()","TaggedString value2 = pawn.DevelopmentalStage.Child() ? ""MooGirl.Child"".Translate() : ""MooGirl.Person"".Translate();"
"1.6\Source\WRace\MooGirlsJoins加入方式的编程\IncidentWorker_MooGirl_WildManWandersIn.cs","107","TranslateKey","","MooGirl.Child","TaggedString value2 = pawn.DevelopmentalStage.Child() ? ""MooGirl.Child"".Translate() : ""MooGirl.Person"".Translate();"
"1.6\Source\WRace\MooGirlsJoins加入方式的编程\IncidentWorker_MooGirl_WildManWandersIn.cs","107","TranslateKey","","MooGirl.Person","TaggedString value2 = pawn.DevelopmentalStage.Child() ? ""MooGirl.Child"".Translate() : ""MooGirl.Person"".Translate();"
"1.6\Source\WRace\MooGirlsJoins加入方式的编程\IncidentWorker_MooGirl_WildManWandersIn.cs","108","FieldOrLocalAssignment","baseLetterLabel","def.letterLabel.Formatted(value, pawn.Named(""PAWN"")).CapitalizeFirst()","TaggedString baseLetterLabel = def.letterLabel.Formatted(value, pawn.Named(""PAWN"")).CapitalizeFirst();"
"1.6\Source\WRace\MooGirlsJoins加入方式的编程\IncidentWorker_MooGirl_WildManWandersIn.cs","109","FieldOrLocalAssignment","baseLetterText","def.letterText.Formatted(pawn.NameShortColored, value2, pawn.Named(""PAWN"")).AdjustedFor(pawn, ""PAWN"", true).CapitalizeFirst()","TaggedString baseLetterText = def.letterText.Formatted(pawn.NameShortColored, value2, pawn.Named(""PAWN"")).AdjustedFor(pawn, ""PAWN"", true).CapitalizeFirst();"
"1.6\Source\WRace\MooGirlsJoins加入方式的编程\MooGirl_ConvertComp.cs","11","FieldOrLocalAssignment","conversionDone","false","private bool conversionDone = false;"
"1.6\Source\WRace\MooGirlsJoins加入方式的编程\MooGirl_ConvertComp.cs","31","FieldOrLocalAssignment","playerPawns","PawnsFinder.AllMapsWorldAndTemporary_Alive","List<Pawn> playerPawns = PawnsFinder.AllMapsWorldAndTemporary_Alive;"
"1.6\Source\WRace\MooGirlsJoins加入方式的编程\MooGirl_ConvertComp.cs","34","FieldOrLocalAssignment","convertedCount","0","int convertedCount = 0;"
"1.6\Source\WRace\MooGirlsJoins加入方式的编程\MooGirl_ConvertComp.cs","34","NumericLiteral","","0","int convertedCount = 0;"
"1.6\Source\WRace\MooGirlsJoins加入方式的编程\MooGirl_ConvertComp.cs","51","NumericLiteral","","0","if (convertedCount > 0)"
"1.6\Source\WRace\MooGirlsJoins加入方式的编程\MooGirl_ConvertComp.cs","53","MessageOrLog","","","Log.Message($""[MooGirl] 本次共转换 {convertedCount} 个 MooGirl_EscapeWildSlave。"");"
"1.6\Source\WRace\MooGirlsJoins加入方式的编程\MooGirl_ConvertComp.cs","57","MessageOrLog","","","Log.Message(""[MooGirl] 未发现需要转换的 MooGirl_EscapeWildSlave。"");"
"1.6\Source\WRace\MooGirlsJoins加入方式的编程\MooGirl_ConvertComp.cs","68","ScribeDefault","conversionDone","false","Scribe_Values.Look(ref conversionDone, ""conversionDone"", false);"
"1.6\Source\WRace\MooGirlsJoins加入方式的编程\MooGirl_IdeoUtility.cs","15","FieldOrLocalAssignment","playerFaction","Faction.OfPlayerSilentFail","Faction playerFaction = Faction.OfPlayerSilentFail;"
"1.6\Source\WRace\MooGirlsJoins加入方式的编程\MooGirl_IdeoUtility.cs","16","FieldOrLocalAssignment","primaryIdeo","playerFaction?.ideos?.PrimaryIdeo","Ideo primaryIdeo = playerFaction?.ideos?.PrimaryIdeo;"
"1.6\Source\WRace\MooGirlsJoins加入方式的编程\MooGirlRescueJoinUtility.cs","34","FieldOrLocalAssignment","bed","pawn.CurrentBed()","Building_Bed bed = pawn.CurrentBed();"
"1.6\Source\WRace\MooGirlsJoins加入方式的编程\MooGirlRescueJoinUtility.cs","52","FieldOrLocalAssignment","wasEscapeWildSlave","MooGirlWildSlaveUtility.IsEscapeWildSlave(pawn)","bool wasEscapeWildSlave = MooGirlWildSlaveUtility.IsEscapeWildSlave(pawn);"
"1.6\Source\WRace\MooGirlsJoins加入方式的编程\MooGirlRescueJoinUtility.cs","78","TranslateKey","","LetterLabelRescueeJoins","""LetterLabelRescueeJoins"".Translate(pawn.Named(""PAWN"")),"
"1.6\Source\WRace\MooGirlsJoins加入方式的编程\MooGirlRescueJoinUtility.cs","79","TranslateKey","","LetterRescueeJoins","""LetterRescueeJoins"".Translate(pawn.Named(""PAWN"")),"
"1.6\Source\WRace\MooGirlsJoins加入方式的编程\MooGirlWildSlaveUtility.cs","35","FieldOrLocalAssignment","changed","false","bool changed = false;"
"1.6\Source\WRace\MooGirlsJoins加入方式的编程\MooGirlWildSlaveUtility.cs","36","FieldOrLocalAssignment","shouldUseNonWildKind","wasEscapeWildSlave || pawn.kindDef == MooGirl_DefOf.MooGirl_EscapeWildSlave","bool shouldUseNonWildKind = wasEscapeWildSlave || pawn.kindDef == MooGirl_DefOf.MooGirl_EscapeWildSlave;"
"1.6\Source\WRace\MooGirlsJoins加入方式的编程\MooGirlWildSlaveUtility.cs","58","FieldOrLocalAssignment","map","pawn.MapHeld","Map map = pawn.MapHeld;"
"1.6\Source\WRace\MooGirlsJoins加入方式的编程\MooGirlWildSlaveUtility.cs","61","FieldOrLocalAssignment","tameDesignation","map.designationManager.DesignationOn(pawn, DesignationDefOf.Tame)","Designation tameDesignation = map.designationManager.DesignationOn(pawn, DesignationDefOf.Tame);"
"1.6\Source\WRace\MooGirlsJoins加入方式的编程\QuestNode_MooGirl_RefugeePodCrash.cs","16","FieldOrLocalAssignment","faction","null","Faction faction = null;"
"1.6\Source\WRace\MooGirlsJoins加入方式的编程\QuestNode_MooGirl_RefugeePodCrash.cs","27","NumericLiteral","","-1","-1,"
"1.6\Source\WRace\MooGirlsJoins加入方式的编程\QuestNode_MooGirl_RefugeePodCrash.cs","52","FieldOrLocalAssignment","num","0","int num = 0;"
"1.6\Source\WRace\MooGirlsJoins加入方式的编程\QuestNode_MooGirl_RefugeePodCrash.cs","52","NumericLiteral","","0","int num = 0;"
"1.6\Source\WRace\MooGirlsJoins加入方式的编程\QuestNode_MooGirl_RefugeePodCrash.cs","53","FieldOrLocalAssignment","pawn","null","Pawn pawn = null;"
"1.6\Source\WRace\MooGirlsJoins加入方式的编程\QuestNode_MooGirl_RefugeePodCrash.cs","54","NumericLiteral","","10","while (num < 10 && (pawn == null || !pawn.Downed))"
"1.6\Source\WRace\MooGirlsJoins加入方式的编程\QuestNode_MooGirl_RefugeePodCrash.cs","67","FieldOrLocalAssignment","allowApparelRequirements","false","bool allowApparelRequirements = false;"
"1.6\Source\WRace\MooGirlsJoins加入方式的编程\QuestNode_MooGirl_RefugeePodCrash.cs","80","NumericLiteral","","0","if (allowApparelRequirements && pawn.kindDef.apparelTags != null && pawn.kindDef.apparelTags.Count > 0)"
"1.6\Source\WRace\MooGirlsJoins加入方式的编程\QuestNode_MooGirl_RefugeePodCrash.cs","82","FieldOrLocalAssignment","apparelTags","pawn.kindDef.apparelTags.ToList()","List<string> apparelTags = pawn.kindDef.apparelTags.ToList();"
"1.6\Source\WRace\MooGirlsJoins加入方式的编程\QuestNode_MooGirl_RefugeePodCrash.cs","95","NumericLiteral","","0","if (candidates.Count > 0)"
"1.6\Source\WRace\MooGirlsJoins加入方式的编程\QuestNode_MooGirl_RefugeePodCrash.cs","97","FieldOrLocalAssignment","chosenDef","candidates.RandomElement()","ThingDef chosenDef = candidates.RandomElement();"
"1.6\Source\WRace\MooGirlsJoins加入方式的编程\QuestNode_MooGirl_RefugeePodCrash.cs","102","FieldOrLocalAssignment","stuff","GenStuff.RandomStuffFor(chosenDef)","ThingDef stuff = GenStuff.RandomStuffFor(chosenDef);"
"1.6\Source\WRace\MooGirlsJoins加入方式的编程\QuestNode_MooGirl_RefugeePodCrash.cs","111","FieldOrLocalAssignment","shouldLock","newApparel is AdvancedSlaveApparel || newApparel is BrainWashSlaveApparel","bool shouldLock = newApparel is AdvancedSlaveApparel || newApparel is BrainWashSlaveApparel;"
"1.6\Source\WRace\MooGirlsJoins加入方式的编程\QuestNode_MooGirl_RefugeePodCrash.cs","132","FieldOrLocalAssignment","label","""MooGirl.LetterLabelRefugeePodCrash"".Translate()","TaggedString label = ""MooGirl.LetterLabelRefugeePodCrash"".Translate();"
"1.6\Source\WRace\MooGirlsJoins加入方式的编程\QuestNode_MooGirl_RefugeePodCrash.cs","132","TranslateKey","","MooGirl.LetterLabelRefugeePodCrash","TaggedString label = ""MooGirl.LetterLabelRefugeePodCrash"".Translate();"
"1.6\Source\WRace\MooGirlsJoins加入方式的编程\QuestNode_MooGirl_RefugeePodCrash.cs","133","FieldOrLocalAssignment","taggedString","""MooGirl.RefugeePodCrash"".Translate(pawn.Named(""PAWN"")).AdjustedFor(pawn, ""PAWN"", true)","TaggedString taggedString = ""MooGirl.RefugeePodCrash"".Translate(pawn.Named(""PAWN"")).AdjustedFor(pawn, ""PAWN"", true);"
"1.6\Source\WRace\MooGirlsJoins加入方式的编程\QuestNode_MooGirl_RefugeePodCrash.cs","133","TranslateKey","","MooGirl.RefugeePodCrash","TaggedString taggedString = ""MooGirl.RefugeePodCrash"".Translate(pawn.Named(""PAWN"")).AdjustedFor(pawn, ""PAWN"", true);"
"1.6\Source\WRace\MooGirlsJoins加入方式的编程\QuestNode_MooGirl_RefugeePodCrash.cs","137","TranslateKey","","MooGirl.RefugeePodCrash_Factionless","taggedString += ""MooGirl.RefugeePodCrash_Factionless"".Translate(pawn.Named(""PAWN"")).AdjustedFor(pawn, ""PAWN"", true);"
"1.6\Source\WRace\MooGirlsJoins加入方式的编程\QuestNode_MooGirl_RefugeePodCrash.cs","141","TranslateKey","","MooGirl.RefugeePodCrash_Hostile","taggedString += ""MooGirl.RefugeePodCrash_Hostile"".Translate(pawn.Named(""PAWN"")).AdjustedFor(pawn, ""PAWN"", true);"
"1.6\Source\WRace\MooGirlsJoins加入方式的编程\QuestNode_MooGirl_RefugeePodCrash.cs","145","TranslateKey","","MooGirl.RefugeePodCrash_NonHostile","taggedString += ""MooGirl.RefugeePodCrash_NonHostile"".Translate(pawn.Named(""PAWN"")).AdjustedFor(pawn, ""PAWN"", true);"
"1.6\Source\WRace\MooGirlsJoins加入方式的编程\QuestNode_MooGirl_RefugeePodCrash.cs","149","FieldOrLocalAssignment","arg","(pawn.ageTracker.AgeBiologicalYears * 3600000).ToStringTicksToPeriod(true, false, true, true, false)","string arg = (pawn.ageTracker.AgeBiologicalYears * 3600000).ToStringTicksToPeriod(true, false, true, true, false);"
"1.6\Source\WRace\MooGirlsJoins加入方式的编程\QuestNode_MooGirl_RefugeePodCrash.cs","149","NumericLiteral","","3600000","string arg = (pawn.ageTracker.AgeBiologicalYears * 3600000).ToStringTicksToPeriod(true, false, true, true, false);"
"1.6\Source\WRace\MooGirlsJoins加入方式的编程\QuestNode_MooGirl_RefugeePodCrash.cs","150","TranslateKey","","MooGirl.RefugeePodCrash_Child","taggedString += ""\n\n"" + ""MooGirl.RefugeePodCrash_Child"".Translate(pawn.Named(""PAWN""), arg.Named(""AGE""));"
"1.6\Source\WRace\MooGirlsJoins加入方式的编程\QuestNode_MooGirl_RefugeePodCrash.cs","152","TranslateKey","","JoinerCharityInfo","QuestNode_Root_WandererJoin_WalkIn.AppendCharityInfoToLetter(""JoinerCharityInfo"".Translate(pawn), ref taggedString);"
"1.6\Source\WRace\MooGirlsJoins加入方式的编程\QuestNode_MooGirl_RefugeePodCrash.cs","154","NumericLiteral","","0","Find.LetterStack.ReceiveLetter(label, taggedString, LetterDefOf.NeutralEvent, new TargetInfo(pawn), null, null, null, null, 0, true);"
"1.6\Source\WRace\MooGirlsJoins加入方式的编程\QuestNode_Root_MooGirl_CourierRaid.cs","10","ConstAssignment","RaidDelayTicks","1","private const int RaidDelayTicks = 1;"
"1.6\Source\WRace\MooGirlsJoins加入方式的编程\QuestNode_Root_MooGirl_CourierRaid.cs","10","NumericLiteral","","1","private const int RaidDelayTicks = 1;"
"1.6\Source\WRace\MooGirlsJoins加入方式的编程\QuestNode_Root_MooGirl_CourierRaid.cs","14","FieldOrLocalAssignment","slate","QuestGen.slate","Slate slate = QuestGen.slate;"
"1.6\Source\WRace\MooGirlsJoins加入方式的编程\QuestNode_Root_MooGirl_CourierRaid.cs","15","FieldOrLocalAssignment","quest","QuestGen.quest","Quest quest = QuestGen.quest;"
"1.6\Source\WRace\MooGirlsJoins加入方式的编程\QuestNode_Root_MooGirl_CourierRaid.cs","16","FieldOrLocalAssignment","map","ResolveTargetMap(slate)","Map map = ResolveTargetMap(slate);"
"1.6\Source\WRace\MooGirlsJoins加入方式的编程\QuestNode_Root_MooGirl_CourierRaid.cs","19","MessageOrLog","","","Log.Warning(""[MooGirl] CourierRaid quest aborted: no valid map target."");"
"1.6\Source\WRace\MooGirlsJoins加入方式的编程\QuestNode_Root_MooGirl_CourierRaid.cs","23","FieldOrLocalAssignment","faction","Find.FactionManager.FirstFactionOfDef(AiGenerated_DefOf.MooGirl_GiantCorporations_Hostile)","Faction faction = Find.FactionManager.FirstFactionOfDef(AiGenerated_DefOf.MooGirl_GiantCorporations_Hostile);"
"1.6\Source\WRace\MooGirlsJoins加入方式的编程\QuestNode_Root_MooGirl_CourierRaid.cs","26","MessageOrLog","","","Log.Warning(""[MooGirl] CourierRaid quest aborted: hostile giant corporation faction not found."");"
"1.6\Source\WRace\MooGirlsJoins加入方式的编程\QuestNode_Root_MooGirl_CourierRaid.cs","30","NumericLiteral","","0f","if (!RCellFinder.TryFindRandomPawnEntryCell(out IntVec3 spawnCell, map, 0f))"
"1.6\Source\WRace\MooGirlsJoins加入方式的编程\QuestNode_Root_MooGirl_CourierRaid.cs","32","MessageOrLog","","","Log.Warning(""[MooGirl] CourierRaid quest aborted: no valid spawn cell."");"
"1.6\Source\WRace\MooGirlsJoins加入方式的编程\QuestNode_Root_MooGirl_CourierRaid.cs","36","FieldOrLocalAssignment","spawnSignal","QuestGenUtility.HardcodedSignalWithQuestID(""CourierRaid_Spawn"")","string spawnSignal = QuestGenUtility.HardcodedSignalWithQuestID(""CourierRaid_Spawn"");"
"1.6\Source\WRace\MooGirlsJoins加入方式的编程\QuestNode_Root_MooGirl_CourierRaid.cs","39","FieldOrLocalAssignment","raidDelay","new QuestPart_Delay()","QuestPart_Delay raidDelay = new QuestPart_Delay();"
"1.6\Source\WRace\MooGirlsJoins加入方式的编程\QuestNode_Root_MooGirl_CourierRaid.cs","46","FieldOrLocalAssignment","spawnPart","new QuestPart_SpawnCourier()","QuestPart_SpawnCourier spawnPart = new QuestPart_SpawnCourier();"
"1.6\Source\WRace\MooGirlsJoins加入方式的编程\QuestNode_Root_MooGirl_CourierRaid.cs","56","FieldOrLocalAssignment","map","ResolveTargetMap(slate)","Map map = ResolveTargetMap(slate);"
"1.6\Source\WRace\MooGirlsJoins加入方式的编程\QuestNode_Root_MooGirl_OpeningPodCrash.cs","15","ConstAssignment","MaxFactionlessGenerationAttempts","20","private const int MaxFactionlessGenerationAttempts = 20;"
"1.6\Source\WRace\MooGirlsJoins加入方式的编程\QuestNode_Root_MooGirl_OpeningPodCrash.cs","15","NumericLiteral","","20","private const int MaxFactionlessGenerationAttempts = 20;"
"1.6\Source\WRace\MooGirlsJoins加入方式的编程\QuestNode_Root_MooGirl_OpeningPodCrash.cs","16","ConstAssignment","OpeningPodPawnAgeYears","18f","private const float OpeningPodPawnAgeYears = 18f;"
"1.6\Source\WRace\MooGirlsJoins加入方式的编程\QuestNode_Root_MooGirl_OpeningPodCrash.cs","16","NumericLiteral","","18f","private const float OpeningPodPawnAgeYears = 18f;"
"1.6\Source\WRace\MooGirlsJoins加入方式的编程\QuestNode_Root_MooGirl_OpeningPodCrash.cs","22","FieldOrLocalAssignment","faction","null","Faction faction = null;"
"1.6\Source\WRace\MooGirlsJoins加入方式的编程\QuestNode_Root_MooGirl_OpeningPodCrash.cs","29","NumericLiteral","","-1","-1,                                     // 地图 tile（-1 表示无固定 tile）"
"1.6\Source\WRace\MooGirlsJoins加入方式的编程\QuestNode_Root_MooGirl_OpeningPodCrash.cs","29","NumericLiteral","","-1","-1,                                     // 地图 tile（-1 表示无固定 tile）"
"1.6\Source\WRace\MooGirlsJoins加入方式的编程\QuestNode_Root_MooGirl_OpeningPodCrash.cs","46","FieldOrLocalAssignment","pawn","GenerateFactionlessPawn(request)","Pawn pawn = GenerateFactionlessPawn(request);"
"1.6\Source\WRace\MooGirlsJoins加入方式的编程\QuestNode_Root_MooGirl_OpeningPodCrash.cs","53","FieldOrLocalAssignment","allowApparelRequirements","false","bool allowApparelRequirements = false;"
"1.6\Source\WRace\MooGirlsJoins加入方式的编程\QuestNode_Root_MooGirl_OpeningPodCrash.cs","67","NumericLiteral","","0","if (allowApparelRequirements && pawn.kindDef.apparelTags != null && pawn.kindDef.apparelTags.Count > 0)"
"1.6\Source\WRace\MooGirlsJoins加入方式的编程\QuestNode_Root_MooGirl_OpeningPodCrash.cs","69","FieldOrLocalAssignment","apparelTags","pawn.kindDef.apparelTags.ToList()","List<string> apparelTags = pawn.kindDef.apparelTags.ToList();"
"1.6\Source\WRace\MooGirlsJoins加入方式的编程\QuestNode_Root_MooGirl_OpeningPodCrash.cs","82","NumericLiteral","","0","if (candidates.Count > 0)"
"1.6\Source\WRace\MooGirlsJoins加入方式的编程\QuestNode_Root_MooGirl_OpeningPodCrash.cs","85","FieldOrLocalAssignment","chosenDef","candidates.RandomElement()","ThingDef chosenDef = candidates.RandomElement();"
"1.6\Source\WRace\MooGirlsJoins加入方式的编程\QuestNode_Root_MooGirl_OpeningPodCrash.cs","90","FieldOrLocalAssignment","stuff","GenStuff.RandomStuffFor(chosenDef)","ThingDef stuff = GenStuff.RandomStuffFor(chosenDef);"
"1.6\Source\WRace\MooGirlsJoins加入方式的编程\QuestNode_Root_MooGirl_OpeningPodCrash.cs","99","FieldOrLocalAssignment","shouldLock","newApparel is AdvancedSlaveApparel || newApparel is BrainWashSlaveApparel","bool shouldLock = newApparel is AdvancedSlaveApparel || newApparel is BrainWashSlaveApparel;"
"1.6\Source\WRace\MooGirlsJoins加入方式的编程\QuestNode_Root_MooGirl_OpeningPodCrash.cs","128","FieldOrLocalAssignment","fixedAgeTicks","(long)(OpeningPodPawnAgeYears * GenDate.TicksPerYear)","long fixedAgeTicks = (long)(OpeningPodPawnAgeYears * GenDate.TicksPerYear);"
"1.6\Source\WRace\MooGirlsJoins加入方式的编程\QuestNode_Root_MooGirl_OpeningPodCrash.cs","135","NumericLiteral","","0","for (int i = 0; i < MaxFactionlessGenerationAttempts; i++)"
"1.6\Source\WRace\MooGirlsJoins加入方式的编程\QuestNode_Root_MooGirl_OpeningPodCrash.cs","137","FieldOrLocalAssignment","pawn","PawnGenerator.GeneratePawn(request)","Pawn pawn = PawnGenerator.GeneratePawn(request);"
"1.6\Source\WRace\MooGirlsJoins加入方式的编程\QuestNode_Root_MooGirl_OpeningPodCrash.cs","146","MessageOrLog","","","Log.Error(""[MooGirl] Failed to generate a factionless opening pod pawn after """
"1.6\Source\WRace\MooGirlsJoins加入方式的编程\QuestNode_Root_MooGirl_OpeningPodCrash.cs","169","NumericLiteral","","0","if (quest == null || map == null || pawns == null || pawns.Length == 0)"
"1.6\Source\WRace\MooGirlsJoins加入方式的编程\QuestNode_Root_MooGirl_OpeningPodCrash.cs","191","FieldOrLocalAssignment","quest","QuestGen.quest","Quest quest = QuestGen.quest;"
"1.6\Source\WRace\MooGirlsJoins加入方式的编程\QuestNode_Root_MooGirl_OpeningPodCrash.cs","192","FieldOrLocalAssignment","slate","QuestGen.slate","Slate slate = QuestGen.slate;"
"1.6\Source\WRace\MooGirlsJoins加入方式的编程\QuestNode_Root_MooGirl_OpeningPodCrash.cs","197","FieldOrLocalAssignment","canBeSpace","CanBeSpace","bool canBeSpace = CanBeSpace;"
"1.6\Source\WRace\MooGirlsJoins加入方式的编程\QuestNode_Root_MooGirl_OpeningPodCrash.cs","208","FieldOrLocalAssignment","pawnCount","2","int pawnCount = 2;"
"1.6\Source\WRace\MooGirlsJoins加入方式的编程\QuestNode_Root_MooGirl_OpeningPodCrash.cs","208","NumericLiteral","","2","int pawnCount = 2;"
"1.6\Source\WRace\MooGirlsJoins加入方式的编程\QuestNode_Root_MooGirl_OpeningPodCrash.cs","209","FieldOrLocalAssignment","pawns","new Pawn[pawnCount]","Pawn[] pawns = new Pawn[pawnCount];"
"1.6\Source\WRace\MooGirlsJoins加入方式的编程\QuestNode_Root_MooGirl_OpeningPodCrash.cs","210","NumericLiteral","","0","for (int i = 0; i < pawnCount; i++)"
"1.6\Source\WRace\MooGirlsJoins加入方式的编程\QuestNode_Root_MooGirl_OpeningPodCrash.cs","225","FieldOrLocalAssignment","inSignalRescued","QuestGenUtility.HardcodedSignalWithQuestID(""pawns.Rescued"")","string inSignalRescued = QuestGenUtility.HardcodedSignalWithQuestID(""pawns.Rescued"");"
"1.6\Source\WRace\MooGirlsJoins加入方式的编程\QuestNode_Root_MooGirl_OpeningPodCrash.cs","226","FieldOrLocalAssignment","inSignalKilled","QuestGenUtility.HardcodedSignalWithQuestID(""pawns.Killed"")","string inSignalKilled = QuestGenUtility.HardcodedSignalWithQuestID(""pawns.Killed"");"
"1.6\Source\WRace\MooGirlsJoins加入方式的编程\QuestNode_Root_MooGirl_OpeningPodCrash.cs","227","FieldOrLocalAssignment","inSignalLeftBehind","QuestGenUtility.HardcodedSignalWithQuestID(""pawns.LeftBehind"")","string inSignalLeftBehind = QuestGenUtility.HardcodedSignalWithQuestID(""pawns.LeftBehind"");"
"1.6\Source\WRace\MooGirlsJoins加入方式的编程\QuestNode_Root_MooGirl_OpeningPodCrash.cs","228","FieldOrLocalAssignment","inSignalRecruited","QuestGenUtility.HardcodedSignalWithQuestID(""pawns.Recruited"")","string inSignalRecruited = QuestGenUtility.HardcodedSignalWithQuestID(""pawns.Recruited"");"
"1.6\Source\WRace\MooGirlsJoins加入方式的编程\QuestNode_Root_MooGirl_OpeningPodCrash.cs","239","NumericLiteral","","0","quest.End(QuestEndOutcome.Fail, 0, null, inSignalKilled);"
"1.6\Source\WRace\MooGirlsJoins加入方式的编程\QuestNode_Root_MooGirl_OpeningPodCrash.cs","242","NumericLiteral","","0","quest.End(QuestEndOutcome.Fail, 0, null, inSignalLeftBehind);"
"1.6\Source\WRace\MooGirlsJoins加入方式的编程\QuestNode_Root_MooGirl_OpeningPodCrash.cs","248","FieldOrLocalAssignment","label","""MooGirl.LetterLabelOpeningPodCrash"".Translate()","TaggedString label = ""MooGirl.LetterLabelOpeningPodCrash"".Translate();"
"1.6\Source\WRace\MooGirlsJoins加入方式的编程\QuestNode_Root_MooGirl_OpeningPodCrash.cs","248","TranslateKey","","MooGirl.LetterLabelOpeningPodCrash","TaggedString label = ""MooGirl.LetterLabelOpeningPodCrash"".Translate();"
"1.6\Source\WRace\MooGirlsJoins加入方式的编程\QuestNode_Root_MooGirl_OpeningPodCrash.cs","249","FieldOrLocalAssignment","text","""""","TaggedString text = """";"
"1.6\Source\WRace\MooGirlsJoins加入方式的编程\QuestNode_Root_MooGirl_OpeningPodCrash.cs","252","NumericLiteral","","1","if (pawns.Length > 1)"
"1.6\Source\WRace\MooGirlsJoins加入方式的编程\QuestNode_Root_MooGirl_OpeningPodCrash.cs","261","TranslateKey","","MooGirl.OpeningPodCrash","text += ""MooGirl.OpeningPodCrash"".Translate(pawn.Named(""PAWN"")).AdjustedFor(pawn, ""PAWN"", true);"
"1.6\Source\WRace\MooGirlsJoins加入方式的编程\QuestNode_Root_MooGirl_OpeningPodCrash.cs","266","TranslateKey","","MooGirl.OpeningPodCrash_Factionless","text += ""MooGirl.OpeningPodCrash_Factionless"".Translate(pawn.Named(""PAWN"")).AdjustedFor(pawn, ""PAWN"", true);"
"1.6\Source\WRace\MooGirlsJoins加入方式的编程\QuestNode_Root_MooGirl_OpeningPodCrash.cs","268","TranslateKey","","MooGirl.OpeningPodCrash_Hostile","text += ""MooGirl.OpeningPodCrash_Hostile"".Translate(pawn.Named(""PAWN"")).AdjustedFor(pawn, ""PAWN"", true);"
"1.6\Source\WRace\MooGirlsJoins加入方式的编程\QuestNode_Root_MooGirl_OpeningPodCrash.cs","270","TranslateKey","","MooGirl.OpeningPodCrash_NonHostile","text += ""MooGirl.OpeningPodCrash_NonHostile"".Translate(pawn.Named(""PAWN"")).AdjustedFor(pawn, ""PAWN"", true);"
"1.6\Source\WRace\MooGirlsJoins加入方式的编程\QuestNode_Root_MooGirl_OpeningPodCrash.cs","275","NumericLiteral","","3600000","string arg = (pawn.ageTracker.AgeBiologicalYears * 3600000)"
"1.6\Source\WRace\MooGirlsJoins加入方式的编程\QuestNode_Root_MooGirl_OpeningPodCrash.cs","277","TranslateKey","","MooGirl.OpeningPodCrash_Child","text += ""\n\n"" + ""MooGirl.OpeningPodCrash_Child"".Translate(pawn.Named(""PAWN""), arg.Named(""AGE""));"
"1.6\Source\WRace\MooGirlsJoins加入方式的编程\QuestNode_Root_MooGirl_OpeningPodCrash.cs","281","TranslateKey","","JoinerCharityInfo","QuestNode_Root_WandererJoin_WalkIn.AppendCharityInfoToLetter(""JoinerCharityInfo"".Translate(pawn), ref text);"
"1.6\Source\WRace\MooGirlsJoins加入方式的编程\QuestNode_Root_MooGirl_OpeningPodCrash.cs","290","FieldOrLocalAssignment","lookTargets","new LookTargets(pawns)","LookTargets lookTargets = new LookTargets(pawns);"
"1.6\Source\WRace\MooGirlsJoins加入方式的编程\QuestNode_Root_MooGirl_OpeningPodCrash.cs","298","NumericLiteral","","0","null, null, null, null, 0, true"
"1.6\Source\WRace\MooGirlsJoins加入方式的编程\QuestNode_Root_MooGirl_WandererJoin_WalkIn.cs","20","FieldOrLocalAssignment","faction","null","Faction faction = null;"
"1.6\Source\WRace\MooGirlsJoins加入方式的编程\QuestNode_Root_MooGirl_WandererJoin_WalkIn.cs","27","NumericLiteral","","-1","-1, // 随机种子"
"1.6\Source\WRace\MooGirlsJoins加入方式的编程\QuestNode_Root_MooGirl_WandererJoin_WalkIn.cs","42","FieldOrLocalAssignment","pawn","PawnGenerator.GeneratePawn(request)","Pawn pawn = PawnGenerator.GeneratePawn(request);"
"1.6\Source\WRace\MooGirlsJoins加入方式的编程\QuestNode_Root_MooGirl_WandererJoin_WalkIn.cs","45","FieldOrLocalAssignment","allowApparelRequirements","false","bool allowApparelRequirements = false;"
"1.6\Source\WRace\MooGirlsJoins加入方式的编程\QuestNode_Root_MooGirl_WandererJoin_WalkIn.cs","59","NumericLiteral","","0","if (allowApparelRequirements && pawn.kindDef.apparelTags != null && pawn.kindDef.apparelTags.Count > 0)"
"1.6\Source\WRace\MooGirlsJoins加入方式的编程\QuestNode_Root_MooGirl_WandererJoin_WalkIn.cs","61","FieldOrLocalAssignment","apparelTags","pawn.kindDef.apparelTags.ToList()","List<string> apparelTags = pawn.kindDef.apparelTags.ToList();"
"1.6\Source\WRace\MooGirlsJoins加入方式的编程\QuestNode_Root_MooGirl_WandererJoin_WalkIn.cs","74","NumericLiteral","","0","if (candidates.Count > 0)"
"1.6\Source\WRace\MooGirlsJoins加入方式的编程\QuestNode_Root_MooGirl_WandererJoin_WalkIn.cs","77","FieldOrLocalAssignment","chosenDef","candidates.RandomElement()","ThingDef chosenDef = candidates.RandomElement();"
"1.6\Source\WRace\MooGirlsJoins加入方式的编程\QuestNode_Root_MooGirl_WandererJoin_WalkIn.cs","83","FieldOrLocalAssignment","stuff","GenStuff.RandomStuffFor(chosenDef)","ThingDef stuff = GenStuff.RandomStuffFor(chosenDef);"
"1.6\Source\WRace\MooGirlsJoins加入方式的编程\QuestNode_Root_MooGirl_WandererJoin_WalkIn.cs","92","FieldOrLocalAssignment","shouldLock","newApparel is AdvancedSlaveApparel || newApparel is BrainWashSlaveApparel","bool shouldLock = newApparel is AdvancedSlaveApparel || newApparel is BrainWashSlaveApparel;"
"1.6\Source\WRace\MooGirlsJoins加入方式的编程\QuestNode_Root_MooGirl_WandererJoin_WalkIn.cs","115","FieldOrLocalAssignment","taggedString","""MooGirl.LetterLabelWandererJoins"".Translate(pawn.Named(""PAWN"")).AdjustedFor(pawn, ""PAWN"", true)","TaggedString taggedString = ""MooGirl.LetterLabelWandererJoins"".Translate(pawn.Named(""PAWN"")).AdjustedFor(pawn, ""PAWN"", true);"
"1.6\Source\WRace\MooGirlsJoins加入方式的编程\QuestNode_Root_MooGirl_WandererJoin_WalkIn.cs","115","TranslateKey","","MooGirl.LetterLabelWandererJoins","TaggedString taggedString = ""MooGirl.LetterLabelWandererJoins"".Translate(pawn.Named(""PAWN"")).AdjustedFor(pawn, ""PAWN"", true);"
"1.6\Source\WRace\MooGirlsJoins加入方式的编程\QuestNode_Root_MooGirl_WandererJoin_WalkIn.cs","116","FieldOrLocalAssignment","taggedString2","""MooGirl.LetterWandererJoins"".Translate(pawn.Named(""PAWN"")).AdjustedFor(pawn, ""PAWN"", true)","TaggedString taggedString2 = ""MooGirl.LetterWandererJoins"".Translate(pawn.Named(""PAWN"")).AdjustedFor(pawn, ""PAWN"", true);"
"1.6\Source\WRace\MooGirlsJoins加入方式的编程\QuestNode_Root_MooGirl_WandererJoin_WalkIn.cs","116","TranslateKey","","MooGirl.LetterWandererJoins","TaggedString taggedString2 = ""MooGirl.LetterWandererJoins"".Translate(pawn.Named(""PAWN"")).AdjustedFor(pawn, ""PAWN"", true);"
"1.6\Source\WRace\MooGirlsJoins加入方式的编程\QuestNode_Root_MooGirl_WandererJoin_WalkIn.cs","119","TranslateKey","","JoinerCharityInfo","QuestNode_Root_WandererJoin_WalkIn.AppendCharityInfoToLetter(""JoinerCharityInfo"".Translate(pawn), ref taggedString);"
"1.6\Source\WRace\MooGirlsJoins加入方式的编程\QuestNode_Root_MooGirl_WandererJoin_WalkIn.cs","127","FieldOrLocalAssignment","text","(pawn.ageTracker.AgeBiologicalYears * 3600000).ToStringTicksToPeriod(true, false, true, true, false)","string text = (pawn.ageTracker.AgeBiologicalYears * 3600000).ToStringTicksToPeriod(true, false, true, true, false);"
"1.6\Source\WRace\MooGirlsJoins加入方式的编程\QuestNode_Root_MooGirl_WandererJoin_WalkIn.cs","127","NumericLiteral","","3600000","string text = (pawn.ageTracker.AgeBiologicalYears * 3600000).ToStringTicksToPeriod(true, false, true, true, false);"
"1.6\Source\WRace\MooGirlsJoins加入方式的编程\QuestNode_Root_MooGirl_WandererJoin_WalkIn.cs","128","TranslateKey","","MooGirl.RefugeePodCrash_Child","taggedString2 += ""\n\n"" + ""MooGirl.RefugeePodCrash_Child"".Translate(pawn.Named(""PAWN""), text.Named(""AGE""));"
"1.6\Source\WRace\MooGirlsJoins加入方式的编程\QuestNode_Root_MooGirl_WandererJoin_WalkIn.cs","135","FieldOrLocalAssignment","choiceLetter_AcceptJoiner","(ChoiceLetter_AcceptJoiner)LetterMaker.MakeLetter(taggedString, taggedString2, LetterDefOf.AcceptJoiner, null, null)","ChoiceLetter_AcceptJoiner choiceLetter_AcceptJoiner = (ChoiceLetter_AcceptJoiner)LetterMaker.MakeLetter(taggedString, taggedString2, LetterDefOf.AcceptJoiner, null, null);"
"1.6\Source\WRace\MooGirlsJoins加入方式的编程\QuestNode_Root_MooGirl_WandererJoin_WalkIn.cs","140","NumericLiteral","","60000","choiceLetter_AcceptJoiner.StartTimeout(60000); // 设置超时时间"
"1.6\Source\WRace\MooGirlsJoins加入方式的编程\QuestNode_Root_MooGirl_WandererJoin_WalkIn.cs","143","NumericLiteral","","0","Find.LetterStack.ReceiveLetter(choiceLetter_AcceptJoiner, null, 0, true);"
"1.6\Source\WRace\MooGirlsJoins加入方式的编程\QuestPart_CourierRaid.cs","19","ConstAssignment","ConversationWaitTicks","2 * 60000","private const int ConversationWaitTicks = 2 * 60000;"
"1.6\Source\WRace\MooGirlsJoins加入方式的编程\QuestPart_CourierRaid.cs","19","NumericLiteral","","2","private const int ConversationWaitTicks = 2 * 60000;"
"1.6\Source\WRace\MooGirlsJoins加入方式的编程\QuestPart_CourierRaid.cs","19","NumericLiteral","","60000","private const int ConversationWaitTicks = 2 * 60000;"
"1.6\Source\WRace\MooGirlsJoins加入方式的编程\QuestPart_CourierRaid.cs","38","MessageOrLog","","","Log.Warning(""[MooGirl] CourierRaid spawn aborted: map is null."");"
"1.6\Source\WRace\MooGirlsJoins加入方式的编程\QuestPart_CourierRaid.cs","43","MessageOrLog","","","Log.Warning(""[MooGirl] CourierRaid spawn aborted: faction is null."");"
"1.6\Source\WRace\MooGirlsJoins加入方式的编程\QuestPart_CourierRaid.cs","46","NumericLiteral","","0f","if (!spawnCell.IsValid && !RCellFinder.TryFindRandomPawnEntryCell(out spawnCell, map, 0f))"
"1.6\Source\WRace\MooGirlsJoins加入方式的编程\QuestPart_CourierRaid.cs","48","MessageOrLog","","","Log.Warning(""[MooGirl] CourierRaid spawn aborted: no valid spawn cell."");"
"1.6\Source\WRace\MooGirlsJoins加入方式的编程\QuestPart_CourierRaid.cs","52","FieldOrLocalAssignment","courierFaction","faction != null && !faction.HostileTo(Faction.OfPlayer) ? faction : null","Faction courierFaction = faction != null && !faction.HostileTo(Faction.OfPlayer) ? faction : null;"
"1.6\Source\WRace\MooGirlsJoins加入方式的编程\QuestPart_CourierRaid.cs","64","NumericLiteral","","1","AddToInventory(courier, AiGenerated_DefOf.MooGirl_CourierDiary, 1);"
"1.6\Source\WRace\MooGirlsJoins加入方式的编程\QuestPart_CourierRaid.cs","65","NumericLiteral","","6","AddToInventory(courier, AiGenerated_DefOf.MooGirl_SlaveApperalKey_Medieval, 6);"
"1.6\Source\WRace\MooGirlsJoins加入方式的编程\QuestPart_CourierRaid.cs","66","NumericLiteral","","4","AddToInventory(courier, AiGenerated_DefOf.MooGirl_SlaveApperalKey_Industrial, 4);"
"1.6\Source\WRace\MooGirlsJoins加入方式的编程\QuestPart_CourierRaid.cs","76","TranslateKey","","MooGirl.CourierContactLetterLabel","""MooGirl.CourierContactLetterLabel"".Translate(),"
"1.6\Source\WRace\MooGirlsJoins加入方式的编程\QuestPart_CourierRaid.cs","77","TranslateKey","","MooGirl.CourierContactLetterText","""MooGirl.CourierContactLetterText"".Translate(),"
"1.6\Source\WRace\MooGirlsJoins加入方式的编程\QuestPart_CourierRaid.cs","85","NumericLiteral","","0","if (pawn == null || thingDef == null || count <= 0) return;"
"1.6\Source\WRace\MooGirlsJoins加入方式的编程\QuestPart_CourierRaid.cs","86","FieldOrLocalAssignment","thing","ThingMaker.MakeThing(thingDef)","Thing thing = ThingMaker.MakeThing(thingDef);"
"1.6\Source\WRace\MooGirlsJoins加入方式的编程\QuestPart_CourierRaid.cs","128","TranslateKey","","MooGirl.CourierAlreadyResolved","Messages.Message(""MooGirl.CourierAlreadyResolved"".Translate(), MessageTypeDefOf.RejectInput);"
"1.6\Source\WRace\MooGirlsJoins加入方式的编程\QuestPart_CourierRaid.cs","128","MessageOrLog","","","Messages.Message(""MooGirl.CourierAlreadyResolved"".Translate(), MessageTypeDefOf.RejectInput);"
"1.6\Source\WRace\MooGirlsJoins加入方式的编程\QuestPart_CourierRaid.cs","133","TranslateKey","","MooGirl.CourierDialogText","""MooGirl.CourierDialogText"".Translate(courier.Named(""COURIER""), negotiator.Named(""NEGOTIATOR"")),"
"1.6\Source\WRace\MooGirlsJoins加入方式的编程\QuestPart_CourierRaid.cs","134","TranslateKey","","MooGirl.CourierDialogFight","""MooGirl.CourierDialogFight"".Translate(),"
"1.6\Source\WRace\MooGirlsJoins加入方式的编程\QuestPart_CourierRaid.cs","136","TranslateKey","","MooGirl.CourierDialogLeaveItems","""MooGirl.CourierDialogLeaveItems"".Translate(),"
"1.6\Source\WRace\MooGirlsJoins加入方式的编程\QuestPart_CourierRaid.cs","138","TranslateKey","","MooGirl.CourierDialogTitle","""MooGirl.CourierDialogTitle"".Translate(),"
"1.6\Source\WRace\MooGirlsJoins加入方式的编程\QuestPart_CourierRaid.cs","166","TranslateKey","","MooGirl.CourierItemsDroppedMessage","Messages.Message(""MooGirl.CourierItemsDroppedMessage"".Translate(courier.Named(""COURIER"")), courier, MessageTypeDefOf.PositiveEvent);"
"1.6\Source\WRace\MooGirlsJoins加入方式的编程\QuestPart_CourierRaid.cs","166","MessageOrLog","","","Messages.Message(""MooGirl.CourierItemsDroppedMessage"".Translate(courier.Named(""COURIER"")), courier, MessageTypeDefOf.PositiveEvent);"
"1.6\Source\WRace\MooGirlsJoins加入方式的编程\QuestPart_CourierRaid.cs","184","TranslateKey","","MooGirl.CourierFightReason","""MooGirl.CourierFightReason"".Translate(),"
"1.6\Source\WRace\MooGirlsJoins加入方式的编程\QuestPart_CourierRaid.cs","189","TranslateKey","","MooGirl.CourierFightMessage","Messages.Message(""MooGirl.CourierFightMessage"".Translate(courier.Named(""COURIER"")), courier, MessageTypeDefOf.ThreatSmall);"
"1.6\Source\WRace\MooGirlsJoins加入方式的编程\QuestPart_CourierRaid.cs","189","MessageOrLog","","","Messages.Message(""MooGirl.CourierFightMessage"".Translate(courier.Named(""COURIER"")), courier, MessageTypeDefOf.ThreatSmall);"
"1.6\Source\WRace\MooGirlsJoins加入方式的编程\QuestPart_CourierRaid.cs","205","FieldOrLocalAssignment","lord","courier.GetLord()","Lord lord = courier.GetLord();"
"1.6\Source\WRace\MooGirlsJoins加入方式的编程\QuestPart_CourierRaid.cs","211","FieldOrLocalAssignment","quests","Find.QuestManager.QuestsListForReading","List<Quest> quests = Find.QuestManager.QuestsListForReading;"
"1.6\Source\WRace\MooGirlsJoins加入方式的编程\QuestPart_CourierRaid.cs","212","NumericLiteral","","0","for (int i = 0; i < quests.Count; i++)"
"1.6\Source\WRace\MooGirlsJoins加入方式的编程\QuestPart_CourierRaid.cs","214","FieldOrLocalAssignment","quest","quests[i]","Quest quest = quests[i];"
"1.6\Source\WRace\MooGirlsJoins加入方式的编程\QuestPart_CourierRaid.cs","220","FieldOrLocalAssignment","parts","quest.PartsListForReading","List<QuestPart> parts = quest.PartsListForReading;"
"1.6\Source\WRace\MooGirlsJoins加入方式的编程\QuestPart_CourierRaid.cs","221","NumericLiteral","","0","for (int j = 0; j < parts.Count; j++)"
"1.6\Source\WRace\MooGirlsJoins加入方式的编程\QuestPart_CourierRaid.cs","247","FieldOrLocalAssignment","actor","context.FirstSelectedPawn","Pawn actor = context.FirstSelectedPawn;"
"1.6\Source\WRace\MooGirlsJoins加入方式的编程\QuestPart_CourierRaid.cs","254","TranslateKey","","MooGirl.CourierTalkOption","new FloatMenuOption(""MooGirl.CourierTalkOption"".Translate(clickedPawn.Named(""COURIER"")), () =>"
"1.6\Source\WRace\MooGirlsJoins加入方式的编程\QuestPart_CourierRaid.cs","256","FieldOrLocalAssignment","job","JobMaker.MakeJob(AiGenerated_DefOf.MooGirl_TalkCourier, clickedPawn)","Job job = JobMaker.MakeJob(AiGenerated_DefOf.MooGirl_TalkCourier, clickedPawn);"
"1.6\Source\WRace\MooGirlsJoins加入方式的编程\QuestPart_CourierRaid.cs","265","TranslateKey","","MooGirl.CourierTalkCannotReach","option.Label = option.Label + "" ("" + ""MooGirl.CourierTalkCannotReach"".Translate() + "")"";"
"1.6\Source\WRace\MooGirlsJoins加入方式的编程\QuestPart_CourierRaid.cs","274","FieldOrLocalAssignment","Courier","> (Pawn)job.GetTarget(TargetIndex.A).Thing","private Pawn Courier => (Pawn)job.GetTarget(TargetIndex.A).Thing;"
"1.6\Source\WRace\MooGirlsJoins加入方式的编程\QuestPart_CourierRaid.cs","278","NumericLiteral","","1","return pawn.Reserve(Courier, job, 1, -1, null, errorOnFailed);"
"1.6\Source\WRace\MooGirlsJoins加入方式的编程\QuestPart_CourierRaid.cs","278","NumericLiteral","","-1","return pawn.Reserve(Courier, job, 1, -1, null, errorOnFailed);"
"1.6\Source\WRace\MooGirlsJoins加入方式的编程\QuestPart_CourierRaid.cs","296","ConstAssignment","SteelDemand","6000","private const int SteelDemand = 6000;"
"1.6\Source\WRace\MooGirlsJoins加入方式的编程\QuestPart_CourierRaid.cs","296","NumericLiteral","","6000","private const int SteelDemand = 6000;"
"1.6\Source\WRace\MooGirlsJoins加入方式的编程\QuestPart_CourierRaid.cs","297","ConstAssignment","ComponentDemand","300","private const int ComponentDemand = 300;"
"1.6\Source\WRace\MooGirlsJoins加入方式的编程\QuestPart_CourierRaid.cs","297","NumericLiteral","","300","private const int ComponentDemand = 300;"
"1.6\Source\WRace\MooGirlsJoins加入方式的编程\QuestPart_CourierRaid.cs","331","MessageOrLog","","","Messages.Message(""已向巨型企业支付赔偿。"", MessageTypeDefOf.PositiveEvent);"
"1.6\Source\WRace\MooGirlsJoins加入方式的编程\QuestPart_CourierRaid.cs","334","MessageOrLog","","","Messages.Message(""赔偿物资不足，巨型企业将你们视为敌人。"", MessageTypeDefOf.NegativeEvent);"
"1.6\Source\WRace\MooGirlsJoins加入方式的编程\QuestPart_CourierRaid.cs","340","FieldOrLocalAssignment","available","0","int available = 0;"
"1.6\Source\WRace\MooGirlsJoins加入方式的编程\QuestPart_CourierRaid.cs","340","NumericLiteral","","0","int available = 0;"
"1.6\Source\WRace\MooGirlsJoins加入方式的编程\QuestPart_CourierRaid.cs","344","FieldOrLocalAssignment","things","map.listerThings.ThingsOfDef(thingDef)","List<Thing> things = map.listerThings.ThingsOfDef(thingDef);"
"1.6\Source\WRace\MooGirlsJoins加入方式的编程\QuestPart_CourierRaid.cs","345","NumericLiteral","","0","for (int i = 0; i < things.Count; i++)"
"1.6\Source\WRace\MooGirlsJoins加入方式的编程\QuestPart_CourierRaid.cs","347","FieldOrLocalAssignment","thing","things[i]","Thing thing = things[i];"
"1.6\Source\WRace\MooGirlsJoins加入方式的编程\QuestPart_CourierRaid.cs","357","FieldOrLocalAssignment","remaining","count","int remaining = count;"
"1.6\Source\WRace\MooGirlsJoins加入方式的编程\QuestPart_CourierRaid.cs","361","FieldOrLocalAssignment","things","map.listerThings.ThingsOfDef(thingDef)","List<Thing> things = map.listerThings.ThingsOfDef(thingDef);"
"1.6\Source\WRace\MooGirlsJoins加入方式的编程\QuestPart_CourierRaid.cs","362","NumericLiteral","","1","for (int i = things.Count - 1; i >= 0 && remaining > 0; i--)"
"1.6\Source\WRace\MooGirlsJoins加入方式的编程\QuestPart_CourierRaid.cs","362","NumericLiteral","","0","for (int i = things.Count - 1; i >= 0 && remaining > 0; i--)"
"1.6\Source\WRace\MooGirlsJoins加入方式的编程\QuestPart_CourierRaid.cs","362","NumericLiteral","","0","for (int i = things.Count - 1; i >= 0 && remaining > 0; i--)"
"1.6\Source\WRace\MooGirlsJoins加入方式的编程\QuestPart_CourierRaid.cs","364","FieldOrLocalAssignment","thing","things[i]","Thing thing = things[i];"
"1.6\Source\WRace\MooGirlsJoins加入方式的编程\QuestPart_CourierRaid.cs","366","FieldOrLocalAssignment","taken","System.Math.Min(remaining, thing.stackCount)","int taken = System.Math.Min(remaining, thing.stackCount);"
"1.6\Source\WRace\MooGirlsJoins加入方式的编程\QuestPart_CourierRaid.cs","367","FieldOrLocalAssignment","payment","thing.SplitOff(taken)","Thing payment = thing.SplitOff(taken);"
"1.6\Source\WRace\MooGirlsJoins加入方式的编程\QuestPart_CourierRaid.cs","371","NumericLiteral","","0","if (remaining <= 0) return;"
"1.6\Source\WRace\MooGirlsJoins加入方式的编程\QuestPart_MooGirlRescueJoin.cs","11","FieldOrLocalAssignment","pawns","new List<Pawn>()","public List<Pawn> pawns = new List<Pawn>();"
"1.6\Source\WRace\MooGirlsJoins加入方式的编程\QuestPart_MooGirlRescueJoin.cs","27","NumericLiteral","","0","for (int i = 0; i < pawns.Count; i++)"
"1.6\Source\WRace\MooGirlsJoins加入方式的编程\QuestPart_MooGirlRescueJoin.cs","67","FieldOrLocalAssignment","anyPawn","false","bool anyPawn = false;"
"1.6\Source\WRace\MooGirlsJoins加入方式的编程\QuestPart_MooGirlRescueJoin.cs","68","NumericLiteral","","0","for (int i = 0; i < pawns.Count; i++)"
"1.6\Source\WRace\MooGirlsJoins加入方式的编程\QuestPart_MooGirlRescueJoin.cs","70","FieldOrLocalAssignment","pawn","pawns[i]","Pawn pawn = pawns[i];"
"1.6\Source\WRace\MooGirlsJoins加入方式的编程\StockGenerator_MooGirl_Slaves.cs","11","FieldOrLocalAssignment","slaveCountRange","new IntRange(1, 8)","public IntRange slaveCountRange = new IntRange(1, 8);"
"1.6\Source\WRace\MooGirlsJoins加入方式的编程\StockGenerator_MooGirl_Slaves.cs","11","NumericLiteral","","1","public IntRange slaveCountRange = new IntRange(1, 8);"
"1.6\Source\WRace\MooGirlsJoins加入方式的编程\StockGenerator_MooGirl_Slaves.cs","11","NumericLiteral","","8","public IntRange slaveCountRange = new IntRange(1, 8);"
"1.6\Source\WRace\MooGirlsJoins加入方式的编程\StockGenerator_MooGirl_Slaves.cs","21","FieldOrLocalAssignment","approved","faction.ideos.AllIdeos.All(ideo => ideo.IdeoApprovesOfSlavery())","bool approved = faction.ideos.AllIdeos.All(ideo => ideo.IdeoApprovesOfSlavery());"
"1.6\Source\WRace\MooGirlsJoins加入方式的编程\StockGenerator_MooGirl_Slaves.cs","27","FieldOrLocalAssignment","count","slaveCountRange.RandomInRange","int count = slaveCountRange.RandomInRange;"
"1.6\Source\WRace\MooGirlsJoins加入方式的编程\StockGenerator_MooGirl_Slaves.cs","29","NumericLiteral","","0","for (int i = 0; i < count; i++)"
"1.6\Source\WRace\MooGirlsJoins加入方式的编程\StockGenerator_MooGirl_Slaves.cs","37","FieldOrLocalAssignment","kind","this.slaveKindDef ?? MooGirl_DefOf.MooGirl_Slave","PawnKindDef kind = this.slaveKindDef ?? MooGirl_DefOf.MooGirl_Slave;"
"1.6\Source\WRace\MooGirlsJoins加入方式的编程\StockGenerator_MooGirl_Slaves.cs","50","NumericLiteral","","1f","colonistRelationChanceFactor: 1f,"
"1.6\Source\WRace\MooGirlsJoins加入方式的编程\StockGenerator_MooGirl_Slaves.cs","60","NumericLiteral","","0f","biocodeWeaponChance: 0f,"
"1.6\Source\WRace\MooGirlsJoins加入方式的编程\StockGenerator_MooGirl_Slaves.cs","61","NumericLiteral","","0f","biocodeApparelChance: 0f,"
"1.6\Source\WRace\MooGirlsJoins加入方式的编程\StockGenerator_MooGirl_Slaves.cs","63","NumericLiteral","","1f","relationWithExtraPawnChanceFactor: 1f,"
"1.6\Source\WRace\MooGirlsJoins加入方式的编程\StockGenerator_MooGirl_Slaves.cs","71","FieldOrLocalAssignment","pawn","PawnGenerator.GeneratePawn(request)","Pawn pawn = PawnGenerator.GeneratePawn(request);"
"1.6\Source\WRace\MooGirlsJoins加入方式的编程\StockGenerator_MooGirl_Slaves.cs","83","NumericLiteral","","0","if (pawn.kindDef.apparelTags == null || pawn.kindDef.apparelTags.Count == 0)"
"1.6\Source\WRace\MooGirlsJoins加入方式的编程\StockGenerator_MooGirl_Slaves.cs","86","FieldOrLocalAssignment","hasPreventMeme","false","bool hasPreventMeme = false;"
"1.6\Source\WRace\MooGirlsJoins加入方式的编程\StockGenerator_MooGirl_Slaves.cs","103","FieldOrLocalAssignment","apparelTags","pawn.kindDef.apparelTags.ToList()","List<string> apparelTags = pawn.kindDef.apparelTags.ToList();"
"1.6\Source\WRace\MooGirlsJoins加入方式的编程\StockGenerator_MooGirl_Slaves.cs","115","NumericLiteral","","0","if (candidates.Count > 0)"
"1.6\Source\WRace\MooGirlsJoins加入方式的编程\StockGenerator_MooGirl_Slaves.cs","117","FieldOrLocalAssignment","chosenDef","candidates.RandomElement()","ThingDef chosenDef = candidates.RandomElement();"
"1.6\Source\WRace\MooGirlsJoins加入方式的编程\StockGenerator_MooGirl_Slaves.cs","122","FieldOrLocalAssignment","stuff","GenStuff.RandomStuffFor(chosenDef)","ThingDef stuff = GenStuff.RandomStuffFor(chosenDef);"
"1.6\Source\WRace\MooGirlsJoins加入方式的编程\StockGenerator_MooGirl_Slaves.cs","131","FieldOrLocalAssignment","shouldLock","newApparel is AdvancedSlaveApparel || newApparel is BrainWashSlaveApparel","bool shouldLock = newApparel is AdvancedSlaveApparel || newApparel is BrainWashSlaveApparel;"
"1.6\Source\WRace\Mounting骑乘系统的编程\Comp_MooGirlMount.cs","19","FieldOrLocalAssignment","turretAimTarget","LocalTargetInfo.Invalid","internal LocalTargetInfo turretAimTarget = LocalTargetInfo.Invalid;"
"1.6\Source\WRace\Mounting骑乘系统的编程\Comp_MooGirlMount.cs","22","FieldOrLocalAssignment","turretCastStartTick","-1","internal int turretCastStartTick = -1;"
"1.6\Source\WRace\Mounting骑乘系统的编程\Comp_MooGirlMount.cs","22","NumericLiteral","","-1","internal int turretCastStartTick = -1;"
"1.6\Source\WRace\Mounting骑乘系统的编程\Comp_MooGirlMount.cs","23","FieldOrLocalAssignment","turretLastAttackedTarget","LocalTargetInfo.Invalid","internal LocalTargetInfo turretLastAttackedTarget = LocalTargetInfo.Invalid;"
"1.6\Source\WRace\Mounting骑乘系统的编程\Comp_MooGirlMount.cs","28","FieldOrLocalAssignment","Props","> (CompProperties_MooGirlMount)props","public CompProperties_MooGirlMount Props => (CompProperties_MooGirlMount)props;"
"1.6\Source\WRace\Mounting骑乘系统的编程\Comp_MooGirlMount.cs","30","FieldOrLocalAssignment","MooPawn","> parent as Pawn","public Pawn MooPawn => parent as Pawn;"
"1.6\Source\WRace\Mounting骑乘系统的编程\Comp_MooGirlMount.cs","32","FieldOrLocalAssignment","MountedPawn","> innerContainer?.FirstOrDefault(thing => thing is Pawn) as Pawn","public Pawn MountedPawn => innerContainer?.FirstOrDefault(thing => thing is Pawn) as Pawn;"
"1.6\Source\WRace\Mounting骑乘系统的编程\Comp_MooGirlMount.cs","34","FieldOrLocalAssignment","HasMountedPawn","> MountedPawn != null","public bool HasMountedPawn => MountedPawn != null;"
"1.6\Source\WRace\Mounting骑乘系统的编程\Comp_MooGirlMount.cs","40","FieldOrLocalAssignment","carrier","MooPawn","Pawn carrier = MooPawn;"
"1.6\Source\WRace\Mounting骑乘系统的编程\Comp_MooGirlMount.cs","46","FieldOrLocalAssignment","drawPos","carrier.DrawPos","Vector3 drawPos = carrier.DrawPos;"
"1.6\Source\WRace\Mounting骑乘系统的编程\Comp_MooGirlMount.cs","47","FieldOrLocalAssignment","headOffset","Vector3.zero","Vector3 headOffset = Vector3.zero;"
"1.6\Source\WRace\Mounting骑乘系统的编程\Comp_MooGirlMount.cs","53","FieldOrLocalAssignment","result","drawPos + headOffset + MountedPawnUtility.OffsetForRot(Props, carrier.Rotation)","Vector3 result = drawPos + headOffset + MountedPawnUtility.OffsetForRot(Props, carrier.Rotation);"
"1.6\Source\WRace\Mounting骑乘系统的编程\Comp_MooGirlMount.cs","54","FieldOrLocalAssignment","altitudeOffset","Props.riderAltitudeOffset","float altitudeOffset = Props.riderAltitudeOffset;"
"1.6\Source\WRace\Mounting骑乘系统的编程\Comp_MooGirlMount.cs","73","FieldOrLocalAssignment","carrier","MooPawn","Pawn carrier = MooPawn;"
"1.6\Source\WRace\Mounting骑乘系统的编程\Comp_MooGirlMount.cs","74","FieldOrLocalAssignment","pos","RiderDrawPos","Vector3 pos = RiderDrawPos;"
"1.6\Source\WRace\Mounting骑乘系统的编程\Comp_MooGirlMount.cs","80","NumericLiteral","","0.14f","pos += carrier.Rotation.RighthandCell.ToVector3() * 0.14f;"
"1.6\Source\WRace\Mounting骑乘系统的编程\Comp_MooGirlMount.cs","81","NumericLiteral","","0.01f","pos.y += 0.01f;"
"1.6\Source\WRace\Mounting骑乘系统的编程\Comp_MooGirlMount.cs","115","FieldOrLocalAssignment","carrier","MooPawn","Pawn carrier = MooPawn;"
"1.6\Source\WRace\Mounting骑乘系统的编程\Comp_MooGirlMount.cs","172","TranslateKey","","MooGirl.Mount.CannotMount","Messages.Message((""MooGirl.Mount.CannotMount"".Translate() + "": "" + reasonKey.Translate()).CapitalizeFirst(), rider ?? MooPawn, MessageTypeDefOf.RejectInput, historical: false);"
"1.6\Source\WRace\Mounting骑乘系统的编程\Comp_MooGirlMount.cs","172","MessageOrLog","","","Messages.Message((""MooGirl.Mount.CannotMount"".Translate() + "": "" + reasonKey.Translate()).CapitalizeFirst(), rider ?? MooPawn, MessageTypeDefOf.RejectInput, historical: false);"
"1.6\Source\WRace\Mounting骑乘系统的编程\Comp_MooGirlMount.cs","176","FieldOrLocalAssignment","carrier","MooPawn","Pawn carrier = MooPawn;"
"1.6\Source\WRace\Mounting骑乘系统的编程\Comp_MooGirlMount.cs","177","FieldOrLocalAssignment","wasSelected","Current.ProgramState == ProgramState.Playing && Find.Selector.IsSelected(rider)","bool wasSelected = Current.ProgramState == ProgramState.Playing && Find.Selector.IsSelected(rider);"
"1.6\Source\WRace\Mounting骑乘系统的编程\Comp_MooGirlMount.cs","192","TranslateKey","","MooGirl.Mount.CannotMount","Messages.Message((""MooGirl.Mount.CannotMount"".Translate() + "": "" + ""MooGirl.Mount.ReasonInvalid"".Translate()).CapitalizeFirst(), carrier, MessageTypeDefOf.RejectInput, historical: false);"
"1.6\Source\WRace\Mounting骑乘系统的编程\Comp_MooGirlMount.cs","192","TranslateKey","","MooGirl.Mount.ReasonInvalid","Messages.Message((""MooGirl.Mount.CannotMount"".Translate() + "": "" + ""MooGirl.Mount.ReasonInvalid"".Translate()).CapitalizeFirst(), carrier, MessageTypeDefOf.RejectInput, historical: false);"
"1.6\Source\WRace\Mounting骑乘系统的编程\Comp_MooGirlMount.cs","192","MessageOrLog","","","Messages.Message((""MooGirl.Mount.CannotMount"".Translate() + "": "" + ""MooGirl.Mount.ReasonInvalid"".Translate()).CapitalizeFirst(), carrier, MessageTypeDefOf.RejectInput, historical: false);"
"1.6\Source\WRace\Mounting骑乘系统的编程\Comp_MooGirlMount.cs","204","TranslateKey","","MooGirl.Mount.MountedMessage","Messages.Message(""MooGirl.Mount.MountedMessage"".Translate(rider.LabelShort, carrier.LabelShort), carrier, MessageTypeDefOf.PositiveEvent);"
"1.6\Source\WRace\Mounting骑乘系统的编程\Comp_MooGirlMount.cs","204","MessageOrLog","","","Messages.Message(""MooGirl.Mount.MountedMessage"".Translate(rider.LabelShort, carrier.LabelShort), carrier, MessageTypeDefOf.PositiveEvent);"
"1.6\Source\WRace\Mounting骑乘系统的编程\Comp_MooGirlMount.cs","211","FieldOrLocalAssignment","rider","MountedPawn","Pawn rider = MountedPawn;"
"1.6\Source\WRace\Mounting骑乘系统的编程\Comp_MooGirlMount.cs","212","FieldOrLocalAssignment","carrier","MooPawn","Pawn carrier = MooPawn;"
"1.6\Source\WRace\Mounting骑乘系统的编程\Comp_MooGirlMount.cs","218","FieldOrLocalAssignment","map","carrier.Map","Map map = carrier.Map;"
"1.6\Source\WRace\Mounting骑乘系统的编程\Comp_MooGirlMount.cs","228","TranslateKey","","MooGirl.Mount.NoDismountCell","Messages.Message(""MooGirl.Mount.NoDismountCell"".Translate(carrier.LabelShort), carrier, MessageTypeDefOf.RejectInput, historical: false);"
"1.6\Source\WRace\Mounting骑乘系统的编程\Comp_MooGirlMount.cs","228","MessageOrLog","","","Messages.Message(""MooGirl.Mount.NoDismountCell"".Translate(carrier.LabelShort), carrier, MessageTypeDefOf.RejectInput, historical: false);"
"1.6\Source\WRace\Mounting骑乘系统的编程\Comp_MooGirlMount.cs","234","FieldOrLocalAssignment","wasSelected","Current.ProgramState == ProgramState.Playing && Find.Selector.IsSelected(rider)","bool wasSelected = Current.ProgramState == ProgramState.Playing && Find.Selector.IsSelected(rider);"
"1.6\Source\WRace\Mounting骑乘系统的编程\Comp_MooGirlMount.cs","239","TranslateKey","","MooGirl.Mount.NoDismountCell","Messages.Message(""MooGirl.Mount.NoDismountCell"".Translate(carrier.LabelShort), carrier, MessageTypeDefOf.RejectInput, historical: false);"
"1.6\Source\WRace\Mounting骑乘系统的编程\Comp_MooGirlMount.cs","239","MessageOrLog","","","Messages.Message(""MooGirl.Mount.NoDismountCell"".Translate(carrier.LabelShort), carrier, MessageTypeDefOf.RejectInput, historical: false);"
"1.6\Source\WRace\Mounting骑乘系统的编程\Comp_MooGirlMount.cs","246","FieldOrLocalAssignment","droppedPawn","dropped as Pawn","Pawn droppedPawn = dropped as Pawn;"
"1.6\Source\WRace\Mounting骑乘系统的编程\Comp_MooGirlMount.cs","249","NumericLiteral","","60","PawnUtility.ForceWait(droppedPawn, 60, carrier);"
"1.6\Source\WRace\Mounting骑乘系统的编程\Comp_MooGirlMount.cs","260","TranslateKey","","MooGirl.Mount.DismountedMessage","Messages.Message(""MooGirl.Mount.DismountedMessage"".Translate(rider.LabelShort, carrier.LabelShort), carrier, MessageTypeDefOf.NeutralEvent);"
"1.6\Source\WRace\Mounting骑乘系统的编程\Comp_MooGirlMount.cs","260","MessageOrLog","","","Messages.Message(""MooGirl.Mount.DismountedMessage"".Translate(rider.LabelShort, carrier.LabelShort), carrier, MessageTypeDefOf.NeutralEvent);"
"1.6\Source\WRace\Mounting骑乘系统的编程\Comp_MooGirlMount.cs","269","FieldOrLocalAssignment","rider","MountedPawn","Pawn rider = MountedPawn;"
"1.6\Source\WRace\Mounting骑乘系统的编程\Comp_MooGirlMount.cs","275","FieldOrLocalAssignment","wasSelected","Current.ProgramState == ProgramState.Playing && Find.Selector.IsSelected(rider)","bool wasSelected = Current.ProgramState == ProgramState.Playing && Find.Selector.IsSelected(rider);"
"1.6\Source\WRace\Mounting骑乘系统的编程\Comp_MooGirlMount.cs","282","FieldOrLocalAssignment","droppedPawn","dropped as Pawn","Pawn droppedPawn = dropped as Pawn;"
"1.6\Source\WRace\Mounting骑乘系统的编程\Comp_MooGirlMount.cs","285","NumericLiteral","","60","PawnUtility.ForceWait(droppedPawn, 60, MooPawn);"
"1.6\Source\WRace\Mounting骑乘系统的编程\Comp_MooGirlMount.cs","300","FieldOrLocalAssignment","rider","MountedPawn","Pawn rider = MountedPawn;"
"1.6\Source\WRace\Mounting骑乘系统的编程\Comp_MooGirlMount.cs","315","FieldOrLocalAssignment","tickDelta","physiologicalTickCounter","int tickDelta = physiologicalTickCounter;"
"1.6\Source\WRace\Mounting骑乘系统的编程\Comp_MooGirlMount.cs","316","NumericLiteral","","0","physiologicalTickCounter = 0;"
"1.6\Source\WRace\Mounting骑乘系统的编程\Comp_MooGirlMount.cs","327","NumericLiteral","","0","safetyTickCounter = 0;"
"1.6\Source\WRace\Mounting骑乘系统的编程\Comp_MooGirlMount.cs","330","FieldOrLocalAssignment","reason","reasonKey.NullOrEmpty() ? ""MooGirl.Mount.ReasonInvalid"".Translate().ToString() : reasonKey.Translate().ToString()","string reason = reasonKey.NullOrEmpty() ? ""MooGirl.Mount.ReasonInvalid"".Translate().ToString() : reasonKey.Translate().ToString();"
"1.6\Source\WRace\Mounting骑乘系统的编程\Comp_MooGirlMount.cs","330","TranslateKey","","MooGirl.Mount.ReasonInvalid","string reason = reasonKey.NullOrEmpty() ? ""MooGirl.Mount.ReasonInvalid"".Translate().ToString() : reasonKey.Translate().ToString();"
"1.6\Source\WRace\Mounting骑乘系统的编程\Comp_MooGirlMount.cs","333","TranslateKey","","MooGirl.Mount.AutoDismountMessage","Messages.Message(""MooGirl.Mount.AutoDismountMessage"".Translate(rider.LabelShort, reason), MooPawn, MessageTypeDefOf.NeutralEvent);"
"1.6\Source\WRace\Mounting骑乘系统的编程\Comp_MooGirlMount.cs","333","MessageOrLog","","","Messages.Message(""MooGirl.Mount.AutoDismountMessage"".Translate(rider.LabelShort, reason), MooPawn, MessageTypeDefOf.NeutralEvent);"
"1.6\Source\WRace\Mounting骑乘系统的编程\Comp_MooGirlMount.cs","342","FieldOrLocalAssignment","tickDelta","turretTickCounter","int tickDelta = turretTickCounter;"
"1.6\Source\WRace\Mounting骑乘系统的编程\Comp_MooGirlMount.cs","343","NumericLiteral","","0","turretTickCounter = 0;"
"1.6\Source\WRace\Mounting骑乘系统的编程\Comp_MooGirlMount.cs","349","NumericLiteral","","0","riderMeleeTickCounter = 0;"
"1.6\Source\WRace\Mounting骑乘系统的编程\Comp_MooGirlMount.cs","379","FieldOrLocalAssignment","rider","MountedPawn","Pawn rider = MountedPawn;"
"1.6\Source\WRace\Mounting骑乘系统的编程\Comp_MooGirlMount.cs","393","ScribeDefault","fireAtWill","Props?.turretFireAtWillDefault ?? true","Scribe_Values.Look(ref fireAtWill, ""fireAtWill"", Props?.turretFireAtWillDefault ?? true);"
"1.6\Source\WRace\Mounting骑乘系统的编程\Comp_MooGirlMount.cs","394","ScribeDefault","physiologicalTickCounter","0","Scribe_Values.Look(ref physiologicalTickCounter, ""physiologicalTickCounter"", 0);"
"1.6\Source\WRace\Mounting骑乘系统的编程\Comp_MooGirlMount.cs","394","NumericLiteral","","0","Scribe_Values.Look(ref physiologicalTickCounter, ""physiologicalTickCounter"", 0);"
"1.6\Source\WRace\Mounting骑乘系统的编程\Comp_MooGirlMount.cs","395","ScribeDefault","safetyTickCounter","0","Scribe_Values.Look(ref safetyTickCounter, ""safetyTickCounter"", 0);"
"1.6\Source\WRace\Mounting骑乘系统的编程\Comp_MooGirlMount.cs","395","NumericLiteral","","0","Scribe_Values.Look(ref safetyTickCounter, ""safetyTickCounter"", 0);"
"1.6\Source\WRace\Mounting骑乘系统的编程\Comp_MooGirlMount.cs","396","ScribeDefault","turretTickCounter","0","Scribe_Values.Look(ref turretTickCounter, ""turretTickCounter"", 0);"
"1.6\Source\WRace\Mounting骑乘系统的编程\Comp_MooGirlMount.cs","396","NumericLiteral","","0","Scribe_Values.Look(ref turretTickCounter, ""turretTickCounter"", 0);"
"1.6\Source\WRace\Mounting骑乘系统的编程\Comp_MooGirlMount.cs","397","ScribeDefault","riderMeleeTickCounter","0","Scribe_Values.Look(ref riderMeleeTickCounter, ""riderMeleeTickCounter"", 0);"
"1.6\Source\WRace\Mounting骑乘系统的编程\Comp_MooGirlMount.cs","397","NumericLiteral","","0","Scribe_Values.Look(ref riderMeleeTickCounter, ""riderMeleeTickCounter"", 0);"
"1.6\Source\WRace\Mounting骑乘系统的编程\Comp_MooGirlMount.cs","398","ScribeDefault","turretBurstCooldownTicksLeft","0","Scribe_Values.Look(ref turretBurstCooldownTicksLeft, ""turretBurstCooldownTicksLeft"", 0);"
"1.6\Source\WRace\Mounting骑乘系统的编程\Comp_MooGirlMount.cs","398","NumericLiteral","","0","Scribe_Values.Look(ref turretBurstCooldownTicksLeft, ""turretBurstCooldownTicksLeft"", 0);"
"1.6\Source\WRace\Mounting骑乘系统的编程\Comp_MooGirlMount.cs","400","ScribeDefault","turretAimTicksLeft","0","Scribe_Values.Look(ref turretAimTicksLeft, ""turretAimTicksLeft"", 0);"
"1.6\Source\WRace\Mounting骑乘系统的编程\Comp_MooGirlMount.cs","400","NumericLiteral","","0","Scribe_Values.Look(ref turretAimTicksLeft, ""turretAimTicksLeft"", 0);"
"1.6\Source\WRace\Mounting骑乘系统的编程\Comp_MooGirlMount.cs","401","ScribeDefault","turretAimTicksTotal","0","Scribe_Values.Look(ref turretAimTicksTotal, ""turretAimTicksTotal"", 0);"
"1.6\Source\WRace\Mounting骑乘系统的编程\Comp_MooGirlMount.cs","401","NumericLiteral","","0","Scribe_Values.Look(ref turretAimTicksTotal, ""turretAimTicksTotal"", 0);"
"1.6\Source\WRace\Mounting骑乘系统的编程\Comp_MooGirlMount.cs","402","ScribeDefault","turretCastStartTick","-1","Scribe_Values.Look(ref turretCastStartTick, ""turretCastStartTick"", -1);"
"1.6\Source\WRace\Mounting骑乘系统的编程\Comp_MooGirlMount.cs","402","NumericLiteral","","-1","Scribe_Values.Look(ref turretCastStartTick, ""turretCastStartTick"", -1);"
"1.6\Source\WRace\Mounting骑乘系统的编程\Comp_MooGirlMount.cs","404","ScribeDefault","turretLastAttackTargetTick","0","Scribe_Values.Look(ref turretLastAttackTargetTick, ""turretLastAttackTargetTick"", 0);"
"1.6\Source\WRace\Mounting骑乘系统的编程\Comp_MooGirlMount.cs","404","NumericLiteral","","0","Scribe_Values.Look(ref turretLastAttackTargetTick, ""turretLastAttackTargetTick"", 0);"
"1.6\Source\WRace\Mounting骑乘系统的编程\Comp_MooGirlMount.cs","427","FieldOrLocalAssignment","rider","MountedPawn","Pawn rider = MountedPawn;"
"1.6\Source\WRace\Mounting骑乘系统的编程\Comp_MooGirlMount.cs","435","TranslateKey","","MooGirl.Mount.SelectRider","defaultLabel = ""MooGirl.Mount.SelectRider"".Translate(),"
"1.6\Source\WRace\Mounting骑乘系统的编程\Comp_MooGirlMount.cs","436","TranslateKey","","MooGirl.Mount.SelectRiderDesc","defaultDesc = ""MooGirl.Mount.SelectRiderDesc"".Translate(),"
"1.6\Source\WRace\Mounting骑乘系统的编程\Comp_MooGirlMount.cs","447","TranslateKey","","MooGirl.Mount.DismountRider","defaultLabel = ""MooGirl.Mount.DismountRider"".Translate(),"
"1.6\Source\WRace\Mounting骑乘系统的编程\Comp_MooGirlMount.cs","448","TranslateKey","","MooGirl.Mount.DismountRiderDesc","defaultDesc = ""MooGirl.Mount.DismountRiderDesc"".Translate(),"
"1.6\Source\WRace\Mounting骑乘系统的编程\Comp_MooGirlMount.cs","458","TranslateKey","","MooGirl.Mount.FireAtWill","defaultLabel = fireAtWill ? ""MooGirl.Mount.FireAtWill"".Translate() : ""MooGirl.Mount.HoldFire"".Translate(),"
"1.6\Source\WRace\Mounting骑乘系统的编程\Comp_MooGirlMount.cs","458","TranslateKey","","MooGirl.Mount.HoldFire","defaultLabel = fireAtWill ? ""MooGirl.Mount.FireAtWill"".Translate() : ""MooGirl.Mount.HoldFire"".Translate(),"
"1.6\Source\WRace\Mounting骑乘系统的编程\Comp_MooGirlMount.cs","459","TranslateKey","","MooGirl.Mount.FireAtWillDesc","defaultDesc = fireAtWill ? ""MooGirl.Mount.FireAtWillDesc"".Translate() : ""MooGirl.Mount.HoldFireDesc"".Translate(),"
"1.6\Source\WRace\Mounting骑乘系统的编程\Comp_MooGirlMount.cs","459","TranslateKey","","MooGirl.Mount.HoldFireDesc","defaultDesc = fireAtWill ? ""MooGirl.Mount.FireAtWillDesc"".Translate() : ""MooGirl.Mount.HoldFireDesc"".Translate(),"
"1.6\Source\WRace\Mounting骑乘系统的编程\Comp_MooGirlMount.cs","471","FieldOrLocalAssignment","rider","MountedPawn","Pawn rider = MountedPawn;"
"1.6\Source\WRace\Mounting骑乘系统的编程\Comp_MooGirlMount.cs","477","TranslateKey","","MooGirl.Mount.InspectRider","return ""MooGirl.Mount.InspectRider"".Translate(rider.LabelShort);"
"1.6\Source\WRace\Mounting骑乘系统的编程\CompProperties_MooGirlMount.cs","8","FieldOrLocalAssignment","physiologicalTickInterval","150","public int physiologicalTickInterval = 150;"
"1.6\Source\WRace\Mounting骑乘系统的编程\CompProperties_MooGirlMount.cs","8","NumericLiteral","","150","public int physiologicalTickInterval = 150;"
"1.6\Source\WRace\Mounting骑乘系统的编程\CompProperties_MooGirlMount.cs","9","FieldOrLocalAssignment","safetyCheckInterval","250","public int safetyCheckInterval = 250;"
"1.6\Source\WRace\Mounting骑乘系统的编程\CompProperties_MooGirlMount.cs","9","NumericLiteral","","250","public int safetyCheckInterval = 250;"
"1.6\Source\WRace\Mounting骑乘系统的编程\CompProperties_MooGirlMount.cs","10","FieldOrLocalAssignment","turretTickInterval","60","public int turretTickInterval = 60;"
"1.6\Source\WRace\Mounting骑乘系统的编程\CompProperties_MooGirlMount.cs","10","NumericLiteral","","60","public int turretTickInterval = 60;"
"1.6\Source\WRace\Mounting骑乘系统的编程\CompProperties_MooGirlMount.cs","11","FieldOrLocalAssignment","turretMinAimTicks","15","public int turretMinAimTicks = 15;"
"1.6\Source\WRace\Mounting骑乘系统的编程\CompProperties_MooGirlMount.cs","11","NumericLiteral","","15","public int turretMinAimTicks = 15;"
"1.6\Source\WRace\Mounting骑乘系统的编程\CompProperties_MooGirlMount.cs","12","FieldOrLocalAssignment","tickPhysiology","true","public bool tickPhysiology = true;"
"1.6\Source\WRace\Mounting骑乘系统的编程\CompProperties_MooGirlMount.cs","13","FieldOrLocalAssignment","autoDismount","true","public bool autoDismount = true;"
"1.6\Source\WRace\Mounting骑乘系统的编程\CompProperties_MooGirlMount.cs","14","FieldOrLocalAssignment","turretFireAtWillDefault","true","public bool turretFireAtWillDefault = true;"
"1.6\Source\WRace\Mounting骑乘系统的编程\CompProperties_MooGirlMount.cs","15","FieldOrLocalAssignment","riderAltitudeOffset","0.022f","public float riderAltitudeOffset = 0.022f;"
"1.6\Source\WRace\Mounting骑乘系统的编程\CompProperties_MooGirlMount.cs","15","NumericLiteral","","0.022f","public float riderAltitudeOffset = 0.022f;"
"1.6\Source\WRace\Mounting骑乘系统的编程\CompProperties_MooGirlMount.cs","16","FieldOrLocalAssignment","northRiderAltitudeOffset","0.04f","public float northRiderAltitudeOffset = 0.04f;"
"1.6\Source\WRace\Mounting骑乘系统的编程\CompProperties_MooGirlMount.cs","16","NumericLiteral","","0.04f","public float northRiderAltitudeOffset = 0.04f;"
"1.6\Source\WRace\Mounting骑乘系统的编程\CompProperties_MooGirlMount.cs","17","FieldOrLocalAssignment","southRiderAltitudeOffset","-0.04f","public float southRiderAltitudeOffset = -0.04f;"
"1.6\Source\WRace\Mounting骑乘系统的编程\CompProperties_MooGirlMount.cs","17","NumericLiteral","","-0.04f","public float southRiderAltitudeOffset = -0.04f;"
"1.6\Source\WRace\Mounting骑乘系统的编程\CompProperties_MooGirlMount.cs","18","FieldOrLocalAssignment","northOffset","new Vector3(0f, 0f, 0.08f)","public Vector3 northOffset = new Vector3(0f, 0f, 0.08f);"
"1.6\Source\WRace\Mounting骑乘系统的编程\CompProperties_MooGirlMount.cs","18","NumericLiteral","","0f","public Vector3 northOffset = new Vector3(0f, 0f, 0.08f);"
"1.6\Source\WRace\Mounting骑乘系统的编程\CompProperties_MooGirlMount.cs","18","NumericLiteral","","0f","public Vector3 northOffset = new Vector3(0f, 0f, 0.08f);"
"1.6\Source\WRace\Mounting骑乘系统的编程\CompProperties_MooGirlMount.cs","18","NumericLiteral","","0.08f","public Vector3 northOffset = new Vector3(0f, 0f, 0.08f);"
"1.6\Source\WRace\Mounting骑乘系统的编程\CompProperties_MooGirlMount.cs","19","FieldOrLocalAssignment","eastOffset","new Vector3(-0.20f, 0f, 0.02f)","public Vector3 eastOffset = new Vector3(-0.20f, 0f, 0.02f);"
"1.6\Source\WRace\Mounting骑乘系统的编程\CompProperties_MooGirlMount.cs","19","NumericLiteral","","-0.20f","public Vector3 eastOffset = new Vector3(-0.20f, 0f, 0.02f);"
"1.6\Source\WRace\Mounting骑乘系统的编程\CompProperties_MooGirlMount.cs","19","NumericLiteral","","0f","public Vector3 eastOffset = new Vector3(-0.20f, 0f, 0.02f);"
"1.6\Source\WRace\Mounting骑乘系统的编程\CompProperties_MooGirlMount.cs","19","NumericLiteral","","0.02f","public Vector3 eastOffset = new Vector3(-0.20f, 0f, 0.02f);"
"1.6\Source\WRace\Mounting骑乘系统的编程\CompProperties_MooGirlMount.cs","20","FieldOrLocalAssignment","southOffset","new Vector3(0f, 0f, 0.14f)","public Vector3 southOffset = new Vector3(0f, 0f, 0.14f);"
"1.6\Source\WRace\Mounting骑乘系统的编程\CompProperties_MooGirlMount.cs","20","NumericLiteral","","0f","public Vector3 southOffset = new Vector3(0f, 0f, 0.14f);"
"1.6\Source\WRace\Mounting骑乘系统的编程\CompProperties_MooGirlMount.cs","20","NumericLiteral","","0f","public Vector3 southOffset = new Vector3(0f, 0f, 0.14f);"
"1.6\Source\WRace\Mounting骑乘系统的编程\CompProperties_MooGirlMount.cs","20","NumericLiteral","","0.14f","public Vector3 southOffset = new Vector3(0f, 0f, 0.14f);"
"1.6\Source\WRace\Mounting骑乘系统的编程\CompProperties_MooGirlMount.cs","21","FieldOrLocalAssignment","westOffset","new Vector3(0.20f, 0f, 0.02f)","public Vector3 westOffset = new Vector3(0.20f, 0f, 0.02f);"
"1.6\Source\WRace\Mounting骑乘系统的编程\CompProperties_MooGirlMount.cs","21","NumericLiteral","","0.20f","public Vector3 westOffset = new Vector3(0.20f, 0f, 0.02f);"
"1.6\Source\WRace\Mounting骑乘系统的编程\CompProperties_MooGirlMount.cs","21","NumericLiteral","","0f","public Vector3 westOffset = new Vector3(0.20f, 0f, 0.02f);"
"1.6\Source\WRace\Mounting骑乘系统的编程\CompProperties_MooGirlMount.cs","21","NumericLiteral","","0.02f","public Vector3 westOffset = new Vector3(0.20f, 0f, 0.02f);"
"1.6\Source\WRace\Mounting骑乘系统的编程\FloatMenuProvider_MountMooGirl.cs","27","FieldOrLocalAssignment","actor","context.FirstSelectedPawn","Pawn actor = context.FirstSelectedPawn;"
"1.6\Source\WRace\Mounting骑乘系统的编程\FloatMenuProvider_MountMooGirl.cs","28","FieldOrLocalAssignment","moo","clickedPawn","Pawn moo = clickedPawn;"
"1.6\Source\WRace\Mounting骑乘系统的编程\FloatMenuProvider_MountMooGirl.cs","34","FieldOrLocalAssignment","comp","MountedPawnUtility.GetMountComp(moo)","Comp_MooGirlMount comp = MountedPawnUtility.GetMountComp(moo);"
"1.6\Source\WRace\Mounting骑乘系统的编程\FloatMenuProvider_MountMooGirl.cs","44","TranslateKey","","MooGirl.Mount.DismountRider","yield return new FloatMenuOption(""MooGirl.Mount.DismountRider"".Translate(), () => comp.TryDismount(), MenuOptionPriority.High, null, moo);"
"1.6\Source\WRace\Mounting骑乘系统的编程\FloatMenuProvider_MountMooGirl.cs","52","TranslateKey","","MooGirl.Mount.DismountRider","FloatMenuOption option = new FloatMenuOption(""MooGirl.Mount.DismountRider"".Translate(), delegate"
"1.6\Source\WRace\Mounting骑乘系统的编程\FloatMenuProvider_MountMooGirl.cs","54","FieldOrLocalAssignment","job","JobMaker.MakeJob(MooGirl_DefOf.Job_DismountMooGirl, moo)","Job job = JobMaker.MakeJob(MooGirl_DefOf.Job_DismountMooGirl, moo);"
"1.6\Source\WRace\Mounting骑乘系统的编程\FloatMenuProvider_MountMooGirl.cs","62","FieldOrLocalAssignment","label","""MooGirl.Mount.Target"".Translate(moo.LabelShort)","string label = ""MooGirl.Mount.Target"".Translate(moo.LabelShort);"
"1.6\Source\WRace\Mounting骑乘系统的编程\FloatMenuProvider_MountMooGirl.cs","62","TranslateKey","","MooGirl.Mount.Target","string label = ""MooGirl.Mount.Target"".Translate(moo.LabelShort);"
"1.6\Source\WRace\Mounting骑乘系统的编程\FloatMenuProvider_MountMooGirl.cs","71","TranslateKey","","MooGirl.Mount.ReasonReserved","yield return new FloatMenuOption(label + "": "" + ""MooGirl.Mount.ReasonReserved"".Translate(), null, MenuOptionPriority.High, null, moo);"
"1.6\Source\WRace\Mounting骑乘系统的编程\FloatMenuProvider_MountMooGirl.cs","77","TranslateKey","","MooGirl.Mount.ReasonNoPath","yield return new FloatMenuOption(label + "": "" + ""MooGirl.Mount.ReasonNoPath"".Translate(), null, MenuOptionPriority.High, null, moo);"
"1.6\Source\WRace\Mounting骑乘系统的编程\FloatMenuProvider_MountMooGirl.cs","83","FieldOrLocalAssignment","job","JobMaker.MakeJob(MooGirl_DefOf.Job_MountMooGirl, moo)","Job job = JobMaker.MakeJob(MooGirl_DefOf.Job_MountMooGirl, moo);"
"1.6\Source\WRace\Mounting骑乘系统的编程\Harmony_MountRendering.cs","33","FieldOrLocalAssignment","comp","pawn.TryGetComp<Comp_MooGirlMount>()","Comp_MooGirlMount comp = pawn.TryGetComp<Comp_MooGirlMount>();"
"1.6\Source\WRace\Mounting骑乘系统的编程\Harmony_MountRendering.cs","34","FieldOrLocalAssignment","rider","comp?.MountedPawn","Pawn rider = comp?.MountedPawn;"
"1.6\Source\WRace\Mounting骑乘系统的编程\JobDriver_DismountMooGirl.cs","9","ConstAssignment","MooInd","TargetIndex.A","private const TargetIndex MooInd = TargetIndex.A;"
"1.6\Source\WRace\Mounting骑乘系统的编程\JobDriver_DismountMooGirl.cs","11","FieldOrLocalAssignment","Moo","> job.GetTarget(MooInd).Pawn","private Pawn Moo => job.GetTarget(MooInd).Pawn;"
"1.6\Source\WRace\Mounting骑乘系统的编程\JobDriver_DismountMooGirl.cs","15","FieldOrLocalAssignment","pawn","= Moo || pawn.Reserve(Moo, job, 1, -1, null, errorOnFailed)","return pawn == Moo || pawn.Reserve(Moo, job, 1, -1, null, errorOnFailed);"
"1.6\Source\WRace\Mounting骑乘系统的编程\JobDriver_DismountMooGirl.cs","15","NumericLiteral","","1","return pawn == Moo || pawn.Reserve(Moo, job, 1, -1, null, errorOnFailed);"
"1.6\Source\WRace\Mounting骑乘系统的编程\JobDriver_DismountMooGirl.cs","15","NumericLiteral","","-1","return pawn == Moo || pawn.Reserve(Moo, job, 1, -1, null, errorOnFailed);"
"1.6\Source\WRace\Mounting骑乘系统的编程\JobDriver_DismountMooGirl.cs","28","FieldOrLocalAssignment","comp","MountedPawnUtility.GetMountComp(Moo)","Comp_MooGirlMount comp = MountedPawnUtility.GetMountComp(Moo);"
"1.6\Source\WRace\Mounting骑乘系统的编程\JobDriver_MountMooGirl.cs","10","ConstAssignment","MooInd","TargetIndex.A","private const TargetIndex MooInd = TargetIndex.A;"
"1.6\Source\WRace\Mounting骑乘系统的编程\JobDriver_MountMooGirl.cs","12","FieldOrLocalAssignment","Moo","> job.GetTarget(MooInd).Pawn","private Pawn Moo => job.GetTarget(MooInd).Pawn;"
"1.6\Source\WRace\Mounting骑乘系统的编程\JobDriver_MountMooGirl.cs","16","NumericLiteral","","1","return pawn.Reserve(Moo, job, 1, -1, null, errorOnFailed);"
"1.6\Source\WRace\Mounting骑乘系统的编程\JobDriver_MountMooGirl.cs","16","NumericLiteral","","-1","return pawn.Reserve(Moo, job, 1, -1, null, errorOnFailed);"
"1.6\Source\WRace\Mounting骑乘系统的编程\JobDriver_MountMooGirl.cs","24","FieldOrLocalAssignment","comp","MountedPawnUtility.GetMountComp(Moo)","Comp_MooGirlMount comp = MountedPawnUtility.GetMountComp(Moo);"
"1.6\Source\WRace\Mounting骑乘系统的编程\JobDriver_MountMooGirl.cs","25","FieldOrLocalAssignment","comp","= null || !comp.CanMount(pawn, out _)","return comp == null || !comp.CanMount(pawn, out _);"
"1.6\Source\WRace\Mounting骑乘系统的编程\JobDriver_MountMooGirl.cs","29","NumericLiteral","","45","yield return Toils_General.Wait(45, MooInd).WithProgressBarToilDelay(MooInd);"
"1.6\Source\WRace\Mounting骑乘系统的编程\JobDriver_MountMooGirl.cs","32","FieldOrLocalAssignment","comp","MountedPawnUtility.GetMountComp(Moo)","Comp_MooGirlMount comp = MountedPawnUtility.GetMountComp(Moo);"
"1.6\Source\WRace\Mounting骑乘系统的编程\MeleeAnimationCompat.cs","13","FieldOrLocalAssignment","coreType","AccessToolsShim.TypeByName(""AM.Core"")","Type coreType = AccessToolsShim.TypeByName(""AM.Core"");"
"1.6\Source\WRace\Mounting骑乘系统的编程\MeleeAnimationCompat.cs","15","FieldOrLocalAssignment","settingsType","AccessToolsShim.TypeByName(""AM.AMSettings.Settings"")","Type settingsType = AccessToolsShim.TypeByName(""AM.AMSettings.Settings"");"
"1.6\Source\WRace\Mounting骑乘系统的编程\MeleeAnimationCompat.cs","21","FieldOrLocalAssignment","settings","SettingsField?.GetValue(null)","object settings = SettingsField?.GetValue(null);"
"1.6\Source\WRace\Mounting骑乘系统的编程\MeleeAnimationCompat.cs","79","FieldOrLocalAssignment","Instance","new NullDisposable()","public static readonly NullDisposable Instance = new NullDisposable();"
"1.6\Source\WRace\Mounting骑乘系统的编程\MountedPawnCombatTurret.cs","17","FieldOrLocalAssignment","verb","GetPrimaryRangedVerb(comp)","Verb verb = GetPrimaryRangedVerb(comp);"
"1.6\Source\WRace\Mounting骑乘系统的编程\MountedPawnCombatTurret.cs","26","FieldOrLocalAssignment","rider","comp?.MountedPawn","Pawn rider = comp?.MountedPawn;"
"1.6\Source\WRace\Mounting骑乘系统的编程\MountedPawnCombatTurret.cs","27","FieldOrLocalAssignment","verb","GetPrimaryRangedVerb(rider)","Verb verb = GetPrimaryRangedVerb(rider);"
"1.6\Source\WRace\Mounting骑乘系统的编程\MountedPawnCombatTurret.cs","32","NumericLiteral","","0","comp.turretBurstCooldownTicksLeft = 0;"
"1.6\Source\WRace\Mounting骑乘系统的编程\MountedPawnCombatTurret.cs","40","FieldOrLocalAssignment","verb","GetPrimaryRangedVerb(rider)","Verb verb = GetPrimaryRangedVerb(rider);"
"1.6\Source\WRace\Mounting骑乘系统的编程\MountedPawnCombatTurret.cs","45","NumericLiteral","","0","comp.turretBurstCooldownTicksLeft = 0;"
"1.6\Source\WRace\Mounting骑乘系统的编程\MountedPawnCombatTurret.cs","53","FieldOrLocalAssignment","verb","GetPrimaryRangedVerb(comp)","Verb verb = GetPrimaryRangedVerb(comp);"
"1.6\Source\WRace\Mounting骑乘系统的编程\MountedPawnCombatTurret.cs","60","FieldOrLocalAssignment","carrier","comp.MooPawn","Pawn carrier = comp.MooPawn;"
"1.6\Source\WRace\Mounting骑乘系统的编程\MountedPawnCombatTurret.cs","61","FieldOrLocalAssignment","ticks","Mathf.Max(1, delta)","int ticks = Mathf.Max(1, delta);"
"1.6\Source\WRace\Mounting骑乘系统的编程\MountedPawnCombatTurret.cs","61","NumericLiteral","","1","int ticks = Mathf.Max(1, delta);"
"1.6\Source\WRace\Mounting骑乘系统的编程\MountedPawnCombatTurret.cs","62","NumericLiteral","","0","for (int i = 0; i < ticks; i++)"
"1.6\Source\WRace\Mounting骑乘系统的编程\MountedPawnCombatTurret.cs","64","FieldOrLocalAssignment","originalStance","carrier?.stances?.curStance","Stance originalStance = carrier?.stances?.curStance;"
"1.6\Source\WRace\Mounting骑乘系统的编程\MountedPawnCombatTurret.cs","84","FieldOrLocalAssignment","carrier","comp.MooPawn","Pawn carrier = comp.MooPawn;"
"1.6\Source\WRace\Mounting骑乘系统的编程\MountedPawnCombatTurret.cs","85","FieldOrLocalAssignment","rider","comp.MountedPawn","Pawn rider = comp.MountedPawn;"
"1.6\Source\WRace\Mounting骑乘系统的编程\MountedPawnCombatTurret.cs","86","FieldOrLocalAssignment","verb","GetPrimaryRangedVerb(comp)","Verb verb = GetPrimaryRangedVerb(comp);"
"1.6\Source\WRace\Mounting骑乘系统的编程\MountedPawnCombatTurret.cs","100","NumericLiteral","","0","if (comp.turretBurstCooldownTicksLeft > 0)"
"1.6\Source\WRace\Mounting骑乘系统的编程\MountedPawnCombatTurret.cs","102","NumericLiteral","","0","comp.turretBurstCooldownTicksLeft = Mathf.Max(0, comp.turretBurstCooldownTicksLeft - delta);"
"1.6\Source\WRace\Mounting骑乘系统的编程\MountedPawnCombatTurret.cs","106","FieldOrLocalAssignment","target","FindBestTarget(comp, verb)","Thing target = FindBestTarget(comp, verb);"
"1.6\Source\WRace\Mounting骑乘系统的编程\MountedPawnCombatTurret.cs","115","NumericLiteral","","-1","comp.turretCastStartTick = -1;"
"1.6\Source\WRace\Mounting骑乘系统的编程\MountedPawnCombatTurret.cs","116","NumericLiteral","","0","if (comp.turretAimTicksLeft <= 0 && !TryStartMountedCast(comp, verb, comp.turretAimTarget))"
"1.6\Source\WRace\Mounting骑乘系统的编程\MountedPawnCombatTurret.cs","118","NumericLiteral","","1","comp.turretBurstCooldownTicksLeft = Mathf.Max(comp.Props.turretTickInterval, 1);"
"1.6\Source\WRace\Mounting骑乘系统的编程\MountedPawnCombatTurret.cs","131","FieldOrLocalAssignment","carrier","comp.MooPawn","Pawn carrier = comp.MooPawn;"
"1.6\Source\WRace\Mounting骑乘系统的编程\MountedPawnCombatTurret.cs","132","FieldOrLocalAssignment","rider","comp.MountedPawn","Pawn rider = comp.MountedPawn;"
"1.6\Source\WRace\Mounting骑乘系统的编程\MountedPawnCombatTurret.cs","133","FieldOrLocalAssignment","verb","GetPrimaryRangedVerb(comp)","Verb verb = GetPrimaryRangedVerb(comp);"
"1.6\Source\WRace\Mounting骑乘系统的编程\MountedPawnCombatTurret.cs","158","FieldOrLocalAssignment","pointBlankMeleeTarget","comp.turretAimTarget.HasThing && comp.turretAimTarget.Thing == MountedPawnMeleeSupport.CurrentMeleeTarget(carrier)","bool pointBlankMeleeTarget = comp.turretAimTarget.HasThing && comp.turretAimTarget.Thing == MountedPawnMeleeSupport.CurrentMeleeTarget(carrier);"
"1.6\Source\WRace\Mounting骑乘系统的编程\MountedPawnCombatTurret.cs","166","NumericLiteral","","0","comp.turretAimTicksLeft = Mathf.Max(0, comp.turretAimTicksLeft - Mathf.Max(1, delta));"
"1.6\Source\WRace\Mounting骑乘系统的编程\MountedPawnCombatTurret.cs","166","NumericLiteral","","1","comp.turretAimTicksLeft = Mathf.Max(0, comp.turretAimTicksLeft - Mathf.Max(1, delta));"
"1.6\Source\WRace\Mounting骑乘系统的编程\MountedPawnCombatTurret.cs","167","NumericLiteral","","0","if (comp.turretAimTicksLeft > 0)"
"1.6\Source\WRace\Mounting骑乘系统的编程\MountedPawnCombatTurret.cs","174","NumericLiteral","","1","comp.turretBurstCooldownTicksLeft = Mathf.Max(comp.Props.turretTickInterval, 1);"
"1.6\Source\WRace\Mounting骑乘系统的编程\MountedPawnCombatTurret.cs","186","FieldOrLocalAssignment","carrier","comp.MooPawn","Pawn carrier = comp.MooPawn;"
"1.6\Source\WRace\Mounting骑乘系统的编程\MountedPawnCombatTurret.cs","187","FieldOrLocalAssignment","originalStance","carrier?.stances?.curStance","Stance originalStance = carrier?.stances?.curStance;"
"1.6\Source\WRace\Mounting骑乘系统的编程\MountedPawnCombatTurret.cs","188","FieldOrLocalAssignment","pointBlankMeleeTarget","castTarget.HasThing && castTarget.Thing == MountedPawnMeleeSupport.CurrentMeleeTarget(carrier)","bool pointBlankMeleeTarget = castTarget.HasThing && castTarget.Thing == MountedPawnMeleeSupport.CurrentMeleeTarget(carrier);"
"1.6\Source\WRace\Mounting骑乘系统的编程\MountedPawnCombatTurret.cs","190","NumericLiteral","","0f","using (new MountedWarmupOverride(verb, 0f))"
"1.6\Source\WRace\Mounting骑乘系统的编程\MountedPawnCombatTurret.cs","191","NumericLiteral","","0f","using (new MountedMinRangeOverride(verb, pointBlankMeleeTarget ? 0f : (float?)null))"
"1.6\Source\WRace\Mounting骑乘系统的编程\MountedPawnCombatTurret.cs","214","FieldOrLocalAssignment","carrier","comp.MooPawn","Pawn carrier = comp.MooPawn;"
"1.6\Source\WRace\Mounting骑乘系统的编程\MountedPawnCombatTurret.cs","215","FieldOrLocalAssignment","fired","verb != null && verb.LastShotTick >= comp.turretCastStartTick","bool fired = verb != null && verb.LastShotTick >= comp.turretCastStartTick;"
"1.6\Source\WRace\Mounting骑乘系统的编程\MountedPawnCombatTurret.cs","231","FieldOrLocalAssignment","rider","comp?.MountedPawn","Pawn rider = comp?.MountedPawn;"
"1.6\Source\WRace\Mounting骑乘系统的编程\MountedPawnCombatTurret.cs","232","FieldOrLocalAssignment","carrier","comp?.MooPawn","Pawn carrier = comp?.MooPawn;"
"1.6\Source\WRace\Mounting骑乘系统的编程\MountedPawnCombatTurret.cs","274","FieldOrLocalAssignment","rider","comp?.MountedPawn","Pawn rider = comp?.MountedPawn;"
"1.6\Source\WRace\Mounting骑乘系统的编程\MountedPawnCombatTurret.cs","275","FieldOrLocalAssignment","carrier","comp?.MooPawn","Pawn carrier = comp?.MooPawn;"
"1.6\Source\WRace\Mounting骑乘系统的编程\MountedPawnCombatTurret.cs","276","FieldOrLocalAssignment","weapon","rider?.equipment?.Primary","ThingWithComps weapon = rider?.equipment?.Primary;"
"1.6\Source\WRace\Mounting骑乘系统的编程\MountedPawnCombatTurret.cs","293","FieldOrLocalAssignment","drawPos","comp.WeaponDrawPos","Vector3 drawPos = comp.WeaponDrawPos;"
"1.6\Source\WRace\Mounting骑乘系统的编程\MountedPawnCombatTurret.cs","294","FieldOrLocalAssignment","aimTarget","comp.turretAimTarget","LocalTargetInfo aimTarget = comp.turretAimTarget;"
"1.6\Source\WRace\Mounting骑乘系统的编程\MountedPawnCombatTurret.cs","295","FieldOrLocalAssignment","mountedVerb","GetPrimaryRangedVerb(comp)","Verb mountedVerb = GetPrimaryRangedVerb(comp);"
"1.6\Source\WRace\Mounting骑乘系统的编程\MountedPawnCombatTurret.cs","303","FieldOrLocalAssignment","targetThing","aimTarget.Thing","Thing targetThing = aimTarget.Thing;"
"1.6\Source\WRace\Mounting骑乘系统的编程\MountedPawnCombatTurret.cs","306","FieldOrLocalAssignment","targetPos","aimTarget.HasThing ? targetThing.DrawPos : aimTarget.Cell.ToVector3Shifted()","Vector3 targetPos = aimTarget.HasThing ? targetThing.DrawPos : aimTarget.Cell.ToVector3Shifted();"
"1.6\Source\WRace\Mounting骑乘系统的编程\MountedPawnCombatTurret.cs","307","FieldOrLocalAssignment","aimAngle","(targetPos - comp.RiderDrawPos).AngleFlat()","float aimAngle = (targetPos - comp.RiderDrawPos).AngleFlat();"
"1.6\Source\WRace\Mounting骑乘系统的编程\MountedPawnCombatTurret.cs","308","NumericLiteral","","0f","drawPos += new Vector3(0f, 0f, 0.4f + weapon.def.equippedDistanceOffset).RotatedBy(aimAngle) * rider.ageTracker.CurLifeStage.equipmentDrawDistanceFactor;"
"1.6\Source\WRace\Mounting骑乘系统的编程\MountedPawnCombatTurret.cs","308","NumericLiteral","","0f","drawPos += new Vector3(0f, 0f, 0.4f + weapon.def.equippedDistanceOffset).RotatedBy(aimAngle) * rider.ageTracker.CurLifeStage.equipmentDrawDistanceFactor;"
"1.6\Source\WRace\Mounting骑乘系统的编程\MountedPawnCombatTurret.cs","308","NumericLiteral","","0.4f","drawPos += new Vector3(0f, 0f, 0.4f + weapon.def.equippedDistanceOffset).RotatedBy(aimAngle) * rider.ageTracker.CurLifeStage.equipmentDrawDistanceFactor;"
"1.6\Source\WRace\Mounting骑乘系统的编程\MountedPawnCombatTurret.cs","324","FieldOrLocalAssignment","weapon","rider?.equipment?.Primary","ThingWithComps weapon = rider?.equipment?.Primary;"
"1.6\Source\WRace\Mounting骑乘系统的编程\MountedPawnCombatTurret.cs","330","FieldOrLocalAssignment","verb","weapon.GetComp<CompEquippable>()?.PrimaryVerb","Verb verb = weapon.GetComp<CompEquippable>()?.PrimaryVerb;"
"1.6\Source\WRace\Mounting骑乘系统的编程\MountedPawnCombatTurret.cs","369","NumericLiteral","","0","return 0;"
"1.6\Source\WRace\Mounting骑乘系统的编程\MountedPawnCombatTurret.cs","372","FieldOrLocalAssignment","warmupTime","Mathf.Max(verb.WarmupTime, 0f)","float warmupTime = Mathf.Max(verb.WarmupTime, 0f);"
"1.6\Source\WRace\Mounting骑乘系统的编程\MountedPawnCombatTurret.cs","372","NumericLiteral","","0f","float warmupTime = Mathf.Max(verb.WarmupTime, 0f);"
"1.6\Source\WRace\Mounting骑乘系统的编程\MountedPawnCombatTurret.cs","373","NumericLiteral","","0f","if (rider != null && warmupTime > 0f)"
"1.6\Source\WRace\Mounting骑乘系统的编程\MountedPawnCombatTurret.cs","378","NumericLiteral","","0","return Mathf.Max(warmupTime.SecondsToTicks(), comp?.Props?.turretMinAimTicks ?? 0);"
"1.6\Source\WRace\Mounting骑乘系统的编程\MountedPawnCombatTurret.cs","383","FieldOrLocalAssignment","carrier","comp?.MooPawn","Pawn carrier = comp?.MooPawn;"
"1.6\Source\WRace\Mounting骑乘系统的编程\MountedPawnCombatTurret.cs","419","NumericLiteral","","0","return comp != null && comp.turretCastStartTick >= 0;"
"1.6\Source\WRace\Mounting骑乘系统的编程\MountedPawnCombatTurret.cs","430","NumericLiteral","","0","comp.turretAimTicksLeft = 0;"
"1.6\Source\WRace\Mounting骑乘系统的编程\MountedPawnCombatTurret.cs","431","NumericLiteral","","0","comp.turretAimTicksTotal = 0;"
"1.6\Source\WRace\Mounting骑乘系统的编程\MountedPawnCombatTurret.cs","432","NumericLiteral","","-1","comp.turretCastStartTick = -1;"
"1.6\Source\WRace\Mounting骑乘系统的编程\MountedPawnCombatTurret.cs","466","NumericLiteral","","0f","originalMinRange = verb?.verbProps?.minRange ?? 0f;"
"1.6\Source\WRace\Mounting骑乘系统的编程\MountedPawnCombatTurret.cs","485","FieldOrLocalAssignment","carrier","comp?.MooPawn","Pawn carrier = comp?.MooPawn;"
"1.6\Source\WRace\Mounting骑乘系统的编程\MountedPawnCombatTurret.cs","486","FieldOrLocalAssignment","rider","comp?.MountedPawn","Pawn rider = comp?.MountedPawn;"
"1.6\Source\WRace\Mounting骑乘系统的编程\MountedPawnCombatTurret.cs","510","FieldOrLocalAssignment","equipment","rider.equipment.AllEquipmentListForReading","List<ThingWithComps> equipment = rider.equipment.AllEquipmentListForReading;"
"1.6\Source\WRace\Mounting骑乘系统的编程\MountedPawnCombatTurret.cs","511","NumericLiteral","","0","for (int i = 0; i < equipment.Count; i++)"
"1.6\Source\WRace\Mounting骑乘系统的编程\MountedPawnCombatTurret.cs","513","FieldOrLocalAssignment","comp","equipment[i].GetComp<CompEquippable>()","CompEquippable comp = equipment[i].GetComp<CompEquippable>();"
"1.6\Source\WRace\Mounting骑乘系统的编程\MountedPawnCombatTurret.cs","514","FieldOrLocalAssignment","verbs","comp?.AllVerbs","List<Verb> verbs = comp?.AllVerbs;"
"1.6\Source\WRace\Mounting骑乘系统的编程\MountedPawnCombatTurret.cs","520","NumericLiteral","","0","for (int j = 0; j < verbs.Count; j++)"
"1.6\Source\WRace\Mounting骑乘系统的编程\MountedPawnCombatTurret.cs","522","FieldOrLocalAssignment","verb","verbs[j]","Verb verb = verbs[j];"
"1.6\Source\WRace\Mounting骑乘系统的编程\MountedPawnCombatTurret.cs","540","FieldOrLocalAssignment","carrier","comp.MooPawn","Pawn carrier = comp.MooPawn;"
"1.6\Source\WRace\Mounting骑乘系统的编程\MountedPawnCombatTurret.cs","541","FieldOrLocalAssignment","meleeTarget","MountedPawnMeleeSupport.CurrentMeleeTarget(carrier)","Thing meleeTarget = MountedPawnMeleeSupport.CurrentMeleeTarget(carrier);"
"1.6\Source\WRace\Mounting骑乘系统的编程\MountedPawnCombatTurret.cs","547","FieldOrLocalAssignment","searcher","new MountedAttackTargetSearcher(comp, verb)","MountedAttackTargetSearcher searcher = new MountedAttackTargetSearcher(comp, verb);"
"1.6\Source\WRace\Mounting骑乘系统的编程\MountedPawnCombatTurret.cs","548","FieldOrLocalAssignment","flags","TargetScanFlags.NeedThreat | TargetScanFlags.NeedAutoTargetable | TargetScanFlags.NeedLOSToAll | TargetScanFlags.NeedNonBurning","TargetScanFlags flags = TargetScanFlags.NeedThreat | TargetScanFlags.NeedAutoTargetable | TargetScanFlags.NeedLOSToAll | TargetScanFlags.NeedNonBurning;"
"1.6\Source\WRace\Mounting骑乘系统的编程\MountedPawnCombatTurret.cs","549","NumericLiteral","","0f","return AttackTargetFinder.BestShootTargetFromCurrentPosition(searcher, flags, thing => IsValidTarget(carrier, verb, thing), 0f, verb.EffectiveRange)?.Thing;"
"1.6\Source\WRace\Mounting骑乘系统的编程\MountedPawnCombatTurret.cs","571","NumericLiteral","","0f","using (new MountedMinRangeOverride(verb, 0f))"
"1.6\Source\WRace\Mounting骑乘系统的编程\MountedPawnCombatTurret.cs","591","FieldOrLocalAssignment","Thing","> comp.MooPawn","public Thing Thing => comp.MooPawn;"
"1.6\Source\WRace\Mounting骑乘系统的编程\MountedPawnCombatTurret.cs","593","FieldOrLocalAssignment","CurrentEffectiveVerb","> verb","public Verb CurrentEffectiveVerb => verb;"
"1.6\Source\WRace\Mounting骑乘系统的编程\MountedPawnCombatTurret.cs","595","FieldOrLocalAssignment","LastAttackedTarget","> comp.turretLastAttackedTarget","public LocalTargetInfo LastAttackedTarget => comp.turretLastAttackedTarget;"
"1.6\Source\WRace\Mounting骑乘系统的编程\MountedPawnCombatTurret.cs","597","FieldOrLocalAssignment","LastAttackTargetTick","> comp.turretLastAttackTargetTick","public int LastAttackTargetTick => comp.turretLastAttackTargetTick;"
"1.6\Source\WRace\Mounting骑乘系统的编程\MountedPawnMeleeSupport.cs","13","FieldOrLocalAssignment","GetNonMissChanceMethod","AccessTools.Method(typeof(Verb_MeleeAttack), ""GetNonMissChance"")","private static readonly MethodInfo GetNonMissChanceMethod = AccessTools.Method(typeof(Verb_MeleeAttack), ""GetNonMissChance"");"
"1.6\Source\WRace\Mounting骑乘系统的编程\MountedPawnMeleeSupport.cs","14","FieldOrLocalAssignment","GetDodgeChanceMethod","AccessTools.Method(typeof(Verb_MeleeAttack), ""GetDodgeChance"")","private static readonly MethodInfo GetDodgeChanceMethod = AccessTools.Method(typeof(Verb_MeleeAttack), ""GetDodgeChance"");"
"1.6\Source\WRace\Mounting骑乘系统的编程\MountedPawnMeleeSupport.cs","15","FieldOrLocalAssignment","SoundHitPawnMethod","AccessTools.Method(typeof(Verb_MeleeAttack), ""SoundHitPawn"")","private static readonly MethodInfo SoundHitPawnMethod = AccessTools.Method(typeof(Verb_MeleeAttack), ""SoundHitPawn"");"
"1.6\Source\WRace\Mounting骑乘系统的编程\MountedPawnMeleeSupport.cs","16","FieldOrLocalAssignment","SoundHitBuildingMethod","AccessTools.Method(typeof(Verb_MeleeAttack), ""SoundHitBuilding"")","private static readonly MethodInfo SoundHitBuildingMethod = AccessTools.Method(typeof(Verb_MeleeAttack), ""SoundHitBuilding"");"
"1.6\Source\WRace\Mounting骑乘系统的编程\MountedPawnMeleeSupport.cs","17","FieldOrLocalAssignment","SoundMissMethod","AccessTools.Method(typeof(Verb_MeleeAttack), ""SoundMiss"")","private static readonly MethodInfo SoundMissMethod = AccessTools.Method(typeof(Verb_MeleeAttack), ""SoundMiss"");"
"1.6\Source\WRace\Mounting骑乘系统的编程\MountedPawnMeleeSupport.cs","18","FieldOrLocalAssignment","SoundDodgeMethod","AccessTools.Method(typeof(Verb_MeleeAttack), ""SoundDodge"")","private static readonly MethodInfo SoundDodgeMethod = AccessTools.Method(typeof(Verb_MeleeAttack), ""SoundDodge"");"
"1.6\Source\WRace\Mounting骑乘系统的编程\MountedPawnMeleeSupport.cs","19","FieldOrLocalAssignment","LastShotTickField","AccessTools.Field(typeof(Verb), ""lastShotTick"")","private static readonly FieldInfo LastShotTickField = AccessTools.Field(typeof(Verb), ""lastShotTick"");"
"1.6\Source\WRace\Mounting骑乘系统的编程\MountedPawnMeleeSupport.cs","23","FieldOrLocalAssignment","carrier","comp?.MooPawn","Pawn carrier = comp?.MooPawn;"
"1.6\Source\WRace\Mounting骑乘系统的编程\MountedPawnMeleeSupport.cs","24","FieldOrLocalAssignment","rider","comp?.MountedPawn","Pawn rider = comp?.MountedPawn;"
"1.6\Source\WRace\Mounting骑乘系统的编程\MountedPawnMeleeSupport.cs","25","FieldOrLocalAssignment","target","CurrentMeleeTarget(carrier)","Thing target = CurrentMeleeTarget(carrier);"
"1.6\Source\WRace\Mounting骑乘系统的编程\MountedPawnMeleeSupport.cs","31","FieldOrLocalAssignment","verb","rider.meleeVerbs.TryGetMeleeVerb(target)","Verb verb = rider.meleeVerbs.TryGetMeleeVerb(target);"
"1.6\Source\WRace\Mounting骑乘系统的编程\MountedPawnMeleeSupport.cs","37","FieldOrLocalAssignment","originalCaster","verb.caster","Thing originalCaster = verb.caster;"
"1.6\Source\WRace\Mounting骑乘系统的编程\MountedPawnMeleeSupport.cs","38","FieldOrLocalAssignment","originalStance","carrier.stances?.curStance","Stance originalStance = carrier.stances?.curStance;"
"1.6\Source\WRace\Mounting骑乘系统的编程\MountedPawnMeleeSupport.cs","75","NumericLiteral","","1.9f","MoteMaker.ThrowText(targetPawn.DrawPos, targetPawn.Map, ""TextMote_Dodge"".Translate(), 1.9f);"
"1.6\Source\WRace\Mounting骑乘系统的编程\MountedPawnMeleeSupport.cs","75","TranslateKey","","TextMote_Dodge","MoteMaker.ThrowText(targetPawn.DrawPos, targetPawn.Map, ""TextMote_Dodge"".Translate(), 1.9f);"
"1.6\Source\WRace\Mounting骑乘系统的编程\MountedPawnMeleeSupport.cs","75","MessageOrLog","","","MoteMaker.ThrowText(targetPawn.DrawPos, targetPawn.Map, ""TextMote_Dodge"".Translate(), 1.9f);"
"1.6\Source\WRace\Mounting骑乘系统的编程\MountedPawnMeleeSupport.cs","80","FieldOrLocalAssignment","damageDef","verb.verbProps.meleeDamageDef ?? DamageDefOf.Blunt","DamageDef damageDef = verb.verbProps.meleeDamageDef ?? DamageDefOf.Blunt;"
"1.6\Source\WRace\Mounting骑乘系统的编程\MountedPawnMeleeSupport.cs","81","FieldOrLocalAssignment","damageAmount","verb.verbProps.AdjustedMeleeDamageAmount(verb.tool, rider, verb.EquipmentSource, verb.HediffCompSource)","float damageAmount = verb.verbProps.AdjustedMeleeDamageAmount(verb.tool, rider, verb.EquipmentSource, verb.HediffCompSource);"
"1.6\Source\WRace\Mounting骑乘系统的编程\MountedPawnMeleeSupport.cs","82","FieldOrLocalAssignment","armorPenetration","verb.verbProps.AdjustedArmorPenetration(verb.tool, rider, verb.EquipmentSource, verb.HediffCompSource)","float armorPenetration = verb.verbProps.AdjustedArmorPenetration(verb.tool, rider, verb.EquipmentSource, verb.HediffCompSource);"
"1.6\Source\WRace\Mounting骑乘系统的编程\MountedPawnMeleeSupport.cs","83","FieldOrLocalAssignment","hitPart","null","BodyPartRecord hitPart = null;"
"1.6\Source\WRace\Mounting骑乘系统的编程\MountedPawnMeleeSupport.cs","107","FieldOrLocalAssignment","result","GetNonMissChanceMethod?.Invoke(verb, new object[] { new LocalTargetInfo(target) })","object result = GetNonMissChanceMethod?.Invoke(verb, new object[] { new LocalTargetInfo(target) });"
"1.6\Source\WRace\Mounting骑乘系统的编程\MountedPawnMeleeSupport.cs","108","NumericLiteral","","1f","return result is float chance ? chance : 1f;"
"1.6\Source\WRace\Mounting骑乘系统的编程\MountedPawnMeleeSupport.cs","113","FieldOrLocalAssignment","result","GetDodgeChanceMethod?.Invoke(verb, new object[] { new LocalTargetInfo(target) })","object result = GetDodgeChanceMethod?.Invoke(verb, new object[] { new LocalTargetInfo(target) });"
"1.6\Source\WRace\Mounting骑乘系统的编程\MountedPawnMeleeSupport.cs","114","NumericLiteral","","0f","return result is float chance ? chance : 0f;"
"1.6\Source\WRace\Mounting骑乘系统的编程\MountedPawnMeleeSupport.cs","119","FieldOrLocalAssignment","sound","method?.Invoke(verb, method == SoundDodgeMethod ? new object[] { target } : null) as SoundDef","SoundDef sound = method?.Invoke(verb, method == SoundDodgeMethod ? new object[] { target } : null) as SoundDef;"
"1.6\Source\WRace\Mounting骑乘系统的编程\MountedPawnMeleeSupport.cs","130","FieldOrLocalAssignment","rider","comp?.MountedPawn","Pawn rider = comp?.MountedPawn;"
"1.6\Source\WRace\Mounting骑乘系统的编程\MountedPawnMeleeSupport.cs","131","FieldOrLocalAssignment","carrier","comp?.MooPawn","Pawn carrier = comp?.MooPawn;"
"1.6\Source\WRace\Mounting骑乘系统的编程\MountedPawnMeleeSupport.cs","132","FieldOrLocalAssignment","weapon","rider?.equipment?.Primary","ThingWithComps weapon = rider?.equipment?.Primary;"
"1.6\Source\WRace\Mounting骑乘系统的编程\MountedPawnMeleeSupport.cs","138","FieldOrLocalAssignment","drawPos","comp.WeaponDrawPos","Vector3 drawPos = comp.WeaponDrawPos;"
"1.6\Source\WRace\Mounting骑乘系统的编程\MountedPawnMeleeSupport.cs","139","NumericLiteral","","0.12f","drawPos += carrier.Rotation.RighthandCell.ToVector3() * 0.12f;"
"1.6\Source\WRace\Mounting骑乘系统的编程\MountedPawnMeleeSupport.cs","153","FieldOrLocalAssignment","target","carrier.CurJob?.targetA ?? LocalTargetInfo.Invalid","LocalTargetInfo target = carrier.CurJob?.targetA ?? LocalTargetInfo.Invalid;"
"1.6\Source\WRace\Mounting骑乘系统的编程\MountedPawnMeleeSupport.cs","164","FieldOrLocalAssignment","enemyTarget","carrier.mindState?.enemyTarget","Thing enemyTarget = carrier.mindState?.enemyTarget;"
"1.6\Source\WRace\Mounting骑乘系统的编程\MountedPawnMeleeSupport.cs","170","FieldOrLocalAssignment","meleeThreat","carrier.mindState?.meleeThreat","Pawn meleeThreat = carrier.mindState?.meleeThreat;"
"1.6\Source\WRace\Mounting骑乘系统的编程\MountedPawnUtility.cs","50","FieldOrLocalAssignment","map","carrier?.Map","Map map = carrier?.Map;"
"1.6\Source\WRace\Mounting骑乘系统的编程\MountedPawnUtility.cs","71","NumericLiteral","","2","for (int radius = 2; radius <= 5; radius++)"
"1.6\Source\WRace\Mounting骑乘系统的编程\MountedPawnUtility.cs","71","NumericLiteral","","5","for (int radius = 2; radius <= 5; radius++)"
"1.6\Source\WRace\Mounting骑乘系统的编程\MountedPawnUtility.cs","99","FieldOrLocalAssignment","rider","= null || GenPlace.HaulPlaceBlockerIn(rider, c, map, checkBlueprintsAndFrames: false) == null","return rider == null || GenPlace.HaulPlaceBlockerIn(rider, c, map, checkBlueprintsAndFrames: false) == null;"
"1.6\Source\WRace\Mounting骑乘系统的编程\MountedPawnUtility.cs","184","FieldOrLocalAssignment","food","rider.needs?.food","Need_Food food = rider.needs?.food;"
"1.6\Source\WRace\Mounting骑乘系统的编程\MountedPawnUtility.cs","191","FieldOrLocalAssignment","rest","rider.needs?.rest","Need_Rest rest = rider.needs?.rest;"
"1.6\Source\WRace\Mounting骑乘系统的编程\MountedPawnUtility.cs","215","FieldOrLocalAssignment","carrier","comp?.MooPawn","Pawn carrier = comp?.MooPawn;"
"1.6\Source\WRace\Mounting骑乘系统的编程\MountedPawnUtility.cs","220","TranslateKey","","MooGirl.Mount.SelectCarrier","defaultLabel = ""MooGirl.Mount.SelectCarrier"".Translate(),"
"1.6\Source\WRace\Mounting骑乘系统的编程\MountedPawnUtility.cs","221","TranslateKey","","MooGirl.Mount.SelectCarrierDesc","defaultDesc = ""MooGirl.Mount.SelectCarrierDesc"".Translate(),"
"1.6\Source\WRace\Mounting骑乘系统的编程\MountedPawnUtility.cs","233","TranslateKey","","MooGirl.Mount.DismountRider","defaultLabel = ""MooGirl.Mount.DismountRider"".Translate(),"
"1.6\Source\WRace\Mounting骑乘系统的编程\MountedPawnUtility.cs","234","TranslateKey","","MooGirl.Mount.DismountRiderDesc","defaultDesc = ""MooGirl.Mount.DismountRiderDesc"".Translate(),"
"1.6\Source\WRace\Mounting骑乘系统的编程\MountedPawnUtility.cs","249","NumericLiteral","","0","case 0:"
"1.6\Source\WRace\Mounting骑乘系统的编程\MountedPawnUtility.cs","251","NumericLiteral","","1","case 1:"
"1.6\Source\WRace\Mounting骑乘系统的编程\MountedPawnUtility.cs","253","NumericLiteral","","2","case 2:"
"1.6\Source\WRace\Mounting骑乘系统的编程\MountedPawnUtility.cs","255","NumericLiteral","","3","case 3:"
"1.6\Source\WRace\NewBron\Harmoney_AlienRace_ResolveReferences.cs","20","NumericLiteral","","0f","__result.ageTracker.AgeChronologicalYearsFloat == 0f)"
"1.6\Source\WRace\NewBron\LifeStageWorker_HumanlikeAdult_MooGirl.cs","11","FieldOrLocalAssignment","childhoodBefore","pawn.story?.Childhood","BackstoryDef childhoodBefore = pawn.story?.Childhood;"
"1.6\Source\WRace\NewBron\LifeStageWorker_HumanlikeAdult_MooGirl.cs","12","FieldOrLocalAssignment","adulthoodBefore","pawn.story?.Adulthood","BackstoryDef adulthoodBefore = pawn.story?.Adulthood;"
"1.6\Source\WRace\NewBron\MooGirlJuvenileGraphicUtility.cs","10","ConstAssignment","TeenagerLifeStageDefName","""MooGirl_Teenager""","private const string TeenagerLifeStageDefName = ""MooGirl_Teenager"";"
"1.6\Source\WRace\NewBron\MooGirlJuvenileGraphicUtility.cs","19","FieldOrLocalAssignment","expectedBodyType","null","BodyTypeDef expectedBodyType = null;"
"1.6\Source\WRace\NewBron\MooGirlJuvenileGraphicUtility.cs","50","FieldOrLocalAssignment","changed","0","int changed = 0;"
"1.6\Source\WRace\NewBron\MooGirlJuvenileGraphicUtility.cs","50","NumericLiteral","","0","int changed = 0;"
"1.6\Source\WRace\NewBron\MooGirlJuvenileGraphicUtility.cs","51","FieldOrLocalAssignment","pawns","PawnsFinder.AllMapsWorldAndTemporary_Alive","var pawns = PawnsFinder.AllMapsWorldAndTemporary_Alive;"
"1.6\Source\WRace\NewBron\MooGirlJuvenileGraphicUtility.cs","52","NumericLiteral","","0","for (int i = 0; i < pawns.Count; i++)"
"1.6\Source\WRace\NewBron\MooGirlJuvenileGraphicUtility.cs","77","FieldOrLocalAssignment","PawnField","AccessTools.Field(typeof(Pawn_AgeTracker), ""pawn"")","private static readonly FieldInfo PawnField = AccessTools.Field(typeof(Pawn_AgeTracker), ""pawn"");"
"1.6\Source\WRace\NewBron\MooGirlJuvenileGraphicUtility.cs","81","FieldOrLocalAssignment","pawn","PawnField?.GetValue(__instance) as Pawn","Pawn pawn = PawnField?.GetValue(__instance) as Pawn;"
"1.6\Source\WRace\OtherFunction\AiGenerated_Init.cs","12","MessageOrLog","","","Log.Message(""[MooGirl AiGenerated] Initialized."");"
"1.6\Source\WRace\OtherFunction\Harmoney_DrugAdministerDefs.cs","18","FieldOrLocalAssignment","list","__result.ToList()","var list = __result.ToList();"
"1.6\Source\WRace\OtherFunction\Harmoney_DrugAdministerDefs.cs","21","FieldOrLocalAssignment","milkDef","DefDatabase<ThingDef>.GetNamedSilentFail(""MooGirl_Milk"")","ThingDef milkDef = DefDatabase<ThingDef>.GetNamedSilentFail(""MooGirl_Milk"");"
"1.6\Source\WRace\OtherFunction\Harmoney_DrugAdministerDefs.cs","21","DefDatabaseStringLookup","ThingDef","MooGirl_Milk","ThingDef milkDef = DefDatabase<ThingDef>.GetNamedSilentFail(""MooGirl_Milk"");"
"1.6\Source\WRace\OtherFunction\Harmoney_DrugAdministerDefs.cs","24","FieldOrLocalAssignment","defName","""Administer_"" + milkDef.defName","string defName = ""Administer_"" + milkDef.defName;"
"1.6\Source\WRace\OtherFunction\Harmoney_DrugAdministerDefs.cs","34","TranslateKey","","RecipeAdminister","recipeDef.label = ""RecipeAdminister"".Translate(milkDef.label);"
"1.6\Source\WRace\OtherFunction\Harmoney_DrugAdministerDefs.cs","35","TranslateKey","","RecipeAdministerJobString","recipeDef.jobString = ""RecipeAdministerJobString"".Translate(milkDef.label);"
"1.6\Source\WRace\OtherFunction\Harmoney_DrugAdministerDefs.cs","39","NumericLiteral","","99999f","recipeDef.surgerySuccessChanceFactor = 99999f;"
"1.6\Source\WRace\OtherFunction\Harmoney_DrugAdministerDefs.cs","41","NumericLiteral","","250","recipeDef.workAmount = milkDef.ingestible?.baseIngestTicks ?? 250;"
"1.6\Source\WRace\OtherFunction\Harmoney_DrugAdministerDefs.cs","45","FieldOrLocalAssignment","ingredientCount","new IngredientCount()","IngredientCount ingredientCount = new IngredientCount();"
"1.6\Source\WRace\OtherFunction\Harmoney_DrugAdministerDefs.cs","46","NumericLiteral","","1f","ingredientCount.SetBaseCount(1f);"
"1.6\Source\WRace\OtherFunction\Harmoney_PawnRenderNodeWorker_Swaddle_ShouldListOnGraph.cs","13","FieldOrLocalAssignment","swaddleType","AccessTools.TypeByName(""AlienRace.AlienPawnRenderNode_Swaddle"")","var swaddleType = AccessTools.TypeByName(""AlienRace.AlienPawnRenderNode_Swaddle"");"
"1.6\Source\WRace\OtherFunction\Harmoney_PawnRenderNodeWorker_Swaddle_ShouldListOnGraph.cs","16","FieldOrLocalAssignment","target","AccessTools.Method(swaddleType, ""GraphicFor"", new[] { typeof(Pawn) })","var target = AccessTools.Method(swaddleType, ""GraphicFor"", new[] { typeof(Pawn) });"
"1.6\Source\WRace\OtherFunction\Harmoney_PawnRenderNodeWorker_Swaddle_ShouldListOnGraph.cs","19","FieldOrLocalAssignment","prefix","AccessTools.Method(typeof(Patch_AlienPawnRenderNode_Swaddle_GraphicFor), nameof(Prefix))","var prefix = AccessTools.Method(typeof(Patch_AlienPawnRenderNode_Swaddle_GraphicFor), nameof(Prefix));"
"1.6\Source\WRace\OtherFunction\Harmoney_PawnRenderNodeWorker_Swaddle_ShouldListOnGraph.cs","29","ConstAssignment","path","""MooGirl/Bodies/SwaddledBaby/Swaddled_Child""","const string path = ""MooGirl/Bodies/SwaddledBaby/Swaddled_Child"";"
"1.6\Source\WRace\OtherFunction\Harmoney_SetForbidden.cs","22","FieldOrLocalAssignment","thingWithComps","t as ThingWithComps","ThingWithComps thingWithComps = t as ThingWithComps;"
"1.6\Source\WRace\OtherFunction\Harmoney_SetForbidden.cs","27","FieldOrLocalAssignment","comp","thingWithComps.GetComp<CompForbiddable>()","CompForbiddable comp = thingWithComps.GetComp<CompForbiddable>();"
"1.6\Source\WRace\OtherFunction\Harmony_Apparel_DrawColor.cs","18","FieldOrLocalAssignment","color","__instance.def.graphicData?.color ?? Color.white","Color color = __instance.def.graphicData?.color ?? Color.white;"
"1.6\Source\WRace\OtherFunction\Harmony_Apparel_DrawColor.cs","24","FieldOrLocalAssignment","wearer","__instance.Wearer","Pawn wearer = __instance.Wearer;"
"1.6\Source\WRace\OtherFunction\Harmony_GhoulRenderingRefresh.cs","48","FieldOrLocalAssignment","pawn","hediff?.pawn","Pawn pawn = hediff?.pawn;"
"1.6\Source\WRace\OtherFunction\Harmony_GhoulRenderingRefresh.cs","49","NumericLiteral","","300","if (!MountedPawnUtility.IsMooGirl(pawn) || hediff.ageTicks > 300 || !pawn.IsHashIntervalTick(30))"
"1.6\Source\WRace\OtherFunction\Harmony_GhoulRenderingRefresh.cs","49","NumericLiteral","","30","if (!MountedPawnUtility.IsMooGirl(pawn) || hediff.ageTicks > 300 || !pawn.IsHashIntervalTick(30))"
"1.6\Source\WRace\OtherFunction\Harmony_MooGirlGrazeChain.cs","12","ConstAssignment","FullFoodTolerance","0.02f","private const float FullFoodTolerance = 0.02f;"
"1.6\Source\WRace\OtherFunction\Harmony_MooGirlGrazeChain.cs","12","NumericLiteral","","0.02f","private const float FullFoodTolerance = 0.02f;"
"1.6\Source\WRace\OtherFunction\Harmony_MooGirlGrazeChain.cs","26","FieldOrLocalAssignment","ingestDriver","__instance as JobDriver_Ingest","JobDriver_Ingest ingestDriver = __instance as JobDriver_Ingest;"
"1.6\Source\WRace\OtherFunction\Harmony_MooGirlGrazeChain.cs","32","FieldOrLocalAssignment","pawn","ingestDriver.pawn","Pawn pawn = ingestDriver.pawn;"
"1.6\Source\WRace\OtherFunction\Harmony_MooGirlGrazeChain.cs","33","FieldOrLocalAssignment","job","ingestDriver.job","Job job = ingestDriver.job;"
"1.6\Source\WRace\OtherFunction\Harmony_MooGirlGrazeChain.cs","39","FieldOrLocalAssignment","nextPlant","FindNextEdiblePlant(pawn)","Thing nextPlant = FindNextEdiblePlant(pawn);"
"1.6\Source\WRace\OtherFunction\Harmony_MooGirlGrazeChain.cs","45","FieldOrLocalAssignment","nextJob","JobMaker.MakeJob(JobDefOf.Ingest, nextPlant)","Job nextJob = JobMaker.MakeJob(JobDefOf.Ingest, nextPlant);"
"1.6\Source\WRace\OtherFunction\Harmony_MooGirlGrazeChain.cs","46","NumericLiteral","","1","nextJob.count = 1;"
"1.6\Source\WRace\OtherFunction\Harmony_MooGirlGrazeChain.cs","57","FieldOrLocalAssignment","food","pawn.needs?.food","Need_Food food = pawn.needs?.food;"
"1.6\Source\WRace\OtherFunction\Harmony_MooGirlGrazeChain.cs","68","FieldOrLocalAssignment","map","pawn.Map","Map map = pawn.Map;"
"1.6\Source\WRace\OtherFunction\Harmony_MooGirlGrazeChain.cs","74","FieldOrLocalAssignment","traverseParms","TraverseParms.For(pawn, DangerUtility.NormalMaxDanger(pawn))","TraverseParms traverseParms = TraverseParms.For(pawn, DangerUtility.NormalMaxDanger(pawn));"
"1.6\Source\WRace\OtherFunction\Harmony_MooGirlGrazeChain.cs","81","NumericLiteral","","9999f","9999f,"
"1.6\Source\WRace\OtherFunction\Harmony_MooGirlGrazeChain.cs","97","NumericLiteral","","1","if (!pawn.CanReserve(thing, 1, 1, null, ignoreOtherReservations: false))"
"1.6\Source\WRace\OtherFunction\Harmony_MooGirlGrazeChain.cs","97","NumericLiteral","","1","if (!pawn.CanReserve(thing, 1, 1, null, ignoreOtherReservations: false))"
"1.6\Source\WRace\OtherFunction\Harmony_MooGirlGrazeChain.cs","112","FieldOrLocalAssignment","plant","thing as Plant","Plant plant = thing as Plant;"
"1.6\Source\WRace\OtherFunction\InteractionWorker_Nuzzle.cs","20","FieldOrLocalAssignment","thought_Memory","(Thought_Memory)ThoughtMaker.MakeThought(MooGirl_DefOf.MooGirl_Nuzzled)","Thought_Memory thought_Memory = (Thought_Memory)ThoughtMaker.MakeThought(MooGirl_DefOf.MooGirl_Nuzzled);"
"1.6\Source\WRace\OtherFunction\JobDriver_Nuzzle.cs","24","FieldOrLocalAssignment","recipient","(Pawn)this.pawn.CurJob.targetA.Thing","Pawn recipient = (Pawn)this.pawn.CurJob.targetA.Thing;"
"1.6\Source\WRace\OtherFunction\JobGiver_Nuzzle.cs","12","NumericLiteral","","0f","if (NuzzleUtility.GetNuzzleMTBHours(pawn) <= 0f)"
"1.6\Source\WRace\OtherFunction\JobGiver_Nuzzle.cs","18","NumericLiteral","","40f","where !p.NonHumanlikeOrWildMan() && p != pawn && p.Position.InHorDistOf(pawn.Position, 40f) && pawn.GetRoom(RegionType.Set_All) == p.GetRoom(RegionType.Set_All) && !p.Position.IsForbidden(pawn) && p.CanCasuallyInteractNow(false, false, false, false)"
"1.6\Source\WRace\OtherFunction\JobGiver_Nuzzle.cs","23","FieldOrLocalAssignment","job","JobMaker.MakeJob(MooGirl_DefOf.Job_Nuzzle, t)","Job job = JobMaker.MakeJob(MooGirl_DefOf.Job_Nuzzle, t);"
"1.6\Source\WRace\OtherFunction\JobGiver_Nuzzle.cs","25","NumericLiteral","","3000","job.expiryInterval = 3000;"
"1.6\Source\WRace\OtherFunction\JobGiver_Nuzzle.cs","29","ConstAssignment","MaxNuzzleDistance","40f","private const float MaxNuzzleDistance = 40f;"
"1.6\Source\WRace\OtherFunction\JobGiver_Nuzzle.cs","29","NumericLiteral","","40f","private const float MaxNuzzleDistance = 40f;"
"1.6\Source\WRace\OtherFunction\ThoughtWorker_SingleshotWeaponAversion.cs","11","FieldOrLocalAssignment","weaponDef","p.equipment?.Primary?.def","var weaponDef = p.equipment?.Primary?.def;"
"1.6\Source\WRace\OtherFunction\ThoughtWorker_SingleshotWeaponAversion.cs","12","NumericLiteral","","1","return weaponDef?.Verbs?.Any(v => v.burstShotCount == 1) ?? false;"
"1.6\Source\WRace\Properties\AssemblyInfo.cs","13","NumericLiteral","","2023","[assembly: AssemblyCopyright(""Copyright ©  2023"")]"
"1.6\Source\WRace\Properties\AssemblyInfo.cs","23","NumericLiteral","","4989","[assembly: Guid(""cd131244-b1a2-4989-a4a4-7bd0b38810df"")]"
"1.6\Source\WRace\Properties\AssemblyInfo.cs","35","NumericLiteral","","1.0","[assembly: AssemblyVersion(""1.0.0.0"")]"
"1.6\Source\WRace\Properties\AssemblyInfo.cs","36","NumericLiteral","","1.0","[assembly: AssemblyFileVersion(""1.0.0.0"")]"
"1.6\Source\WRace\RopingAndRoped牵引系统的编程\Comp_RopeToBuild.cs","22","FieldOrLocalAssignment","ropee","GetRopeePawn(pawn)","var ropee = GetRopeePawn(pawn);"
"1.6\Source\WRace\RopingAndRoped牵引系统的编程\Comp_RopeToBuild.cs","25","TranslateKey","","MooGirl.RopeToHitch","yield return new FloatMenuOption(""MooGirl.RopeToHitch"".Translate(), () => StartRoping(pawn));"
"1.6\Source\WRace\RopingAndRoped牵引系统的编程\Comp_RopeToBuild.cs","29","TranslateKey","","MooGirl.NoValidToRope","yield return new FloatMenuOption(""MooGirl.NoValidToRope"".Translate(), null, MenuOptionPriority.DisabledOption);"
"1.6\Source\WRace\RopingAndRoped牵引系统的编程\Comp_RopeToBuild.cs","37","FieldOrLocalAssignment","ropee","GetRopeePawn(pawn)","var ropee = GetRopeePawn(pawn);"
"1.6\Source\WRace\RopingAndRoped牵引系统的编程\Comp_RopeToBuild.cs","41","FieldOrLocalAssignment","job","JobMaker.MakeJob(MooGirl_DefOf.RopeToBuild, this.parent)","Job job = JobMaker.MakeJob(MooGirl_DefOf.RopeToBuild, this.parent);"
"1.6\Source\WRace\RopingAndRoped牵引系统的编程\Comp_ShowRopedBy.cs","20","FieldOrLocalAssignment","Pawn","> this.parent as Pawn","public Pawn Pawn => this.parent as Pawn;"
"1.6\Source\WRace\RopingAndRoped牵引系统的编程\Comp_ShowRopedBy.cs","27","FieldOrLocalAssignment","roping","Pawn.roping","Pawn_RopeTracker roping = Pawn.roping;"
"1.6\Source\WRace\RopingAndRoped牵引系统的编程\Comp_ShowRopedBy.cs","33","TranslateKey","","MooGirl.RopedByPawn","return ""MooGirl.RopedByPawn"".Translate();"
"1.6\Source\WRace\RopingAndRoped牵引系统的编程\Comp_ShowRopedBy.cs","38","TranslateKey","","MooGirl.RopedToHitchingPost","return ""MooGirl.RopedToHitchingPost"".Translate();"
"1.6\Source\WRace\RopingAndRoped牵引系统的编程\Comp_ShowRopedBy.cs","43","TranslateKey","","MooGirl.RopedToSpot","return ""MooGirl.RopedToSpot"".Translate();"
"1.6\Source\WRace\RopingAndRoped牵引系统的编程\FloatMenuProvider_RopeMoo.cs","26","FieldOrLocalAssignment","pawn","context.FirstSelectedPawn","Pawn pawn = context.FirstSelectedPawn;"
"1.6\Source\WRace\RopingAndRoped牵引系统的编程\FloatMenuProvider_RopeMoo.cs","27","FieldOrLocalAssignment","target","clickedPawn","Pawn target = clickedPawn;"
"1.6\Source\WRace\RopingAndRoped牵引系统的编程\FloatMenuProvider_RopeMoo.cs","41","FieldOrLocalAssignment","currentRoper","target.roping?.RopedByPawn","Pawn currentRoper = target.roping?.RopedByPawn;"
"1.6\Source\WRace\RopingAndRoped牵引系统的编程\FloatMenuProvider_RopeMoo.cs","42","FieldOrLocalAssignment","isTargetFollowingRoper","target.CurJob?.def == MooGirl_DefOf.Job_FollowRoper","bool isTargetFollowingRoper = target.CurJob?.def == MooGirl_DefOf.Job_FollowRoper;"
"1.6\Source\WRace\RopingAndRoped牵引系统的编程\FloatMenuProvider_RopeMoo.cs","43","FieldOrLocalAssignment","isPawnFollowingRoper","pawn.CurJob?.def == MooGirl_DefOf.Job_FollowRoper","bool isPawnFollowingRoper = pawn.CurJob?.def == MooGirl_DefOf.Job_FollowRoper;"
"1.6\Source\WRace\RopingAndRoped牵引系统的编程\FloatMenuProvider_RopeMoo.cs","44","FieldOrLocalAssignment","isRopedToThing","target.roping?.IsRopedToSpot ?? false","bool isRopedToThing = target.roping?.IsRopedToSpot ?? false;"
"1.6\Source\WRace\RopingAndRoped牵引系统的编程\FloatMenuProvider_RopeMoo.cs","72","TranslateKey","","MooGirl.Rope.Target","label = ""MooGirl.Rope.Target"".Translate(target)"
"1.6\Source\WRace\RopingAndRoped牵引系统的编程\FloatMenuProvider_RopeMoo.cs","73","NumericLiteral","","100","+ "" (100% """
"1.6\Source\WRace\RopingAndRoped牵引系统的编程\FloatMenuProvider_RopeMoo.cs","74","TranslateKey","","MooGirl.Rope.SuccessChance","+ ""MooGirl.Rope.SuccessChance"".Translate() + "")"";"
"1.6\Source\WRace\RopingAndRoped牵引系统的编程\FloatMenuProvider_RopeMoo.cs","79","TranslateKey","","MooGirl.Rope.Target","label = ""MooGirl.Rope.Target"".Translate(target);"
"1.6\Source\WRace\RopingAndRoped牵引系统的编程\FloatMenuProvider_RopeMoo.cs","83","TranslateKey","","MooGirl.Rope.Target","label = ""MooGirl.Rope.Target"".Translate(target)"
"1.6\Source\WRace\RopingAndRoped牵引系统的编程\FloatMenuProvider_RopeMoo.cs","85","TranslateKey","","MooGirl.Rope.SuccessChance","+ ""MooGirl.Rope.SuccessChance"".Translate() + "")"";"
"1.6\Source\WRace\RopingAndRoped牵引系统的编程\FloatMenuProvider_RopeMoo.cs","89","NumericLiteral","","0f","new FloatMenuOption(label, action, MenuOptionPriority.High, null, target, 0f, null, null, true, 0),"
"1.6\Source\WRace\RopingAndRoped牵引系统的编程\FloatMenuProvider_RopeMoo.cs","89","NumericLiteral","","0","new FloatMenuOption(label, action, MenuOptionPriority.High, null, target, 0f, null, null, true, 0),"
"1.6\Source\WRace\RopingAndRoped牵引系统的编程\FloatMenuProvider_RopeMoo.cs","102","TranslateKey","","MooGirl.Unrope.Target","yield return new FloatMenuOption(""MooGirl.Unrope.Target"".Translate(target), () =>"
"1.6\Source\WRace\RopingAndRoped牵引系统的编程\FloatMenuProvider_RopeMoo.cs","126","FieldOrLocalAssignment","pawn","target.Thing as Pawn","Pawn pawn = target.Thing as Pawn;"
"1.6\Source\WRace\RopingAndRoped牵引系统的编程\Harmoney_Mod.cs","18","MessageOrLog","","","Log.Message(""Roped loaded"");"
"1.6\Source\WRace\RopingAndRoped牵引系统的编程\Harmony_Patch_RopingDraw.cs","26","FieldOrLocalAssignment","ropee","GetRopeePawn(pawn)","var ropee = GetRopeePawn(pawn);"
"1.6\Source\WRace\RopingAndRoped牵引系统的编程\Harmony_Patch_RopingDraw.cs","41","FieldOrLocalAssignment","ropee","GetRopeePawn(pawn)","var ropee = GetRopeePawn(pawn);"
"1.6\Source\WRace\RopingAndRoped牵引系统的编程\Harmony_Patch_RopingDraw.cs","45","FieldOrLocalAssignment","job","JobMaker.MakeJob(MooGirl_DefOf.RopeToBuild, this.parent)","Job job = JobMaker.MakeJob(MooGirl_DefOf.RopeToBuild, this.parent);"
"1.6\Source\WRace\RopingAndRoped牵引系统的编程\Harmony_Patch_RopingDraw.cs","62","FieldOrLocalAssignment","WallRopeHitch","> (Building)job.GetTarget(TargetIndex.A).Thing","protected Building WallRopeHitch => (Building)job.GetTarget(TargetIndex.A).Thing;"
"1.6\Source\WRace\RopingAndRoped牵引系统的编程\Harmony_Patch_RopingDraw.cs","63","FieldOrLocalAssignment","RopeePawn","> (Pawn)job.GetTarget(TargetIndex.B).Thing","protected Pawn RopeePawn => (Pawn)job.GetTarget(TargetIndex.B).Thing;"
"1.6\Source\WRace\RopingAndRoped牵引系统的编程\Harmony_Patch_RopingDraw.cs","67","NumericLiteral","","1","return pawn.Reserve(WallRopeHitch, job, 1, -1, null) &&"
"1.6\Source\WRace\RopingAndRoped牵引系统的编程\Harmony_Patch_RopingDraw.cs","67","NumericLiteral","","-1","return pawn.Reserve(WallRopeHitch, job, 1, -1, null) &&"
"1.6\Source\WRace\RopingAndRoped牵引系统的编程\Harmony_Patch_RopingDraw.cs","68","NumericLiteral","","1","pawn.Reserve(RopeePawn, job, 1, -1, null, errorOnFailed);"
"1.6\Source\WRace\RopingAndRoped牵引系统的编程\Harmony_Patch_RopingDraw.cs","68","NumericLiteral","","-1","pawn.Reserve(RopeePawn, job, 1, -1, null, errorOnFailed);"
"1.6\Source\WRace\RopingAndRoped牵引系统的编程\Harmony_Patch_RopingDraw.cs","73","FieldOrLocalAssignment","ropee","RopeePawn","Pawn ropee = RopeePawn;"
"1.6\Source\WRace\RopingAndRoped牵引系统的编程\Harmony_Patch_RopingDraw.cs","74","FieldOrLocalAssignment","hitch","WallRopeHitch","Building hitch = WallRopeHitch;"
"1.6\Source\WRace\RopingAndRoped牵引系统的编程\Harmony_Patch_RopingDraw.cs","91","FieldOrLocalAssignment","roper","ropee.roping?.RopedByPawn","Pawn roper = ropee.roping?.RopedByPawn;"
"1.6\Source\WRace\RopingAndRoped牵引系统的编程\Harmony_Patch_RopingDraw.cs","128","NumericLiteral","","60","yield return Toils_General.Wait(60);"
"1.6\Source\WRace\RopingAndRoped牵引系统的编程\Harmony_PawnDraftController.cs","16","FieldOrLocalAssignment","pawn","__instance.pawn","var pawn = __instance.pawn;"
"1.6\Source\WRace\RopingAndRoped牵引系统的编程\Harmony_PawnDraftController.cs","21","FieldOrLocalAssignment","gizmoList","new List<Gizmo>()","var gizmoList = new List<Gizmo>();"
"1.6\Source\WRace\RopingAndRoped牵引系统的编程\Harmony_PawnDraftController.cs","26","TranslateKey","","MooGirl.DraftDisabledWhileRoped","toggle.Disable(""MooGirl.DraftDisabledWhileRoped"".Translate());"
"1.6\Source\WRace\RopingAndRoped牵引系统的编程\Harmony_PreventEscape.cs","15","FieldOrLocalAssignment","roping","pawn.roping","Pawn_RopeTracker roping = pawn.roping;"
"1.6\Source\WRace\RopingAndRoped牵引系统的编程\Harmony_PreventEscape.cs","17","FieldOrLocalAssignment","isRoped","roping.IsRopedToSpot || RopeStateTracker.IsPendingRope(pawn)","bool isRoped = roping.IsRopedToSpot || RopeStateTracker.IsPendingRope(pawn);"
"1.6\Source\WRace\RopingAndRoped牵引系统的编程\Harmony_RopingDraw.cs","29","FieldOrLocalAssignment","pawn","(Pawn)fieldPawn.GetValue(__instance)","Pawn pawn = (Pawn)fieldPawn.GetValue(__instance);"
"1.6\Source\WRace\RopingAndRoped牵引系统的编程\Harmony_RopingDraw.cs","32","FieldOrLocalAssignment","ropeLineMat","(Material)fieldRopeLineMat.GetValue(null)","Material ropeLineMat = (Material)fieldRopeLineMat.GetValue(null);"
"1.6\Source\WRace\RopingAndRoped牵引系统的编程\Harmony_RopingDraw.cs","38","FieldOrLocalAssignment","ropeCell","pawn.roping.RopedTo.Cell","IntVec3 ropeCell = pawn.roping.RopedTo.Cell;"
"1.6\Source\WRace\RopingAndRoped牵引系统的编程\Harmony_RopingDraw.cs","41","FieldOrLocalAssignment","hitch","ropeCell.GetFirstThing(pawn.Map, MooGirl_DefOf.WallRopeHitch) as Building","Building hitch = ropeCell.GetFirstThing(pawn.Map, MooGirl_DefOf.WallRopeHitch) as Building;"
"1.6\Source\WRace\RopingAndRoped牵引系统的编程\Harmony_RopingDraw.cs","44","FieldOrLocalAssignment","targetWithOffset","hitch.Position.ToVector3Shifted()","Vector3 targetWithOffset = hitch.Position.ToVector3Shifted();"
"1.6\Source\WRace\RopingAndRoped牵引系统的编程\Harmony_RopingDraw.cs","49","NumericLiteral","","0","case 0: // North"
"1.6\Source\WRace\RopingAndRoped牵引系统的编程\Harmony_RopingDraw.cs","50","NumericLiteral","","0f","targetWithOffset += new Vector3(0f, 0f, -0.4f);"
"1.6\Source\WRace\RopingAndRoped牵引系统的编程\Harmony_RopingDraw.cs","50","NumericLiteral","","0f","targetWithOffset += new Vector3(0f, 0f, -0.4f);"
"1.6\Source\WRace\RopingAndRoped牵引系统的编程\Harmony_RopingDraw.cs","50","NumericLiteral","","-0.4f","targetWithOffset += new Vector3(0f, 0f, -0.4f);"
"1.6\Source\WRace\RopingAndRoped牵引系统的编程\Harmony_RopingDraw.cs","52","NumericLiteral","","1","case 1: // East"
"1.6\Source\WRace\RopingAndRoped牵引系统的编程\Harmony_RopingDraw.cs","53","NumericLiteral","","-0.5f","targetWithOffset += new Vector3(-0.5f, 0f, 0f);"
"1.6\Source\WRace\RopingAndRoped牵引系统的编程\Harmony_RopingDraw.cs","53","NumericLiteral","","0f","targetWithOffset += new Vector3(-0.5f, 0f, 0f);"
"1.6\Source\WRace\RopingAndRoped牵引系统的编程\Harmony_RopingDraw.cs","53","NumericLiteral","","0f","targetWithOffset += new Vector3(-0.5f, 0f, 0f);"
"1.6\Source\WRace\RopingAndRoped牵引系统的编程\Harmony_RopingDraw.cs","55","NumericLiteral","","2","case 2: // South"
"1.6\Source\WRace\RopingAndRoped牵引系统的编程\Harmony_RopingDraw.cs","56","NumericLiteral","","0f","targetWithOffset += new Vector3(0f, 0f, 0.5f);"
"1.6\Source\WRace\RopingAndRoped牵引系统的编程\Harmony_RopingDraw.cs","56","NumericLiteral","","0f","targetWithOffset += new Vector3(0f, 0f, 0.5f);"
"1.6\Source\WRace\RopingAndRoped牵引系统的编程\Harmony_RopingDraw.cs","56","NumericLiteral","","0.5f","targetWithOffset += new Vector3(0f, 0f, 0.5f);"
"1.6\Source\WRace\RopingAndRoped牵引系统的编程\Harmony_RopingDraw.cs","58","NumericLiteral","","3","case 3: // West"
"1.6\Source\WRace\RopingAndRoped牵引系统的编程\Harmony_RopingDraw.cs","59","NumericLiteral","","0.4f","targetWithOffset += new Vector3(0.4f, 0f, 0f);"
"1.6\Source\WRace\RopingAndRoped牵引系统的编程\Harmony_RopingDraw.cs","59","NumericLiteral","","0f","targetWithOffset += new Vector3(0.4f, 0f, 0f);"
"1.6\Source\WRace\RopingAndRoped牵引系统的编程\Harmony_RopingDraw.cs","59","NumericLiteral","","0f","targetWithOffset += new Vector3(0.4f, 0f, 0f);"
"1.6\Source\WRace\RopingAndRoped牵引系统的编程\Harmony_RopingDraw.cs","68","NumericLiteral","","0.2f","0.2f);"
"1.6\Source\WRace\RopingAndRoped牵引系统的编程\Harmony_RopingTick.cs","15","FieldOrLocalAssignment","pawnField","AccessTools.Field(typeof(Pawn_RopeTracker), ""pawn"")","private static readonly FieldInfo pawnField = AccessTools.Field(typeof(Pawn_RopeTracker), ""pawn"");"
"1.6\Source\WRace\RopingAndRoped牵引系统的编程\Harmony_RopingTick.cs","20","FieldOrLocalAssignment","pawn","(Pawn)pawnField.GetValue(tracker)","var pawn = (Pawn)pawnField.GetValue(tracker);"
"1.6\Source\WRace\RopingAndRoped牵引系统的编程\Harmony_RopingTick.cs","23","FieldOrLocalAssignment","ropees","tracker.Ropees","var ropees = tracker.Ropees;"
"1.6\Source\WRace\RopingAndRoped牵引系统的编程\Harmony_RopingTick.cs","26","NumericLiteral","","0","for (int i = 0; i < ropees.Count; i++)"
"1.6\Source\WRace\RopingAndRoped牵引系统的编程\Harmony_RopingTick.cs","41","FieldOrLocalAssignment","pawn","(Pawn)pawnField.GetValue(__instance)","var pawn = (Pawn)pawnField.GetValue(__instance);"
"1.6\Source\WRace\RopingAndRoped牵引系统的编程\Harmony_RopingTick.cs","45","FieldOrLocalAssignment","hasMooRopee","false","bool hasMooRopee = false;"
"1.6\Source\WRace\RopingAndRoped牵引系统的编程\Harmony_RopingTick.cs","46","FieldOrLocalAssignment","ropees","__instance.Ropees","var ropees = __instance.Ropees;"
"1.6\Source\WRace\RopingAndRoped牵引系统的编程\Harmony_RopingTick.cs","49","NumericLiteral","","0","for (int i = 0; i < ropees.Count; i++)"
"1.6\Source\WRace\RopingAndRoped牵引系统的编程\Harmony_RopingTick.cs","51","FieldOrLocalAssignment","r","ropees[i]","var r = ropees[i];"
"1.6\Source\WRace\RopingAndRoped牵引系统的编程\Harmony_RopingTick.cs","62","NumericLiteral","","10","if (Find.TickManager.TicksGame % 10 == 0)"
"1.6\Source\WRace\RopingAndRoped牵引系统的编程\Harmony_RopingTick.cs","62","NumericLiteral","","0","if (Find.TickManager.TicksGame % 10 == 0)"
"1.6\Source\WRace\RopingAndRoped牵引系统的编程\Harmony_RopingTick.cs","78","FieldOrLocalAssignment","targetPawn","follower.CurJob.targetA.Thing as Pawn","Pawn targetPawn = follower.CurJob.targetA.Thing as Pawn;"
"1.6\Source\WRace\RopingAndRoped牵引系统的编程\Harmony_RopingTick.cs","93","NumericLiteral","","30","if (Find.TickManager.TicksGame % 30 == 0)"
"1.6\Source\WRace\RopingAndRoped牵引系统的编程\Harmony_RopingTick.cs","93","NumericLiteral","","0","if (Find.TickManager.TicksGame % 30 == 0)"
"1.6\Source\WRace\RopingAndRoped牵引系统的编程\JobDriver_FollowRoper.cs","19","FieldOrLocalAssignment","toil","ToilMaker.MakeToil(""MakeNewToils"")","Toil toil = ToilMaker.MakeToil(""MakeNewToils"");"
"1.6\Source\WRace\RopingAndRoped牵引系统的编程\JobDriver_FollowRoper.cs","22","FieldOrLocalAssignment","pawn","this.job.GetTarget(TargetIndex.A).Thing as Pawn","Pawn pawn = this.job.GetTarget(TargetIndex.A).Thing as Pawn;"
"1.6\Source\WRace\RopingAndRoped牵引系统的编程\JobDriver_FollowRoper.cs","23","FieldOrLocalAssignment","traverseParms","TraverseParms.For(this.pawn, Danger.Deadly, TraverseMode.ByPawn, canBashDoors: false)","TraverseParms traverseParms = TraverseParms.For(this.pawn, Danger.Deadly, TraverseMode.ByPawn, canBashDoors: false); // 允许开门"
"1.6\Source\WRace\RopingAndRoped牵引系统的编程\JobDriver_FollowRoper.cs","31","FieldOrLocalAssignment","intVec","IntVec3.Invalid","IntVec3 intVec = IntVec3.Invalid;"
"1.6\Source\WRace\RopingAndRoped牵引系统的编程\JobDriver_FollowRoper.cs","50","FieldOrLocalAssignment","localTargetInfo","new LocalTargetInfo(roper)","LocalTargetInfo localTargetInfo = new LocalTargetInfo(roper);"
"1.6\Source\WRace\RopingAndRoped牵引系统的编程\JobDriver_FollowRoper.cs","51","FieldOrLocalAssignment","peMode","PathEndMode.Touch","PathEndMode peMode = PathEndMode.Touch;"
"1.6\Source\WRace\RopingAndRoped牵引系统的编程\JobDriver_FollowRoper.cs","52","NumericLiteral","","7.2f","if (roper.Position.InHorDistOf(this.pawn.Position, 7.2f) && roper.pather.Moving && roper.pather.curPath != null)"
"1.6\Source\WRace\RopingAndRoped牵引系统的编程\JobDriver_FollowRoper.cs","54","FieldOrLocalAssignment","marchingPos","Mathf.Abs(roper.roping.Ropees.IndexOf(this.pawn))","int marchingPos = Mathf.Abs(roper.roping.Ropees.IndexOf(this.pawn));"
"1.6\Source\WRace\RopingAndRoped牵引系统的编程\JobDriver_FollowRoper.cs","55","FieldOrLocalAssignment","c","this.MarchingOrder(roper, marchingPos)","IntVec3 c = this.MarchingOrder(roper, marchingPos);"
"1.6\Source\WRace\RopingAndRoped牵引系统的编程\JobDriver_FollowRoper.cs","70","FieldOrLocalAssignment","curPath","roper.pather.curPath","PawnPath curPath = roper.pather.curPath;"
"1.6\Source\WRace\RopingAndRoped牵引系统的编程\JobDriver_FollowRoper.cs","71","NumericLiteral","","0","if (curPath.NodesLeftCount <= 0)"
"1.6\Source\WRace\RopingAndRoped牵引系统的编程\JobDriver_FollowRoper.cs","75","FieldOrLocalAssignment","map","this.pawn.Map","Map map = this.pawn.Map;"
"1.6\Source\WRace\RopingAndRoped牵引系统的编程\JobDriver_FollowRoper.cs","76","FieldOrLocalAssignment","num","-2 - marchingPos % 4","int num = -2 - marchingPos % 4;"
"1.6\Source\WRace\RopingAndRoped牵引系统的编程\JobDriver_FollowRoper.cs","76","NumericLiteral","","-2","int num = -2 - marchingPos % 4;"
"1.6\Source\WRace\RopingAndRoped牵引系统的编程\JobDriver_FollowRoper.cs","76","NumericLiteral","","4","int num = -2 - marchingPos % 4;"
"1.6\Source\WRace\RopingAndRoped牵引系统的编程\JobDriver_FollowRoper.cs","78","FieldOrLocalAssignment","intVec","curPath.Peek(num)","IntVec3 intVec = curPath.Peek(num);"
"1.6\Source\WRace\RopingAndRoped牵引系统的编程\JobDriver_FollowRoper.cs","79","FieldOrLocalAssignment","num2","Mathf.Abs(this.pawn.HashOffset()) % 3","int num2 = Mathf.Abs(this.pawn.HashOffset()) % 3;"
"1.6\Source\WRace\RopingAndRoped牵引系统的编程\JobDriver_FollowRoper.cs","79","NumericLiteral","","3","int num2 = Mathf.Abs(this.pawn.HashOffset()) % 3;"
"1.6\Source\WRace\RopingAndRoped牵引系统的编程\JobDriver_FollowRoper.cs","80","NumericLiteral","","1","if (num + 1 < curPath.NodesLeftCount && num2 != 0)"
"1.6\Source\WRace\RopingAndRoped牵引系统的编程\JobDriver_FollowRoper.cs","80","NumericLiteral","","0","if (num + 1 < curPath.NodesLeftCount && num2 != 0)"
"1.6\Source\WRace\RopingAndRoped牵引系统的编程\JobDriver_FollowRoper.cs","82","FieldOrLocalAssignment","orig","curPath.Peek(num + 1) - intVec","IntVec3 orig = curPath.Peek(num + 1) - intVec;"
"1.6\Source\WRace\RopingAndRoped牵引系统的编程\JobDriver_FollowRoper.cs","82","NumericLiteral","","1","IntVec3 orig = curPath.Peek(num + 1) - intVec;"
"1.6\Source\WRace\RopingAndRoped牵引系统的编程\JobDriver_FollowRoper.cs","83","FieldOrLocalAssignment","intVec2","(num2 == 1) ? (intVec + orig.RotatedBy(Rot4.East)) : (intVec + orig.RotatedBy(Rot4.West))","IntVec3 intVec2 = (num2 == 1) ? (intVec + orig.RotatedBy(Rot4.East)) : (intVec + orig.RotatedBy(Rot4.West));"
"1.6\Source\WRace\RopingAndRoped牵引系统的编程\JobDriver_FollowRoper.cs","83","NumericLiteral","","1","IntVec3 intVec2 = (num2 == 1) ? (intVec + orig.RotatedBy(Rot4.East)) : (intVec + orig.RotatedBy(Rot4.West));"
"1.6\Source\WRace\RopingAndRoped牵引系统的编程\JobDriver_FollowRoper.cs","105","ConstAssignment","RoperInd","TargetIndex.A","private const TargetIndex RoperInd = TargetIndex.A;"
"1.6\Source\WRace\RopingAndRoped牵引系统的编程\JobDriver_RemoveRopeMoo.cs","9","FieldOrLocalAssignment","Target","> (Pawn)this.job.GetTarget(TargetIndex.A).Thing","private Pawn Target => (Pawn)this.job.GetTarget(TargetIndex.A).Thing;"
"1.6\Source\WRace\RopingAndRoped牵引系统的编程\JobDriver_RemoveRopeMoo.cs","13","NumericLiteral","","1","return this.pawn.Reserve(this.Target, this.job, 1, -1, null, errorOnFailed, false);"
"1.6\Source\WRace\RopingAndRoped牵引系统的编程\JobDriver_RemoveRopeMoo.cs","13","NumericLiteral","","-1","return this.pawn.Reserve(this.Target, this.job, 1, -1, null, errorOnFailed, false);"
"1.6\Source\WRace\RopingAndRoped牵引系统的编程\JobDriver_RemoveRopeMoo.cs","22","NumericLiteral","","50","yield return Toils_General.Wait(50)"
"1.6\Source\WRace\RopingAndRoped牵引系统的编程\JobDriver_RemoveRopeMoo.cs","29","FieldOrLocalAssignment","roper","Target.roping?.RopedByPawn","Pawn roper = Target.roping?.RopedByPawn;"
"1.6\Source\WRace\RopingAndRoped牵引系统的编程\JobDriver_RopeMoo.cs","10","FieldOrLocalAssignment","Target","> (Pawn)this.job.GetTarget(TargetIndex.A).Thing","private Pawn Target => (Pawn)this.job.GetTarget(TargetIndex.A).Thing;"
"1.6\Source\WRace\RopingAndRoped牵引系统的编程\JobDriver_RopeMoo.cs","14","NumericLiteral","","1","return this.pawn.Reserve(this.Target, this.job, 1, -1, null, errorOnFailed, false);"
"1.6\Source\WRace\RopingAndRoped牵引系统的编程\JobDriver_RopeMoo.cs","14","NumericLiteral","","-1","return this.pawn.Reserve(this.Target, this.job, 1, -1, null, errorOnFailed, false);"
"1.6\Source\WRace\RopingAndRoped牵引系统的编程\JobDriver_RopeMoo.cs","19","NumericLiteral","","1","yield return Toils_Reserve.Reserve(TargetIndex.A, 1, -1, null, false);"
"1.6\Source\WRace\RopingAndRoped牵引系统的编程\JobDriver_RopeMoo.cs","19","NumericLiteral","","-1","yield return Toils_Reserve.Reserve(TargetIndex.A, 1, -1, null, false);"
"1.6\Source\WRace\RopingAndRoped牵引系统的编程\JobDriver_RopeMoo.cs","25","ConstAssignment","PawnInd","TargetIndex.A","private const TargetIndex PawnInd = TargetIndex.A;"
"1.6\Source\WRace\RopingAndRoped牵引系统的编程\JobDriver_RopeMoo.cs","32","FieldOrLocalAssignment","toil","ToilMaker.MakeToil(""RopePawn"")","Toil toil = ToilMaker.MakeToil(""RopePawn"");"
"1.6\Source\WRace\RopingAndRoped牵引系统的编程\JobDriver_RopeMoo.cs","36","FieldOrLocalAssignment","actor","toil.actor","Pawn actor = toil.actor;"
"1.6\Source\WRace\RopingAndRoped牵引系统的编程\JobDriver_RopeMoo.cs","37","FieldOrLocalAssignment","pawn","actor.jobs.curJob.GetTarget(ropeeInd).Thing as Pawn","Pawn pawn = actor.jobs.curJob.GetTarget(ropeeInd).Thing as Pawn;"
"1.6\Source\WRace\RopingAndRoped牵引系统的编程\JobDriver_RopeMoo.cs","41","FieldOrLocalAssignment","isColonist","pawn.IsColonistPlayerControlled","bool isColonist = pawn.IsColonistPlayerControlled;"
"1.6\Source\WRace\RopingAndRoped牵引系统的编程\JobDriver_RopeMoo.cs","42","FieldOrLocalAssignment","isSlaveOrPrisoner","pawn.IsSlave || pawn.IsPrisonerOfColony","bool isSlaveOrPrisoner = pawn.IsSlave || pawn.IsPrisonerOfColony;"
"1.6\Source\WRace\RopingAndRoped牵引系统的编程\JobDriver_RopeMoo.cs","62","FieldOrLocalAssignment","caller","pawn.caller","Pawn_CallTracker caller = pawn.caller;"
"1.6\Source\WRace\RopingAndRoped牵引系统的编程\JobDriver_RopeMoo.cs","68","NumericLiteral","","30","PawnUtility.ForceWait(pawn, 30, actor, false, false);"
"1.6\Source\WRace\RopingAndRoped牵引系统的编程\JobDriver_RopeMoo.cs","73","NumericLiteral","","30","toil.defaultDuration = 30;"
"1.6\Source\WRace\RopingAndRoped牵引系统的编程\JobDriver_RopeMoo.cs","75","NumericLiteral","","1f","toil.PlaySustainerOrSound(() => SoundDefOf.Roping, 1f);"
"1.6\Source\WRace\RopingAndRoped牵引系统的编程\JobDriver_RopeMoo.cs","91","FieldOrLocalAssignment","acceptChance","ropee.GetAcceptArrestChance(roper)","float acceptChance = ropee.GetAcceptArrestChance(roper); // 可复用原版公式"
"1.6\Source\WRace\RopingAndRoped牵引系统的编程\JobDriver_RopeMoo.cs","94","FieldOrLocalAssignment","homeFaction","ropee.HomeFaction","Faction homeFaction = ropee.HomeFaction;"
"1.6\Source\WRace\RopingAndRoped牵引系统的编程\JobDriver_RopeMoo.cs","101","FieldOrLocalAssignment","comps","ropee.AllComps","List<ThingComp> comps = ropee.AllComps;"
"1.6\Source\WRace\RopingAndRoped牵引系统的编程\JobDriver_RopeMoo.cs","114","TranslateKey","","MessageRefusedRope","Messages.Message(""MessageRefusedRope"".Translate(ropee.LabelShort, ropee), ropee, MessageTypeDefOf.ThreatSmall, true);"
"1.6\Source\WRace\RopingAndRoped牵引系统的编程\JobDriver_RopeMoo.cs","114","MessageOrLog","","","Messages.Message(""MessageRefusedRope"".Translate(ropee.LabelShort, ropee), ropee, MessageTypeDefOf.ThreatSmall, true);"
"1.6\Source\WRace\RopingAndRoped牵引系统的编程\JobDriver_RopeMoo.cs","125","TranslateKey","","RopeRejected","""RopeRejected"".Translate(),"
"1.6\Source\WRace\RopingAndRoped牵引系统的编程\JobDriver_RopeMoo.cs","130","FieldOrLocalAssignment","fightJob","JobMaker.MakeJob(JobDefOf.AttackMelee, roper)","Job fightJob = JobMaker.MakeJob(JobDefOf.AttackMelee, roper);"
"1.6\Source\WRace\RopingAndRoped牵引系统的编程\JobDriver_RopeToWallRopeHitch.cs","10","FieldOrLocalAssignment","WallRopeHitch","> (Building)job.GetTarget(TargetIndex.A).Thing","protected Building WallRopeHitch => (Building)job.GetTarget(TargetIndex.A).Thing;"
"1.6\Source\WRace\RopingAndRoped牵引系统的编程\JobDriver_RopeToWallRopeHitch.cs","11","FieldOrLocalAssignment","RopeePawn","> (Pawn)job.GetTarget(TargetIndex.B).Thing","protected Pawn RopeePawn => (Pawn)job.GetTarget(TargetIndex.B).Thing;"
"1.6\Source\WRace\RopingAndRoped牵引系统的编程\JobDriver_RopeToWallRopeHitch.cs","15","NumericLiteral","","1","return pawn.Reserve(WallRopeHitch, job, 1, -1, null) &&"
"1.6\Source\WRace\RopingAndRoped牵引系统的编程\JobDriver_RopeToWallRopeHitch.cs","15","NumericLiteral","","-1","return pawn.Reserve(WallRopeHitch, job, 1, -1, null) &&"
"1.6\Source\WRace\RopingAndRoped牵引系统的编程\JobDriver_RopeToWallRopeHitch.cs","16","NumericLiteral","","1","pawn.Reserve(RopeePawn, job, 1, -1, null, errorOnFailed);"
"1.6\Source\WRace\RopingAndRoped牵引系统的编程\JobDriver_RopeToWallRopeHitch.cs","16","NumericLiteral","","-1","pawn.Reserve(RopeePawn, job, 1, -1, null, errorOnFailed);"
"1.6\Source\WRace\RopingAndRoped牵引系统的编程\JobDriver_RopeToWallRopeHitch.cs","21","FieldOrLocalAssignment","ropee","RopeePawn","Pawn ropee = RopeePawn;"
"1.6\Source\WRace\RopingAndRoped牵引系统的编程\JobDriver_RopeToWallRopeHitch.cs","22","FieldOrLocalAssignment","hitch","WallRopeHitch","Building hitch = WallRopeHitch;"
"1.6\Source\WRace\RopingAndRoped牵引系统的编程\JobDriver_RopeToWallRopeHitch.cs","42","FieldOrLocalAssignment","roper","ropee.roping?.RopedByPawn","Pawn roper = ropee.roping?.RopedByPawn;"
"1.6\Source\WRace\RopingAndRoped牵引系统的编程\JobDriver_RopeToWallRopeHitch.cs","83","NumericLiteral","","60","yield return Toils_General.Wait(60);"
"1.6\Source\WRace\RopingAndRoped牵引系统的编程\JobGiver_FollowRoper.cs","17","FieldOrLocalAssignment","roping","pawn.roping","Pawn_RopeTracker roping = pawn.roping;"
"1.6\Source\WRace\RopingAndRoped牵引系统的编程\JobGiver_FollowRoper.cs","23","FieldOrLocalAssignment","roper","roping.RopedByPawn","Pawn roper = roping.RopedByPawn;"
"1.6\Source\WRace\RopingAndRoped牵引系统的编程\JobGiver_WanderRoped.cs","10","NumericLiteral","","4f","this.wanderRadius = 4f;"
"1.6\Source\WRace\RopingAndRoped牵引系统的编程\JobGiver_WanderRoped.cs","11","NumericLiteral","","500","this.ticksBetweenWandersRange = new IntRange(500, 800);"
"1.6\Source\WRace\RopingAndRoped牵引系统的编程\JobGiver_WanderRoped.cs","11","NumericLiteral","","800","this.ticksBetweenWandersRange = new IntRange(500, 800);"
"1.6\Source\WRace\RopingAndRoped牵引系统的编程\RopeStateTracker.cs","8","FieldOrLocalAssignment","PendingRope","new HashSet<Pawn>()","public static HashSet<Pawn> PendingRope = new HashSet<Pawn>();"
"1.6\Source\WRace\RopingAndRoped牵引系统的编程\ThinkNode_ConditionalRoped.cs","11","FieldOrLocalAssignment","roping","pawn.roping","Pawn_RopeTracker roping = pawn.roping;"
"1.6\Source\WRace\RopingAndRoped牵引系统的编程\ThoughtWorker_Roped.cs","18","NumericLiteral","","0","return ThoughtState.ActiveAtStage(0);"
"1.6\Source\WRace\RopingAndRoped牵引系统的编程\ThoughtWorker_Roper.cs","17","FieldOrLocalAssignment","followCount","0","int followCount = 0; // 初始化跟随者计数器"
"1.6\Source\WRace\RopingAndRoped牵引系统的编程\ThoughtWorker_Roper.cs","17","NumericLiteral","","0","int followCount = 0; // 初始化跟随者计数器"
"1.6\Source\WRace\RopingAndRoped牵引系统的编程\ThoughtWorker_Roper.cs","24","FieldOrLocalAssignment","job","follower.CurJob","var job = follower.CurJob; // 获取当前pawn的工作"
"1.6\Source\WRace\RopingAndRoped牵引系统的编程\ThoughtWorker_Roper.cs","30","NumericLiteral","","2","if (followCount >= 2) break; // 已有2个跟随者时提前终止循环"
"1.6\Source\WRace\RopingAndRoped牵引系统的编程\ThoughtWorker_Roper.cs","34","NumericLiteral","","0","if (followCount == 0)"
"1.6\Source\WRace\RopingAndRoped牵引系统的编程\ThoughtWorker_Roper.cs","37","NumericLiteral","","1","return ThoughtState.ActiveAtStage(followCount == 1 ? 0 : 1);"
"1.6\Source\WRace\RopingAndRoped牵引系统的编程\ThoughtWorker_Roper.cs","37","NumericLiteral","","0","return ThoughtState.ActiveAtStage(followCount == 1 ? 0 : 1);"
"1.6\Source\WRace\RopingAndRoped牵引系统的编程\ThoughtWorker_Roper.cs","37","NumericLiteral","","1","return ThoughtState.ActiveAtStage(followCount == 1 ? 0 : 1);"
"1.6\Source\WRace\Thought_Hediff.cs","17","FieldOrLocalAssignment","flag","!this.added","bool flag = !this.added;"
"1.6\Source\WRace\Thought_Hediff.cs","20","FieldOrLocalAssignment","flag2","!ThoughtUtility.ThoughtNullified(this.pawn, this.def)","bool flag2 = !ThoughtUtility.ThoughtNullified(this.pawn, this.def);"
"1.6\Source\WRace\Thought_Hediff.cs","23","FieldOrLocalAssignment","flag3","this.def.hediff != null","bool flag3 = this.def.hediff != null;"
"1.6\Source\WRace\Thought_Hediff.cs","28","FieldOrLocalAssignment","flag4","this.def.HasModExtension<Thought_Hediff_Extension>()","bool flag4 = this.def.HasModExtension<Thought_Hediff_Extension>();"
"1.6\Source\WRace\Thought_Hediff.cs","31","FieldOrLocalAssignment","modExtension","this.def.GetModExtension<Thought_Hediff_Extension>()","Thought_Hediff_Extension modExtension = this.def.GetModExtension<Thought_Hediff_Extension>();"
"1.6\Source\WRace\Thought_Hediff.cs","32","FieldOrLocalAssignment","flag5","modExtension.hediffToAffect != null","bool flag5 = modExtension.hediffToAffect != null;"
"1.6\Source\WRace\Thought_Hediff.cs","35","FieldOrLocalAssignment","part","this.pawn.RaceProps.body.GetPartsWithDef(modExtension.partToAffect).FirstOrDefault<BodyPartRecord>()","BodyPartRecord part = this.pawn.RaceProps.body.GetPartsWithDef(modExtension.partToAffect).FirstOrDefault<BodyPartRecord>();"
"1.6\Source\WRace\Thought_Hediff.cs","39","FieldOrLocalAssignment","flag6","modExtension.secondHediffToAffect != null","bool flag6 = modExtension.secondHediffToAffect != null;"
"1.6\Source\WRace\Thought_Hediff.cs","42","FieldOrLocalAssignment","part2","this.pawn.RaceProps.body.GetPartsWithDef(modExtension.secondPartToAffect).FirstOrDefault<BodyPartRecord>()","BodyPartRecord part2 = this.pawn.RaceProps.body.GetPartsWithDef(modExtension.secondPartToAffect).FirstOrDefault<BodyPartRecord>();"
"1.6\Source\WRace\Thought_Hediff.cs","46","FieldOrLocalAssignment","increaseJoy","modExtension.increaseJoy","bool increaseJoy = modExtension.increaseJoy;"
"1.6\Source\WRace\Thought_Hediff.cs","58","FieldOrLocalAssignment","added","false","public bool added = false;"
"1.6\Source\WRace\Thought_Hediff.cs","62","FieldOrLocalAssignment","hediffToAffect","null","public HediffDef hediffToAffect = null;"
"1.6\Source\WRace\Thought_Hediff.cs","64","FieldOrLocalAssignment","partToAffect","null","public BodyPartDef partToAffect = null;"
"1.6\Source\WRace\Thought_Hediff.cs","66","FieldOrLocalAssignment","percentage","1f","public float percentage = 1f;"
"1.6\Source\WRace\Thought_Hediff.cs","66","NumericLiteral","","1f","public float percentage = 1f;"
"1.6\Source\WRace\Thought_Hediff.cs","68","FieldOrLocalAssignment","secondHediffToAffect","null","public HediffDef secondHediffToAffect = null;"
"1.6\Source\WRace\Thought_Hediff.cs","70","FieldOrLocalAssignment","secondPartToAffect","null","public BodyPartDef secondPartToAffect = null;"
"1.6\Source\WRace\Thought_Hediff.cs","72","FieldOrLocalAssignment","secondPercentage","1f","public float secondPercentage = 1f;"
"1.6\Source\WRace\Thought_Hediff.cs","72","NumericLiteral","","1f","public float secondPercentage = 1f;"
"1.6\Source\WRace\Thought_Hediff.cs","74","FieldOrLocalAssignment","increaseJoy","false","public bool increaseJoy = false;"
"1.6\Source\WRace\Thought_Hediff.cs","76","FieldOrLocalAssignment","extraJoy","0f","public float extraJoy = 0f;"
"1.6\Source\WRace\Thought_Hediff.cs","76","NumericLiteral","","0f","public float extraJoy = 0f;"
